1,1,2542.25,714.19,276.05,224.41,0.999318,-1,-1,-1
1,2,4032.85,2208.32,302.41,261.39,0.998922,-1,-1,-1
1,3,3226.90,694.73,287.10,247.08,0.998582,-1,-1,-1
1,4,2866.98,516.98,302.52,240.81,0.998545,-1,-1,-1
1,5,4567.70,2396.87,298.61,273.83,0.998466,-1,-1,-1
1,6,3555.03,2129.67,315.46,248.25,0.998407,-1,-1,-1
1,7,3645.86,629.10,287.17,247.96,0.998252,-1,-1,-1
1,8,2183.04,1870.26,309.73,223.44,0.998186,-1,-1,-1
1,9,1992.55,1547.34,292.53,224.64,0.997890,-1,-1,-1
1,10,2964.38,2217.91,297.34,234.19,0.997823,-1,-1,-1
1,11,2406.46,1527.21,295.79,248.45,0.997598,-1,-1,-1
1,12,2575.98,1135.04,317.33,250.65,0.997541,-1,-1,-1
1,13,2823.98,2545.66,309.02,224.14,0.997526,-1,-1,-1
1,14,4270.14,1584.60,327.06,256.56,0.996763,-1,-1,-1
1,15,3113.51,2766.13,317.20,227.00,0.996734,-1,-1,-1
1,16,2674.98,1873.64,306.49,256.83,0.996696,-1,-1,-1
1,17,3464.45,1616.30,323.35,260.21,0.996559,-1,-1,-1
1,18,4149.13,2671.46,282.58,255.10,0.996529,-1,-1,-1
1,19,2986.61,3104.26,316.96,220.19,0.996475,-1,-1,-1
1,20,3095.19,1794.79,316.67,249.26,0.996449,-1,-1,-1
1,21,4365.90,1946.63,271.46,259.66,0.996163,-1,-1,-1
1,22,4533.96,2876.42,305.62,296.99,0.995756,-1,-1,-1
1,23,2161.73,2769.02,292.08,220.50,0.995705,-1,-1,-1
1,24,4018.68,724.12,311.51,261.02,0.995674,-1,-1,-1
1,25,3720.10,2651.79,298.32,274.36,0.995546,-1,-1,-1
1,26,3884.45,1741.33,281.07,263.45,0.995435,-1,-1,-1
1,27,1894.46,3062.67,321.17,194.39,0.994394,-1,-1,-1
1,28,1814.66,977.29,319.25,228.84,0.993998,-1,-1,-1
1,29,3714.26,1267.89,315.47,272.82,0.993787,-1,-1,-1
1,30,2271.16,471.72,291.70,196.77,0.993761,-1,-1,-1
1,31,2803.47,1485.88,326.96,240.70,0.992032,-1,-1,-1
1,32,3143.48,1297.55,316.90,257.76,0.991831,-1,-1,-1
1,33,1798.97,1883.30,257.33,218.83,0.991669,-1,-1,-1
1,34,1657.65,734.57,261.21,181.14,0.990645,-1,-1,-1
1,35,1398.52,1397.68,354.81,210.28,0.990035,-1,-1,-1
1,36,3367.69,2393.27,295.95,234.84,0.989828,-1,-1,-1
1,37,1417.74,212.50,203.04,188.44,0.986693,-1,-1,-1
1,38,2549.96,2794.11,303.98,236.91,0.985483,-1,-1,-1
1,39,1562.65,1614.50,332.45,198.09,0.983927,-1,-1,-1
1,40,1077.82,620.56,199.98,173.91,0.983762,-1,-1,-1
1,41,3461.19,2990.41,301.98,239.41,0.982783,-1,-1,-1
1,42,1932.94,2214.64,343.33,218.53,0.981323,-1,-1,-1
1,43,4131.07,1156.60,289.65,277.30,0.978081,-1,-1,-1
1,44,2355.93,3082.63,342.68,222.31,0.976789,-1,-1,-1
1,45,4022.64,3121.37,288.87,241.71,0.976746,-1,-1,-1
1,46,1483.39,3112.31,313.13,220.55,0.975634,-1,-1,-1
1,47,2167.45,1250.86,325.67,216.48,0.970428,-1,-1,-1
1,48,1231.03,2232.23,194.81,183.02,0.969758,-1,-1,-1
1,49,4499.04,737.28,256.29,258.67,0.969752,-1,-1,-1
1,50,1714.86,1263.58,319.87,218.32,0.967987,-1,-1,-1
1,51,3426.53,282.06,287.85,227.31,0.964304,-1,-1,-1
1,52,1448.88,999.56,276.58,176.75,0.942613,-1,-1,-1
1,53,2382.20,2116.59,333.57,214.10,0.939276,-1,-1,-1
1,54,1717.98,2811.83,319.94,200.76,0.923455,-1,-1,-1
1,55,2298.87,2460.82,298.11,211.48,0.895136,-1,-1,-1
1,56,4573.09,1196.77,302.57,277.50,0.892463,-1,-1,-1
1,57,1321.27,2796.74,321.51,192.26,0.881959,-1,-1,-1
1,58,1158.32,2603.52,304.49,179.04,0.879350,-1,-1,-1
1,59,1135.91,1991.84,226.01,181.74,0.852092,-1,-1,-1
1,60,2897.78,955.97,312.16,240.09,0.849508,-1,-1,-1
1,61,1757.21,3333.07,333.54,151.62,0.834711,-1,-1,-1
1,62,1070.45,1322.43,225.18,205.68,0.826405,-1,-1,-1
1,63,1113.83,1564.68,340.56,196.32,0.787966,-1,-1,-1
1,64,1349.41,1791.76,241.67,189.15,0.747492,-1,-1,-1
1,65,1555.87,455.82,324.05,197.26,0.743518,-1,-1,-1
1,66,1139.11,906.64,340.77,165.62,0.732194,-1,-1,-1
1,67,1313.60,251.10,108.58,125.77,0.708367,-1,-1,-1
1,68,961.55,2018.05,195.98,309.92,0.699905,-1,-1,-1
1,69,1484.25,2528.99,118.93,134.89,0.699537,-1,-1,-1
1,70,3438.30,1011.14,336.50,274.12,0.696015,-1,-1,-1
1,71,1873.44,2539.04,316.48,196.33,0.677755,-1,-1,-1
1,72,2009.19,644.25,314.05,207.26,0.661484,-1,-1,-1
1,73,974.97,1517.81,121.63,146.77,0.652640,-1,-1,-1
1,74,1036.95,3147.76,217.48,182.88,0.626475,-1,-1,-1
1,75,1557.92,487.60,115.48,128.25,0.619931,-1,-1,-1
1,76,1246.38,1194.53,363.00,173.90,0.615419,-1,-1,-1
1,77,1620.50,2280.66,202.14,168.28,0.611544,-1,-1,-1
1,78,1395.18,712.98,200.84,181.88,0.590236,-1,-1,-1
2,1,2543.79,714.98,273.09,221.96,0.999262,-1,-1,-1
2,2,4032.20,2207.26,303.64,262.44,0.998795,-1,-1,-1
2,3,3227.24,695.16,286.91,246.91,0.998707,-1,-1,-1
2,4,2865.68,515.87,303.58,241.72,0.998698,-1,-1,-1
2,5,4567.07,2397.36,298.80,274.04,0.998631,-1,-1,-1
2,6,3554.61,2130.81,313.35,246.58,0.998648,-1,-1,-1
2,7,3645.10,629.14,288.23,248.90,0.998333,-1,-1,-1
2,8,2179.84,1867.50,313.62,226.35,0.998386,-1,-1,-1
2,9,1992.07,1547.98,291.65,223.96,0.997729,-1,-1,-1
2,10,2962.81,2217.86,298.08,234.84,0.998276,-1,-1,-1
2,11,2409.49,1535.01,287.72,241.51,0.997638,-1,-1,-1
2,12,2575.55,1134.47,318.53,251.59,0.997555,-1,-1,-1
2,13,2822.88,2545.02,311.16,225.73,0.997461,-1,-1,-1
2,14,4269.82,1585.94,327.99,257.29,0.997378,-1,-1,-1
2,15,3112.66,2768.50,315.74,225.98,0.995849,-1,-1,-1
2,16,2675.54,1874.30,304.64,255.24,0.996798,-1,-1,-1
2,17,3465.55,1618.97,320.98,258.24,0.995749,-1,-1,-1
2,18,4146.44,2670.86,285.04,257.36,0.993686,-1,-1,-1
2,19,2984.45,3103.91,318.52,221.24,0.994204,-1,-1,-1
2,20,3093.47,1793.92,317.39,249.87,0.997030,-1,-1,-1
2,21,4365.26,1945.16,273.59,261.72,0.996635,-1,-1,-1
2,22,4530.04,2872.59,309.22,300.55,0.995064,-1,-1,-1
2,23,2158.06,2768.40,295.07,222.85,0.996664,-1,-1,-1
2,24,4021.71,725.48,309.36,259.25,0.996109,-1,-1,-1
2,25,3718.78,2652.41,298.17,274.24,0.992813,-1,-1,-1
2,26,3885.42,1741.28,281.11,263.45,0.995712,-1,-1,-1
2,27,1890.68,3060.88,324.43,196.33,0.994105,-1,-1,-1
2,28,1814.22,977.44,317.50,227.51,0.993864,-1,-1,-1
2,29,3713.86,1268.89,313.29,270.93,0.992561,-1,-1,-1
2,30,2271.01,472.44,289.39,195.11,0.993818,-1,-1,-1
2,31,2803.97,1487.02,325.26,239.42,0.992390,-1,-1,-1
2,32,3142.93,1297.56,317.64,258.36,0.990583,-1,-1,-1
2,33,1795.50,1882.23,257.77,219.13,0.990372,-1,-1,-1
2,34,1659.67,735.60,258.70,179.36,0.982103,-1,-1,-1
2,35,1399.16,1397.98,351.97,208.55,0.990742,-1,-1,-1
2,36,3367.16,2392.53,296.04,234.92,0.990026,-1,-1,-1
2,37,1415.92,210.54,204.08,189.42,0.991963,-1,-1,-1
2,38,2549.43,2793.55,303.12,236.27,0.990163,-1,-1,-1
2,39,1563.17,1615.69,329.18,196.10,0.986238,-1,-1,-1
2,40,1077.86,619.36,202.85,176.37,0.993999,-1,-1,-1
2,41,3463.81,2990.74,303.07,240.16,0.979948,-1,-1,-1
2,42,1931.42,2215.45,341.69,217.46,0.943207,-1,-1,-1
2,43,4128.91,1153.93,293.24,280.80,0.985052,-1,-1,-1
2,44,2357.78,3082.29,340.96,221.19,0.963695,-1,-1,-1
2,45,4021.47,3121.00,288.50,241.44,0.968328,-1,-1,-1
2,46,1483.39,3112.13,312.25,219.92,0.988820,-1,-1,-1
2,47,2167.92,1251.26,322.94,214.62,0.971846,-1,-1,-1
2,48,1230.84,2234.69,192.54,180.81,0.896091,-1,-1,-1
2,49,4501.24,738.65,256.20,258.60,0.966079,-1,-1,-1
2,50,1714.95,1261.41,320.26,218.59,0.969861,-1,-1,-1
2,51,3429.64,283.97,284.01,224.19,0.959975,-1,-1,-1
2,52,1458.58,997.39,279.15,178.74,0.947631,-1,-1,-1
2,53,2380.95,2116.47,333.01,213.74,0.952614,-1,-1,-1
2,54,1719.69,2811.81,322.41,202.42,0.929185,-1,-1,-1
2,55,2297.98,2461.89,296.12,210.08,0.821417,-1,-1,-1
2,56,4572.86,1195.34,307.31,281.90,0.885369,-1,-1,-1
2,57,1322.40,2797.47,317.31,189.74,0.941492,-1,-1,-1
2,58,1154.11,2600.61,310.54,182.68,0.872180,-1,-1,-1
2,60,2897.64,955.65,312.42,240.31,0.886586,-1,-1,-1
2,61,1757.35,3332.81,336.17,152.86,0.751330,-1,-1,-1
2,62,1070.77,1321.34,219.40,200.28,0.876819,-1,-1,-1
2,63,1108.57,1563.45,348.17,200.73,0.658734,-1,-1,-1
2,64,1344.57,1790.36,244.37,191.23,0.840692,-1,-1,-1
2,65,1561.86,459.40,315.92,192.25,0.955866,-1,-1,-1
2,66,1136.00,907.85,335.99,163.12,0.798316,-1,-1,-1
2,67,1313.55,252.88,105.56,122.22,0.692361,-1,-1,-1
2,70,3434.64,1009.04,340.58,277.60,0.941602,-1,-1,-1
2,72,2011.39,645.45,310.13,204.61,0.590745,-1,-1,-1
2,74,1022.47,3139.83,227.02,190.62,0.760542,-1,-1,-1
2,76,1241.64,1191.18,369.58,177.11,0.580091,-1,-1,-1
3,1,2543.53,714.06,276.32,224.61,0.999276,-1,-1,-1
3,2,4033.44,2206.90,304.27,262.96,0.998916,-1,-1,-1
3,3,3227.31,694.86,287.71,247.61,0.998668,-1,-1,-1
3,4,2865.02,514.42,305.65,243.50,0.998559,-1,-1,-1
3,5,4568.13,2398.29,298.31,273.62,0.998618,-1,-1,-1
3,6,3553.18,2131.21,316.03,248.72,0.998824,-1,-1,-1
3,7,3647.21,629.63,287.20,248.02,0.998236,-1,-1,-1
3,8,2178.87,1867.64,315.04,227.55,0.998431,-1,-1,-1
3,9,1991.77,1547.87,292.09,224.26,0.997612,-1,-1,-1
3,10,2961.36,2218.66,301.05,237.38,0.998567,-1,-1,-1
3,11,2409.94,1537.02,286.72,240.46,0.997668,-1,-1,-1
3,12,2575.05,1133.98,320.60,253.28,0.997311,-1,-1,-1
3,13,2820.48,2546.06,314.37,228.23,0.997722,-1,-1,-1
3,14,4266.64,1583.91,331.65,260.34,0.997223,-1,-1,-1
3,15,3114.40,2770.32,312.91,223.99,0.997374,-1,-1,-1
3,16,2675.04,1874.52,305.22,255.62,0.997262,-1,-1,-1
3,17,3463.86,1618.89,323.79,260.56,0.995659,-1,-1,-1
3,18,4145.89,2672.22,284.50,256.91,0.991359,-1,-1,-1
3,19,2984.08,3105.30,317.55,220.42,0.994881,-1,-1,-1
3,20,3091.70,1792.01,323.65,254.96,0.995764,-1,-1,-1
3,21,4366.57,1944.45,276.90,264.80,0.996946,-1,-1,-1
3,22,4529.88,2874.48,310.21,301.50,0.994729,-1,-1,-1
3,23,2158.63,2767.17,294.41,222.47,0.996419,-1,-1,-1
3,24,4019.99,726.05,314.19,263.53,0.994391,-1,-1,-1
3,25,3719.30,2653.59,297.98,274.18,0.996061,-1,-1,-1
3,26,3884.45,1741.81,282.00,264.34,0.995441,-1,-1,-1
3,27,1890.63,3061.60,324.19,196.14,0.994324,-1,-1,-1
3,28,1813.56,976.22,319.14,228.65,0.992017,-1,-1,-1
3,29,3714.03,1269.27,313.20,270.81,0.993131,-1,-1,-1
3,30,2269.44,471.98,290.16,195.55,0.994668,-1,-1,-1
3,31,2804.42,1487.87,324.40,238.72,0.990485,-1,-1,-1
3,32,3144.62,1299.72,315.63,256.68,0.992979,-1,-1,-1
3,33,1790.43,1880.71,260.61,221.24,0.989076,-1,-1,-1
3,34,1660.31,734.84,259.53,179.93,0.980855,-1,-1,-1
3,35,1398.42,1397.86,352.69,208.94,0.989968,-1,-1,-1
3,36,3365.83,2392.10,297.58,236.21,0.995363,-1,-1,-1
3,37,1416.50,211.74,202.65,188.05,0.986148,-1,-1,-1
3,38,2549.83,2794.46,302.17,235.56,0.989148,-1,-1,-1
3,39,1562.42,1615.11,331.53,197.53,0.987725,-1,-1,-1
3,40,1077.98,619.25,203.61,177.07,0.994806,-1,-1,-1
3,41,3466.09,2992.44,301.60,239.00,0.982062,-1,-1,-1
3,42,1930.51,2216.53,340.75,216.86,0.984494,-1,-1,-1
3,43,4128.78,1153.81,294.71,282.34,0.978817,-1,-1,-1
3,44,2358.10,3082.66,343.37,222.82,0.977152,-1,-1,-1
3,45,4022.98,3124.09,288.64,241.57,0.967116,-1,-1,-1
3,46,1483.88,3113.96,310.45,218.67,0.984984,-1,-1,-1
3,47,2166.53,1250.72,325.84,216.62,0.975563,-1,-1,-1
3,48,1228.69,2233.49,194.37,182.48,0.906747,-1,-1,-1
3,49,4503.53,738.82,255.92,258.25,0.968746,-1,-1,-1
3,50,1716.57,1261.86,319.28,217.97,0.972952,-1,-1,-1
3,51,3427.75,282.84,290.24,229.23,0.937618,-1,-1,-1
3,52,1461.23,995.07,281.13,180.68,0.942687,-1,-1,-1
3,53,2379.65,2115.08,337.34,216.62,0.911820,-1,-1,-1
3,54,1716.51,2811.97,325.66,204.78,0.936028,-1,-1,-1
3,55,2297.36,2462.57,296.45,210.40,0.709222,-1,-1,-1
3,56,4574.98,1195.46,307.18,281.83,0.936030,-1,-1,-1
3,57,1323.31,2799.63,313.99,187.73,0.959459,-1,-1,-1
3,58,1153.66,2599.88,311.81,183.56,0.890577,-1,-1,-1
3,60,2898.22,955.73,313.20,240.98,0.834818,-1,-1,-1
3,61,1758.64,3333.34,336.39,153.09,0.804265,-1,-1,-1
3,62,1070.09,1319.80,219.59,200.20,0.846026,-1,-1,-1
3,63,1105.60,1562.24,352.75,203.47,0.607216,-1,-1,-1
3,64,1344.13,1789.70,246.24,192.77,0.881276,-1,-1,-1
3,65,1563.98,461.12,313.86,190.88,0.891731,-1,-1,-1
3,66,1134.45,907.56,337.01,163.37,0.804780,-1,-1,-1
3,70,3435.24,1008.96,339.19,276.67,0.945968,-1,-1,-1
3,74,1027.28,3144.04,225.22,189.02,0.620439,-1,-1,-1
3,79,3877.62,180.53,289.89,231.56,0.783962,-1,-1,-1
3,80,1475.20,2503.86,343.71,209.28,0.735092,-1,-1,-1
4,13,2810.55,2555.03,301.06,219.70,0.984387,-1,-1,-1
4,19,2998.01,3115.82,294.50,207.60,0.710383,-1,-1,-1
4,22,4518.41,2877.19,307.90,300.55,0.988724,-1,-1,-1
4,28,1815.94,982.64,317.23,227.84,0.927144,-1,-1,-1
4,33,1798.36,1883.17,261.24,222.78,0.996878,-1,-1,-1
4,35,1498.82,1413.28,304.34,184.29,0.825941,-1,-1,-1
4,40,1065.66,614.88,209.87,185.03,0.980392,-1,-1,-1
4,42,1895.39,2243.00,251.61,162.81,0.879338,-1,-1,-1
4,44,2320.62,3081.80,343.67,225.64,0.712930,-1,-1,-1
4,50,1688.32,1290.58,225.32,155.91,0.953831,-1,-1,-1
4,52,1434.78,1015.59,250.23,163.71,0.822377,-1,-1,-1
4,53,2390.97,2112.04,333.75,218.92,0.650534,-1,-1,-1
4,63,1154.65,1563.88,342.29,200.36,0.962039,-1,-1,-1
4,64,1332.03,1784.79,254.61,199.88,0.874425,-1,-1,-1
4,65,1641.47,465.68,289.62,180.16,0.886079,-1,-1,-1
4,66,1157.19,917.07,321.44,158.39,0.687514,-1,-1,-1
4,69,1480.06,2518.27,128.13,145.94,0.835651,-1,-1,-1
4,71,1821.65,2586.69,225.23,142.22,0.900398,-1,-1,-1
4,75,1554.29,478.64,117.73,131.39,0.904988,-1,-1,-1
4,72,2139.05,673.49,232.70,156.39,0.892142,-1,-1,-1
4,76,1180.10,1211.45,309.03,151.12,0.705281,-1,-1,-1
5,13,2801.21,2556.07,297.33,219.25,0.908796,-1,-1,-1
5,19,2998.05,3111.14,300.23,214.65,0.809392,-1,-1,-1
5,22,4515.22,2879.21,306.43,300.78,0.985016,-1,-1,-1
5,28,1817.04,984.65,316.24,227.75,0.929975,-1,-1,-1
5,33,1802.51,1884.48,259.59,222.56,0.996881,-1,-1,-1
5,35,1527.04,1405.98,302.68,188.04,0.774302,-1,-1,-1
5,40,1057.54,611.92,211.13,189.67,0.935500,-1,-1,-1
5,42,1883.50,2249.49,224.83,148.45,0.868959,-1,-1,-1
5,50,1679.82,1299.65,194.00,136.41,0.961482,-1,-1,-1
5,52,1430.38,1019.22,232.35,155.65,0.908358,-1,-1,-1
5,63,1172.93,1564.12,334.97,199.51,0.927809,-1,-1,-1
5,64,1326.20,1781.59,259.02,203.86,0.894061,-1,-1,-1
5,65,1670.69,467.12,274.20,175.25,0.897957,-1,-1,-1
5,83,1453.52,2064.67,139.83,148.37,0.973016,-1,-1,-1
5,84,3362.47,2473.23,97.12,158.88,0.930840,-1,-1,-1
5,85,4569.80,1236.16,126.64,146.33,0.939716,-1,-1,-1
5,86,4278.55,1643.54,80.12,145.70,0.937557,-1,-1,-1
5,87,3456.62,1635.17,119.36,167.04,0.896735,-1,-1,-1
5,88,2779.16,1168.54,116.00,168.04,0.804096,-1,-1,-1
5,89,4669.39,2569.89,90.41,102.94,0.864156,-1,-1,-1
5,90,2075.42,2579.58,85.57,167.25,0.819276,-1,-1,-1
5,92,2148.12,2886.74,82.61,91.62,0.740167,-1,-1,-1
5,95,1050.12,330.62,108.83,165.42,0.743797,-1,-1,-1
5,96,1693.46,1919.96,75.80,113.23,0.849736,-1,-1,-1
5,97,2163.51,1291.75,124.16,149.52,0.766968,-1,-1,-1
5,99,1054.44,1069.88,132.77,171.07,0.838699,-1,-1,-1
5,100,1124.94,903.97,90.63,140.70,0.708381,-1,-1,-1
5,101,3838.03,2810.43,110.31,123.02,0.589359,-1,-1,-1
5,103,2889.08,990.21,124.92,142.98,0.778551,-1,-1,-1
5,104,3308.25,1849.26,95.75,134.08,0.787998,-1,-1,-1
5,105,2745.87,2022.44,132.27,108.53,0.818227,-1,-1,-1
5,106,4704.72,180.45,122.30,110.23,0.827419,-1,-1,-1
5,107,3769.12,2178.95,102.71,138.37,0.750908,-1,-1,-1
5,108,4641.05,0.00,67.35,67.80,0.839470,-1,-1,-1
5,109,1407.21,3017.27,60.39,94.12,0.805822,-1,-1,-1
5,110,1474.36,96.44,74.37,102.54,0.798590,-1,-1,-1
5,111,2753.32,3353.24,123.56,146.72,0.660614,-1,-1,-1
5,112,1808.74,1012.60,116.73,149.68,0.724570,-1,-1,-1
5,114,4495.85,624.30,71.97,140.56,0.729608,-1,-1,-1
5,115,1008.98,2419.48,112.62,131.76,0.730253,-1,-1,-1
5,116,3709.42,1360.21,118.50,131.33,0.611359,-1,-1,-1
5,117,3942.13,3007.45,70.64,156.28,0.650013,-1,-1,-1
5,118,4155.20,2213.92,91.55,92.42,0.659027,-1,-1,-1
5,120,2176.68,1913.15,115.32,143.94,0.638975,-1,-1,-1
5,121,1133.78,2446.85,68.80,132.69,0.644869,-1,-1,-1
5,122,2384.92,2184.37,101.37,131.36,0.598892,-1,-1,-1
5,125,3570.65,1009.32,94.26,114.71,0.724316,-1,-1,-1
5,126,1633.95,1014.12,94.55,170.33,0.814512,-1,-1,-1
5,127,2771.03,4.36,73.96,70.97,0.615433,-1,-1,-1
5,131,1211.25,1822.07,122.65,152.89,0.684099,-1,-1,-1
5,136,2274.03,508.33,94.48,126.89,0.680022,-1,-1,-1
5,138,1806.15,2869.71,73.94,143.16,0.614891,-1,-1,-1
5,139,3374.29,2667.81,67.66,102.89,0.580169,-1,-1,-1
5,140,3466.36,2409.08,101.68,97.46,0.620554,-1,-1,-1
5,142,4404.44,1744.29,100.66,105.82,0.727760,-1,-1,-1
5,143,4726.86,1519.31,79.45,156.26,0.614487,-1,-1,-1
5,147,1736.49,2855.25,93.76,160.73,0.621924,-1,-1,-1
5,148,2223.07,3374.66,218.71,124.56,0.638766,-1,-1,-1
5,149,3426.56,296.36,108.60,129.32,0.674337,-1,-1,-1
5,150,879.85,1182.64,58.71,134.40,0.785765,-1,-1,-1
5,69,1480.60,2517.58,127.90,146.42,0.805651,-1,-1,-1
5,71,1818.68,2590.76,213.39,137.64,0.910995,-1,-1,-1
5,75,1554.99,477.28,118.23,132.84,0.863034,-1,-1,-1
5,72,2157.71,675.64,220.64,151.64,0.898988,-1,-1,-1
5,76,1173.24,1221.55,274.15,137.48,0.586827,-1,-1,-1
5,1,2548.99,729.07,261.95,213.54,0.703003,-1,-1,-1
5,47,2273.46,1273.41,287.58,196.65,0.717338,-1,-1,-1
5,55,2335.63,2464.18,288.10,207.00,0.871892,-1,-1,-1
6,13,2806.71,2559.26,292.28,217.13,0.985079,-1,-1,-1
6,19,3002.19,3110.12,301.99,219.08,0.894488,-1,-1,-1
6,28,1822.18,984.82,314.40,227.56,0.935974,-1,-1,-1
6,33,1805.48,1884.48,258.73,223.37,0.996744,-1,-1,-1
6,35,1536.81,1406.49,292.26,186.35,0.794383,-1,-1,-1
6,40,1059.40,610.81,207.25,189.86,0.745139,-1,-1,-1
6,42,1879.56,2249.50,218.29,147.44,0.850760,-1,-1,-1
6,50,1680.42,1302.10,184.41,132.05,0.964247,-1,-1,-1
6,52,1430.21,1022.54,220.98,152.07,0.867013,-1,-1,-1
6,65,1680.74,466.58,264.93,174.72,0.901384,-1,-1,-1
6,83,1452.31,2064.50,140.36,148.93,0.969134,-1,-1,-1
6,84,3361.69,2473.60,97.16,159.02,0.925579,-1,-1,-1
6,85,4571.05,1237.37,126.14,145.82,0.938834,-1,-1,-1
6,86,4280.51,1644.45,79.52,144.75,0.932494,-1,-1,-1
6,87,3455.91,1638.22,119.10,166.64,0.907012,-1,-1,-1
6,89,4664.11,2568.55,95.90,109.38,0.770448,-1,-1,-1
6,90,2078.78,2585.89,82.77,161.52,0.887500,-1,-1,-1
6,92,2147.02,2892.18,80.21,89.25,0.685040,-1,-1,-1
6,96,1688.07,1922.64,71.81,107.13,0.871587,-1,-1,-1
6,97,2163.01,1292.20,125.20,150.81,0.761173,-1,-1,-1
6,99,1055.23,1072.56,130.50,168.08,0.853297,-1,-1,-1
6,100,1122.48,904.57,92.82,144.17,0.756345,-1,-1,-1
6,103,2888.36,990.27,125.15,143.31,0.767062,-1,-1,-1
6,104,3309.40,1849.90,94.28,132.13,0.702868,-1,-1,-1
6,105,2749.33,2022.96,132.27,108.65,0.835930,-1,-1,-1
6,106,4705.95,181.13,121.81,109.73,0.852343,-1,-1,-1
6,107,3769.74,2181.30,102.34,137.92,0.803899,-1,-1,-1
6,108,4638.88,0.00,68.58,69.05,0.876646,-1,-1,-1
6,109,1405.74,3018.06,59.94,93.21,0.753263,-1,-1,-1
6,110,1472.16,94.54,76.12,104.79,0.834023,-1,-1,-1
6,111,2753.50,3352.55,123.52,146.56,0.605640,-1,-1,-1
6,112,1809.25,1015.73,114.41,146.62,0.775352,-1,-1,-1
6,114,4494.64,625.86,76.32,148.90,0.772037,-1,-1,-1
6,115,1005.43,2421.40,112.51,131.56,0.649977,-1,-1,-1
6,118,4156.63,2213.50,90.23,90.97,0.626680,-1,-1,-1
6,120,2182.31,1918.08,115.16,143.98,0.758993,-1,-1,-1
6,121,1134.28,2449.84,68.38,131.44,0.718652,-1,-1,-1
6,122,2384.21,2183.81,102.87,133.42,0.594690,-1,-1,-1
6,125,3573.67,1008.90,88.99,107.96,0.715288,-1,-1,-1
6,126,1638.72,1030.55,85.35,153.57,0.750025,-1,-1,-1
6,136,2272.49,505.90,97.28,130.76,0.676506,-1,-1,-1
6,140,3465.49,2412.67,99.08,94.97,0.753354,-1,-1,-1
6,142,4404.25,1746.85,100.29,105.47,0.720177,-1,-1,-1
6,150,879.42,1184.92,58.11,132.77,0.653964,-1,-1,-1
6,69,1479.68,2517.33,128.40,147.77,0.839534,-1,-1,-1
6,71,1818.47,2592.53,207.55,137.22,0.912482,-1,-1,-1
6,75,1555.88,477.20,118.32,134.04,0.856373,-1,-1,-1
6,72,2165.75,678.09,210.58,148.35,0.919249,-1,-1,-1
6,155,1321.76,450.88,138.54,172.72,0.930566,-1,-1,-1
6,156,1413.41,1437.32,112.35,131.99,0.918249,-1,-1,-1
6,157,863.91,1359.25,75.64,150.20,0.841106,-1,-1,-1
6,159,1042.29,2024.46,102.09,120.33,0.815307,-1,-1,-1
6,161,1592.85,1635.12,100.69,141.36,0.791464,-1,-1,-1
6,163,3366.55,1319.62,81.94,164.74,0.700388,-1,-1,-1
6,164,1878.75,1255.23,147.79,206.83,0.767846,-1,-1,-1
6,165,1231.02,112.87,83.34,101.03,0.671453,-1,-1,-1
6,166,2799.07,1546.95,119.46,149.47,0.688821,-1,-1,-1
6,168,3224.29,1938.86,117.23,113.74,0.722041,-1,-1,-1
6,169,3655.52,2144.21,89.48,88.16,0.627140,-1,-1,-1
6,170,864.91,41.04,62.51,68.18,0.764149,-1,-1,-1
6,171,4295.13,1837.97,61.81,130.05,0.720065,-1,-1,-1
6,173,1234.94,317.02,87.82,120.59,0.684433,-1,-1,-1
6,47,2300.89,1278.13,266.08,187.87,0.769738,-1,-1,-1
6,9,1990.16,1545.36,293.20,226.40,0.844496,-1,-1,-1
6,61,1761.95,3344.28,311.66,146.55,0.652368,-1,-1,-1
6,44,2314.25,3088.78,329.38,220.20,0.599959,-1,-1,-1
7,13,2812.04,2560.39,291.91,218.39,0.912689,-1,-1,-1
7,19,3002.23,3110.63,296.65,219.91,0.869130,-1,-1,-1
7,28,1836.25,985.79,309.34,226.46,0.943398,-1,-1,-1
7,33,1805.32,1885.15,257.48,223.80,0.992940,-1,-1,-1
7,35,1540.81,1406.48,282.09,185.89,0.884029,-1,-1,-1
7,40,1058.94,610.38,203.19,190.39,0.964020,-1,-1,-1
7,42,1880.61,2249.90,212.45,147.09,0.853491,-1,-1,-1
7,50,1681.67,1302.41,180.16,131.56,0.958033,-1,-1,-1
7,52,1429.59,1017.71,218.50,155.00,0.917016,-1,-1,-1
7,65,1685.60,465.52,256.85,175.29,0.901651,-1,-1,-1
7,83,1450.08,2064.45,142.69,151.54,0.967530,-1,-1,-1
7,84,3360.42,2473.50,97.01,158.90,0.926727,-1,-1,-1
7,85,4569.94,1237.05,126.36,146.14,0.937938,-1,-1,-1
7,86,4281.42,1646.02,78.07,141.99,0.907000,-1,-1,-1
7,87,3456.61,1645.96,114.04,159.44,0.884660,-1,-1,-1
7,89,4659.84,2567.53,97.67,111.54,0.785648,-1,-1,-1
7,90,2076.50,2587.33,83.26,162.10,0.854379,-1,-1,-1
7,92,2143.71,2891.37,84.83,95.04,0.693792,-1,-1,-1
7,96,1690.07,1919.27,74.89,111.77,0.786911,-1,-1,-1
7,97,2163.72,1293.48,123.44,148.63,0.738842,-1,-1,-1
7,99,1054.51,1069.94,133.91,172.66,0.889734,-1,-1,-1
7,100,1120.74,906.54,91.94,142.90,0.724086,-1,-1,-1
7,103,2887.81,990.15,124.99,143.24,0.772603,-1,-1,-1
7,104,3310.53,1854.62,90.87,127.28,0.662125,-1,-1,-1
7,105,2755.73,2022.80,134.36,110.55,0.833544,-1,-1,-1
7,106,4701.08,180.96,129.54,116.56,0.881669,-1,-1,-1
7,107,3769.56,2183.57,102.68,138.43,0.828047,-1,-1,-1
7,108,4635.40,0.00,69.21,69.58,0.865152,-1,-1,-1
7,109,1404.02,3021.73,58.52,90.50,0.770898,-1,-1,-1
7,110,1482.13,95.71,75.98,104.79,0.738075,-1,-1,-1
7,112,1809.55,1019.57,111.59,142.80,0.903345,-1,-1,-1
7,114,4493.52,625.69,76.44,148.75,0.825368,-1,-1,-1
7,120,2185.90,1920.44,113.19,141.88,0.784503,-1,-1,-1
7,121,1139.41,2452.34,66.83,128.33,0.706858,-1,-1,-1
7,122,2383.47,2182.72,103.86,134.95,0.663672,-1,-1,-1
7,125,3574.25,1009.28,85.13,102.83,0.697408,-1,-1,-1
7,126,1636.65,1021.05,89.11,160.46,0.795238,-1,-1,-1
7,140,3463.23,2413.72,99.49,95.48,0.701399,-1,-1,-1
7,142,4394.83,1748.29,110.95,117.47,0.639828,-1,-1,-1
7,150,876.13,1184.49,58.75,133.44,0.680799,-1,-1,-1
7,69,1479.86,2518.67,126.43,146.05,0.817984,-1,-1,-1
7,71,1819.22,2591.38,203.93,138.49,0.914626,-1,-1,-1
7,75,1555.51,476.63,116.16,132.33,0.872757,-1,-1,-1
7,72,2167.85,677.81,205.88,149.05,0.890242,-1,-1,-1
7,155,1319.41,451.70,138.09,172.22,0.962152,-1,-1,-1
7,156,1409.35,1437.36,112.65,131.75,0.921210,-1,-1,-1
7,157,858.17,1362.85,76.01,150.53,0.897692,-1,-1,-1
7,159,1060.45,2024.03,99.48,117.96,0.654374,-1,-1,-1
7,161,1593.70,1638.85,98.60,138.19,0.852911,-1,-1,-1
7,163,3365.30,1311.50,85.48,171.99,0.659176,-1,-1,-1
7,164,1876.03,1255.46,147.80,206.73,0.712769,-1,-1,-1
7,165,1224.79,111.06,82.53,99.58,0.746996,-1,-1,-1
7,166,2801.71,1550.77,115.26,144.04,0.772341,-1,-1,-1
7,168,3219.21,1933.37,123.49,119.94,0.711631,-1,-1,-1
7,169,3657.16,2145.32,88.49,87.07,0.619317,-1,-1,-1
7,170,864.04,31.42,68.59,74.73,0.788144,-1,-1,-1
7,173,1217.60,317.48,86.76,119.00,0.694892,-1,-1,-1
7,47,2312.52,1279.71,250.34,182.93,0.844132,-1,-1,-1
7,176,2887.83,1904.34,88.72,166.35,0.936037,-1,-1,-1
7,177,1020.63,1786.09,156.19,135.00,0.853160,-1,-1,-1
7,178,4473.87,2108.45,78.72,111.06,0.684352,-1,-1,-1
7,179,2277.02,2519.29,94.91,140.10,0.678739,-1,-1,-1
7,180,994.87,669.11,84.95,124.97,0.595756,-1,-1,-1
7,184,4034.85,855.85,89.12,135.41,0.690652,-1,-1,-1
7,185,2567.45,2865.87,90.19,159.78,0.653835,-1,-1,-1
7,186,3941.76,426.61,70.14,159.32,0.686054,-1,-1,-1
7,187,3571.03,1788.53,100.51,96.41,0.637610,-1,-1,-1
7,188,1118.34,1607.47,103.34,124.83,0.640085,-1,-1,-1
7,190,3041.57,2240.32,66.96,71.42,0.597549,-1,-1,-1
7,191,4278.33,1468.42,72.18,98.46,0.639954,-1,-1,-1
7,194,859.10,225.82,75.36,131.92,0.619036,-1,-1,-1
7,195,1157.61,440.58,96.40,142.99,0.602712,-1,-1,-1
7,196,4035.34,2260.58,99.73,120.38,0.877816,-1,-1,-1
7,9,1987.54,1542.67,299.68,233.11,0.845716,-1,-1,-1
7,61,1764.68,3344.30,302.39,147.43,0.654868,-1,-1,-1
7,44,2316.20,3090.92,321.57,219.15,0.611117,-1,-1,-1
7,67,1318.04,248.80,106.67,124.33,0.602748,-1,-1,-1
7,7,3642.75,643.77,267.82,232.02,0.809128,-1,-1,-1
7,48,1213.69,2230.18,203.61,192.76,0.864789,-1,-1,-1
7,53,2397.17,2110.76,324.93,221.16,0.647380,-1,-1,-1
7,101,3834.70,2810.45,111.44,124.49,0.760500,-1,-1,-1
7,147,1731.44,2859.78,95.46,163.23,0.793625,-1,-1,-1
7,148,2223.10,3380.45,208.40,118.34,0.588238,-1,-1,-1
7,149,3427.81,297.43,107.36,127.93,0.720919,-1,-1,-1
7,76,1162.13,1209.35,303.02,157.25,0.609676,-1,-1,-1
8,13,2808.73,2564.96,282.53,214.28,0.973520,-1,-1,-1
8,19,2995.63,3110.32,299.88,222.53,0.946137,-1,-1,-1
8,28,1846.00,985.66,304.93,226.13,0.969998,-1,-1,-1
8,33,1801.80,1885.86,255.47,222.77,0.994050,-1,-1,-1
8,35,1543.57,1404.98,275.87,189.00,0.701893,-1,-1,-1
8,40,1052.24,608.81,206.80,198.34,0.842368,-1,-1,-1
8,42,1882.24,2249.50,207.94,147.86,0.835745,-1,-1,-1
8,50,1684.03,1303.12,175.58,130.89,0.953591,-1,-1,-1
8,52,1435.61,1014.52,215.20,157.79,0.808587,-1,-1,-1
8,65,1685.30,466.57,248.63,175.55,0.849598,-1,-1,-1
8,83,1447.03,2066.05,142.78,151.59,0.967333,-1,-1,-1
8,84,3358.83,2475.00,96.36,158.05,0.907164,-1,-1,-1
8,85,4572.62,1237.55,125.11,144.46,0.949486,-1,-1,-1
8,86,4278.50,1645.48,81.36,148.10,0.892575,-1,-1,-1
8,87,3457.53,1653.26,108.68,151.62,0.865666,-1,-1,-1
8,89,4657.24,2564.81,98.41,112.56,0.700429,-1,-1,-1
8,90,2075.93,2582.63,86.54,167.91,0.848844,-1,-1,-1
8,92,2141.72,2880.04,92.22,104.37,0.633232,-1,-1,-1
8,96,1697.93,1920.32,72.45,107.70,0.893339,-1,-1,-1
8,97,2163.22,1295.42,121.33,145.83,0.758818,-1,-1,-1
8,99,1035.27,1062.69,143.37,183.74,0.937653,-1,-1,-1
8,100,1120.15,907.94,92.85,144.76,0.740408,-1,-1,-1
8,103,2886.80,993.05,121.97,139.98,0.662292,-1,-1,-1
8,104,3307.61,1858.51,89.99,125.66,0.764110,-1,-1,-1
8,105,2752.45,2019.14,137.30,113.35,0.816587,-1,-1,-1
8,106,4702.89,182.89,129.45,116.38,0.821262,-1,-1,-1
8,107,3768.90,2183.56,102.45,138.16,0.808245,-1,-1,-1
8,108,4628.50,0.00,73.57,74.34,0.851542,-1,-1,-1
8,109,1404.85,3020.52,59.09,91.02,0.740708,-1,-1,-1
8,110,1480.85,93.43,76.45,105.69,0.765959,-1,-1,-1
8,112,1809.23,1021.89,109.76,140.18,0.918873,-1,-1,-1
8,121,1138.98,2450.93,66.16,126.69,0.593283,-1,-1,-1
8,125,3575.30,1009.43,81.93,98.23,0.585653,-1,-1,-1
8,126,1642.21,1051.18,73.98,132.04,0.639464,-1,-1,-1
8,140,3463.86,2412.87,99.85,95.90,0.685619,-1,-1,-1
8,69,1480.97,2522.62,122.83,142.23,0.902138,-1,-1,-1
8,71,1822.06,2588.92,197.15,137.78,0.889041,-1,-1,-1
8,75,1556.46,478.03,114.81,131.54,0.909136,-1,-1,-1
8,72,2168.74,679.08,199.55,148.58,0.855161,-1,-1,-1
8,155,1320.12,455.03,135.08,168.43,0.974054,-1,-1,-1
8,156,1407.63,1438.06,113.72,132.01,0.888713,-1,-1,-1
8,157,856.51,1359.46,78.61,155.43,0.848479,-1,-1,-1
8,159,1048.65,2020.25,105.53,125.22,0.732880,-1,-1,-1
8,164,1864.59,1255.88,150.53,209.60,0.945042,-1,-1,-1
8,166,2803.40,1555.20,110.61,137.87,0.848366,-1,-1,-1
8,169,3660.64,2143.98,88.07,86.23,0.651645,-1,-1,-1
8,170,871.64,26.49,70.09,76.24,0.600168,-1,-1,-1
8,47,2321.36,1279.95,234.44,177.74,0.770664,-1,-1,-1
8,176,2885.95,1901.01,89.82,168.35,0.949411,-1,-1,-1
8,177,1030.33,1781.59,163.79,142.50,0.819139,-1,-1,-1
8,179,2285.28,2515.20,93.40,137.38,0.737545,-1,-1,-1
8,180,973.80,657.13,88.10,129.59,0.638478,-1,-1,-1
8,184,4033.59,853.68,90.00,136.73,0.702049,-1,-1,-1
8,190,3036.73,2239.28,72.72,77.70,0.766737,-1,-1,-1
8,194,863.58,236.07,75.24,132.00,0.710599,-1,-1,-1
8,195,1152.26,439.27,99.56,147.10,0.750081,-1,-1,-1
8,9,1984.40,1542.62,297.33,231.77,0.979959,-1,-1,-1
8,61,1772.15,3345.66,290.09,146.88,0.827481,-1,-1,-1
8,44,2312.74,3089.02,321.37,222.89,0.767170,-1,-1,-1
8,200,4615.65,106.31,81.22,88.46,0.631268,-1,-1,-1
8,201,1142.44,2262.94,86.84,124.51,0.709309,-1,-1,-1
8,202,4186.72,1242.31,82.50,186.97,0.690561,-1,-1,-1
8,209,3118.26,1029.98,93.50,119.24,0.798878,-1,-1,-1
8,210,2773.65,202.92,83.77,139.99,0.742374,-1,-1,-1
8,67,1317.95,249.27,107.04,125.44,0.757427,-1,-1,-1
8,7,3644.37,644.50,265.65,230.44,0.977559,-1,-1,-1
8,48,1212.01,2230.32,205.20,195.03,0.984092,-1,-1,-1
8,101,3831.73,2807.77,113.51,127.26,0.821269,-1,-1,-1
8,147,1732.29,2859.94,96.35,164.67,0.837065,-1,-1,-1
8,148,2225.56,3381.35,206.37,116.86,0.763346,-1,-1,-1
8,76,1165.92,1208.33,299.51,161.38,0.754049,-1,-1,-1
8,78,1413.73,692.18,220.43,205.52,0.800757,-1,-1,-1
8,18,4161.54,2687.52,261.71,243.56,0.877383,-1,-1,-1
8,66,1168.65,917.99,317.90,161.56,0.879887,-1,-1,-1
8,22,4507.67,2888.47,298.98,297.20,0.974880,-1,-1,-1
8,88,2784.26,1188.65,105.82,152.86,0.593957,-1,-1,-1
8,95,1044.98,348.76,92.40,140.74,0.621558,-1,-1,-1
8,131,1228.69,1825.99,118.53,146.40,0.646578,-1,-1,-1
8,1,2549.03,733.16,256.61,209.24,0.956845,-1,-1,-1
8,111,2755.70,3359.24,118.68,140.91,0.643823,-1,-1,-1
8,118,4155.26,2215.67,89.04,89.48,0.599843,-1,-1,-1
9,19,3012.10,3110.94,291.98,221.77,0.926267,-1,-1,-1
9,28,1855.88,985.89,300.87,226.67,0.947603,-1,-1,-1
9,33,1811.21,1893.10,243.18,212.78,0.996350,-1,-1,-1
9,35,1548.04,1407.52,263.69,187.83,0.851384,-1,-1,-1
9,40,1054.93,609.04,201.15,197.74,0.684868,-1,-1,-1
9,42,1886.21,2251.75,200.05,146.04,0.877076,-1,-1,-1
9,50,1684.35,1303.51,174.12,132.76,0.953442,-1,-1,-1
9,52,1439.22,1017.89,210.13,159.58,0.863614,-1,-1,-1
9,65,1688.83,467.28,239.89,175.65,0.847490,-1,-1,-1
9,83,1445.36,2065.57,143.88,152.94,0.965777,-1,-1,-1
9,84,3357.90,2473.39,96.75,159.12,0.915221,-1,-1,-1
9,85,4571.61,1234.68,127.24,146.80,0.942691,-1,-1,-1
9,86,4281.53,1644.30,78.01,142.06,0.882970,-1,-1,-1
9,87,3457.28,1660.93,103.52,143.88,0.880321,-1,-1,-1
9,89,4657.17,2565.62,97.27,111.43,0.720555,-1,-1,-1
9,90,2079.97,2585.62,83.54,160.42,0.932277,-1,-1,-1
9,96,1706.25,1915.05,78.66,115.20,0.862430,-1,-1,-1
9,97,2162.72,1294.96,122.58,147.16,0.752515,-1,-1,-1
9,99,1027.36,1061.26,145.41,184.58,0.953930,-1,-1,-1
9,100,1118.90,911.01,92.15,144.26,0.708133,-1,-1,-1
9,103,2886.29,995.23,120.65,138.73,0.622301,-1,-1,-1
9,104,3308.27,1862.86,87.36,121.41,0.633044,-1,-1,-1
9,105,2752.52,2018.44,137.60,114.10,0.761266,-1,-1,-1
9,106,4702.46,183.53,132.73,119.41,0.741489,-1,-1,-1
9,107,3767.15,2181.43,104.38,140.98,0.777434,-1,-1,-1
9,108,4625.03,0.00,74.69,76.24,0.799847,-1,-1,-1
9,109,1405.56,3019.69,59.72,91.78,0.693590,-1,-1,-1
9,110,1473.36,98.15,72.58,99.51,0.812617,-1,-1,-1
9,112,1808.32,1023.17,109.29,139.19,0.954240,-1,-1,-1
9,125,3577.64,1006.63,88.81,105.22,0.697809,-1,-1,-1
9,140,3464.80,2413.00,99.95,95.97,0.677396,-1,-1,-1
9,69,1479.80,2523.40,121.56,140.89,0.909925,-1,-1,-1
9,71,1826.43,2588.94,193.67,139.58,0.882399,-1,-1,-1
9,75,1553.81,472.81,118.86,137.40,0.868305,-1,-1,-1
9,72,2168.38,677.46,197.22,151.33,0.866908,-1,-1,-1
9,156,1417.66,1432.17,120.02,139.64,0.865167,-1,-1,-1
9,157,856.91,1362.82,78.15,153.81,0.920311,-1,-1,-1
9,159,1043.22,2021.89,105.13,124.49,0.781846,-1,-1,-1
9,166,2803.37,1555.25,110.85,137.77,0.770560,-1,-1,-1
9,169,3660.97,2142.86,91.69,89.39,0.677199,-1,-1,-1
9,47,2325.75,1280.28,222.42,175.22,0.765612,-1,-1,-1
9,176,2881.17,1897.86,94.41,177.06,0.930791,-1,-1,-1
9,177,1040.62,1776.29,164.33,144.73,0.832917,-1,-1,-1
9,179,2282.53,2515.04,93.00,136.70,0.738588,-1,-1,-1
9,184,4032.66,855.20,89.32,135.54,0.644677,-1,-1,-1
9,190,3033.57,2239.27,75.37,80.76,0.674383,-1,-1,-1
9,195,1156.97,449.96,89.77,131.29,0.744547,-1,-1,-1
9,9,1984.96,1544.94,292.07,227.84,0.951285,-1,-1,-1
9,61,1779.63,3348.72,273.69,144.05,0.787714,-1,-1,-1
9,44,2314.66,3088.99,317.45,223.60,0.825158,-1,-1,-1
9,200,4616.43,105.09,82.18,89.87,0.648233,-1,-1,-1
9,202,4186.70,1242.45,81.94,185.71,0.681325,-1,-1,-1
9,209,3119.23,1030.65,92.56,118.04,0.676316,-1,-1,-1
9,210,2769.18,199.24,88.33,147.75,0.594172,-1,-1,-1
9,7,3642.13,646.62,267.15,232.77,0.985242,-1,-1,-1
9,48,1213.87,2230.78,202.26,192.81,0.924258,-1,-1,-1
9,101,3830.65,2804.10,116.02,130.53,0.762972,-1,-1,-1
9,147,1734.15,2862.90,95.13,162.40,0.807753,-1,-1,-1
9,220,3630.46,2392.59,90.61,156.81,0.750729,-1,-1,-1
9,222,4411.28,1585.97,74.57,101.04,0.784712,-1,-1,-1
9,223,2968.82,2313.42,120.83,121.36,0.687276,-1,-1,-1
9,224,2572.16,1166.75,94.22,135.57,0.774384,-1,-1,-1
9,226,4476.08,1950.52,86.50,123.22,0.679731,-1,-1,-1
9,227,1707.41,3131.18,74.16,152.00,0.759405,-1,-1,-1
9,229,4406.02,778.95,75.70,109.34,0.682060,-1,-1,-1
9,230,4238.22,770.14,98.36,122.75,0.604027,-1,-1,-1
9,231,2590.95,1944.46,69.32,117.41,0.661243,-1,-1,-1
9,234,1483.81,2308.23,120.34,127.65,0.606652,-1,-1,-1
9,235,4177.54,1063.27,83.39,72.92,0.639790,-1,-1,-1
9,18,4166.97,2688.23,251.93,241.62,0.724505,-1,-1,-1
9,88,2784.28,1190.53,103.87,149.66,0.659366,-1,-1,-1
9,95,1052.05,345.13,100.43,152.04,0.779721,-1,-1,-1
9,131,1244.46,1824.18,117.34,145.85,0.663262,-1,-1,-1
9,1,2545.36,733.35,256.72,210.19,0.940216,-1,-1,-1
9,111,2755.92,3364.87,115.01,136.69,0.598227,-1,-1,-1
9,118,4155.43,2215.47,90.45,90.67,0.644464,-1,-1,-1
9,27,1982.95,3071.57,298.38,188.80,0.681682,-1,-1,-1
9,34,1680.38,731.96,269.92,191.59,0.911798,-1,-1,-1
9,51,3436.18,293.84,276.01,227.58,0.666443,-1,-1,-1
9,80,1601.14,2517.94,292.10,185.33,0.804155,-1,-1,-1
9,63,1186.06,1573.44,311.54,190.45,0.842081,-1,-1,-1
9,122,2382.00,2183.82,101.69,132.22,0.684609,-1,-1,-1
9,142,4392.79,1748.06,111.30,118.86,0.580456,-1,-1,-1
9,161,1593.58,1634.54,101.53,142.53,0.760867,-1,-1,-1
9,178,4478.45,2116.50,71.56,100.71,0.788989,-1,-1,-1
9,185,2578.87,2923.77,64.53,113.49,0.767328,-1,-1,-1
9,188,1113.87,1607.99,109.83,133.04,0.600228,-1,-1,-1
9,196,4032.68,2261.78,106.76,129.39,0.643111,-1,-1,-1
10,19,3015.63,3111.79,282.67,220.42,0.928038,-1,-1,-1
10,28,1843.43,986.97,300.70,228.20,0.953740,-1,-1,-1
10,33,1813.46,1896.85,238.10,208.78,0.992908,-1,-1,-1
10,35,1554.83,1409.74,247.86,183.77,0.672190,-1,-1,-1
10,40,1056.00,607.59,197.75,199.46,0.757774,-1,-1,-1
10,42,1890.16,2253.02,194.23,145.64,0.901098,-1,-1,-1
10,50,1686.14,1304.46,169.85,132.45,0.943837,-1,-1,-1
10,52,1447.89,1015.35,201.18,159.12,0.786458,-1,-1,-1
10,65,1694.40,473.81,224.36,170.18,0.828929,-1,-1,-1
10,83,1444.39,2066.16,143.90,153.18,0.966133,-1,-1,-1
10,84,3356.72,2472.67,96.98,160.30,0.879882,-1,-1,-1
10,85,4569.38,1234.12,128.25,147.56,0.934116,-1,-1,-1
10,86,4280.27,1641.12,80.54,147.20,0.840130,-1,-1,-1
10,87,3456.65,1663.58,102.38,141.76,0.861831,-1,-1,-1
10,89,4658.46,2566.56,96.34,110.56,0.678069,-1,-1,-1
10,90,2079.90,2585.49,83.28,158.36,0.918361,-1,-1,-1
10,96,1708.99,1914.55,82.27,118.63,0.874835,-1,-1,-1
10,97,2161.91,1294.96,123.47,148.14,0.779225,-1,-1,-1
10,99,1019.91,1061.17,148.71,186.35,0.937355,-1,-1,-1
10,100,1123.66,910.75,94.15,148.04,0.638990,-1,-1,-1
10,104,3307.22,1861.03,88.75,122.92,0.641005,-1,-1,-1
10,105,2755.47,2021.90,133.90,111.61,0.688035,-1,-1,-1
10,106,4703.65,183.28,132.86,119.63,0.724865,-1,-1,-1
10,107,3767.50,2182.50,103.50,139.97,0.855833,-1,-1,-1
10,108,4623.50,0.00,73.77,76.09,0.744966,-1,-1,-1
10,109,1406.21,3020.73,60.06,91.95,0.748521,-1,-1,-1
10,110,1470.83,99.25,70.95,96.33,0.779968,-1,-1,-1
10,112,1808.38,1023.46,109.33,138.68,0.904713,-1,-1,-1
10,125,3572.50,1006.86,98.32,116.10,0.580793,-1,-1,-1
10,140,3465.57,2413.39,99.07,95.15,0.601081,-1,-1,-1
10,69,1478.89,2525.51,120.43,139.45,0.913680,-1,-1,-1
10,71,1830.17,2588.25,190.61,141.73,0.911285,-1,-1,-1
10,75,1553.02,473.33,120.05,139.53,0.916244,-1,-1,-1
10,72,2170.89,678.16,191.56,151.48,0.849128,-1,-1,-1
10,157,856.72,1361.96,78.89,154.47,0.909144,-1,-1,-1
10,159,1040.51,2023.28,104.96,123.86,0.707513,-1,-1,-1
10,166,2803.18,1553.79,111.24,137.87,0.771431,-1,-1,-1
10,169,3660.65,2143.73,91.09,88.26,0.689390,-1,-1,-1
10,47,2323.73,1281.01,221.35,181.61,0.815307,-1,-1,-1
10,176,2878.75,1901.00,96.90,181.80,0.813555,-1,-1,-1
10,177,1037.40,1768.65,171.23,153.24,0.801190,-1,-1,-1
10,179,2281.76,2514.96,94.50,139.66,0.728502,-1,-1,-1
10,184,4032.16,853.25,90.43,137.18,0.655224,-1,-1,-1
10,190,3032.24,2238.79,76.39,82.15,0.628867,-1,-1,-1
10,9,1984.46,1546.72,290.43,226.62,0.973815,-1,-1,-1
10,61,1785.42,3349.32,262.19,143.59,0.866972,-1,-1,-1
10,44,2315.48,3090.06,312.29,223.58,0.874480,-1,-1,-1
10,202,4186.62,1240.86,82.72,187.29,0.607782,-1,-1,-1
10,209,3113.59,1029.81,94.40,120.79,0.634411,-1,-1,-1
10,210,2765.55,204.68,82.06,137.48,0.633792,-1,-1,-1
10,7,3642.80,646.75,268.54,234.95,0.985261,-1,-1,-1
10,101,3830.15,2802.88,117.06,132.31,0.809576,-1,-1,-1
10,147,1733.51,2863.57,94.60,160.92,0.912549,-1,-1,-1
10,220,3636.15,2390.20,79.98,138.20,0.584383,-1,-1,-1
10,222,4412.26,1584.56,75.97,102.78,0.794372,-1,-1,-1
10,223,2970.07,2313.24,122.74,123.15,0.790417,-1,-1,-1
10,224,2573.41,1168.72,92.54,132.98,0.637687,-1,-1,-1
10,226,4475.81,1949.46,85.48,121.76,0.690051,-1,-1,-1
10,227,1702.88,3131.28,72.14,147.10,0.861544,-1,-1,-1
10,231,2591.09,1943.41,67.82,114.79,0.684457,-1,-1,-1
10,234,1482.88,2309.19,121.03,128.46,0.715578,-1,-1,-1
10,235,4176.75,1066.08,85.78,75.13,0.618505,-1,-1,-1
10,18,4168.82,2689.29,243.42,240.87,0.816043,-1,-1,-1
10,88,2783.44,1186.52,106.19,153.07,0.601363,-1,-1,-1
10,95,1060.31,345.36,95.92,143.93,0.871798,-1,-1,-1
10,1,2544.74,733.40,256.53,210.41,0.928594,-1,-1,-1
10,118,4155.52,2216.02,90.70,90.65,0.669697,-1,-1,-1
10,237,1241.04,151.79,83.01,144.98,0.782634,-1,-1,-1
10,238,2820.37,2602.51,98.85,132.94,0.815991,-1,-1,-1
10,239,3665.10,1089.40,106.03,123.14,0.780823,-1,-1,-1
10,241,3793.59,17.46,70.51,123.97,0.724381,-1,-1,-1
10,242,3027.98,2596.62,76.52,109.20,0.668227,-1,-1,-1
10,243,2646.43,3374.50,114.42,119.81,0.655560,-1,-1,-1
10,245,2674.00,1908.62,118.55,135.09,0.621966,-1,-1,-1
10,248,3969.50,1748.18,108.87,107.24,0.640292,-1,-1,-1
10,250,3226.09,782.98,92.70,116.49,0.665035,-1,-1,-1
10,251,3092.22,1840.50,107.29,142.97,0.602552,-1,-1,-1
10,34,1679.97,731.10,264.44,191.76,0.813902,-1,-1,-1
10,51,3440.29,294.58,267.10,229.81,0.775445,-1,-1,-1
10,80,1615.05,2519.83,275.90,182.56,0.783810,-1,-1,-1
10,122,2381.77,2184.41,101.01,131.36,0.634383,-1,-1,-1
10,161,1592.37,1635.45,100.38,141.79,0.583685,-1,-1,-1
10,178,4479.72,2118.15,69.89,97.96,0.789768,-1,-1,-1
10,185,2578.74,2928.11,64.10,111.92,0.582837,-1,-1,-1
10,196,4031.66,2263.68,107.13,130.42,0.818081,-1,-1,-1
10,62,1014.56,1343.60,196.31,186.90,0.629803,-1,-1,-1
10,64,1341.12,1791.96,242.36,192.30,0.626436,-1,-1,-1
10,127,2765.70,4.94,72.69,69.79,0.651569,-1,-1,-1
10,115,1005.04,2428.37,101.54,119.02,0.819595,-1,-1,-1
10,114,4484.56,634.83,79.15,153.99,0.626781,-1,-1,-1
10,150,872.83,1183.23,63.69,143.60,0.648934,-1,-1,-1
10,163,3365.20,1313.40,86.33,173.46,0.811715,-1,-1,-1
10,191,4281.32,1464.50,67.90,92.34,0.590840,-1,-1,-1
10,164,1866.77,1256.68,149.52,207.40,0.676886,-1,-1,-1
10,180,976.66,651.64,92.62,136.58,0.590962,-1,-1,-1
10,194,850.66,242.01,78.81,136.67,0.707275,-1,-1,-1
10,201,1135.55,2262.43,82.92,118.74,0.711485,-1,-1,-1
10,148,2224.90,3380.63,208.36,117.54,0.718906,-1,-1,-1
10,76,1180.50,1213.04,272.71,154.25,0.811975,-1,-1,-1
11,19,3020.20,3114.80,276.86,220.58,0.915724,-1,-1,-1
11,28,1846.27,990.65,295.02,226.83,0.975772,-1,-1,-1
11,33,1820.01,1899.27,235.70,208.44,0.988169,-1,-1,-1
11,35,1561.36,1417.21,228.87,176.29,0.932480,-1,-1,-1
11,40,1066.38,615.09,184.47,190.62,0.950267,-1,-1,-1
11,42,1888.73,2257.12,202.24,156.03,0.821564,-1,-1,-1
11,50,1689.70,1313.45,167.81,134.24,0.948383,-1,-1,-1
11,52,1448.08,1014.00,208.94,172.32,0.678729,-1,-1,-1
11,65,1687.58,474.20,229.23,179.84,0.808081,-1,-1,-1
11,84,3357.19,2474.65,94.82,157.50,0.826472,-1,-1,-1
11,86,4279.61,1647.25,79.15,144.76,0.856050,-1,-1,-1
11,90,2076.65,2586.98,86.21,163.15,0.859394,-1,-1,-1
11,96,1708.11,1919.00,86.31,122.45,0.753122,-1,-1,-1
11,97,2159.65,1299.73,128.18,154.10,0.797718,-1,-1,-1
11,99,1016.21,1065.21,151.72,187.93,0.807954,-1,-1,-1
11,100,1127.80,914.26,93.12,146.60,0.750561,-1,-1,-1
11,104,3293.07,1883.11,109.33,151.70,0.694179,-1,-1,-1
11,106,4708.46,180.14,141.25,129.62,0.584567,-1,-1,-1
11,107,3766.99,2191.92,103.34,139.81,0.726787,-1,-1,-1
11,108,4624.23,0.00,73.80,76.81,0.744189,-1,-1,-1
11,109,1405.86,3020.84,60.90,92.40,0.760463,-1,-1,-1
11,110,1468.06,98.71,73.13,98.48,0.827419,-1,-1,-1
11,112,1810.77,1030.08,109.14,137.83,0.893790,-1,-1,-1
11,140,3465.77,2415.39,99.23,94.94,0.641375,-1,-1,-1
11,69,1478.15,2532.66,121.83,141.23,0.854176,-1,-1,-1
11,71,1835.30,2597.34,178.68,137.23,0.914619,-1,-1,-1
11,75,1553.55,481.14,119.66,139.85,0.923320,-1,-1,-1
11,72,2145.41,673.65,223.52,184.32,0.670829,-1,-1,-1
11,157,865.12,1362.40,76.98,150.98,0.845955,-1,-1,-1
11,166,2802.78,1558.68,112.67,139.46,0.773493,-1,-1,-1
11,169,3662.92,2146.48,90.39,86.99,0.855020,-1,-1,-1
11,47,2324.68,1284.90,217.08,185.42,0.606054,-1,-1,-1
11,176,2880.70,1907.76,94.11,176.59,0.882360,-1,-1,-1
11,177,1035.49,1771.06,174.80,159.13,0.842101,-1,-1,-1
11,179,2285.18,2528.43,86.71,128.20,0.907247,-1,-1,-1
11,184,4034.09,850.30,94.77,143.81,0.825268,-1,-1,-1
11,9,1984.04,1550.27,289.92,226.19,0.993000,-1,-1,-1
11,44,2318.96,3093.35,305.75,222.48,0.973097,-1,-1,-1
11,210,2761.50,204.42,84.53,142.04,0.833298,-1,-1,-1
11,101,3831.30,2816.99,106.88,121.05,0.625437,-1,-1,-1
11,147,1731.52,2868.45,92.29,155.02,0.904240,-1,-1,-1
11,222,4407.91,1591.20,79.75,108.08,0.769399,-1,-1,-1
11,223,2966.83,2318.21,126.05,126.42,0.778107,-1,-1,-1
11,226,4475.45,1952.24,86.50,123.38,0.739781,-1,-1,-1
11,227,1700.78,3132.25,78.18,159.17,0.813114,-1,-1,-1
11,231,2599.77,1936.83,63.76,107.36,0.702162,-1,-1,-1
11,234,1484.03,2315.51,119.08,126.33,0.823792,-1,-1,-1
11,235,4176.11,1064.44,88.62,77.99,0.759040,-1,-1,-1
11,18,4178.20,2693.24,239.22,242.21,0.698264,-1,-1,-1
11,88,2776.99,1199.83,118.72,172.23,0.676496,-1,-1,-1
11,95,1058.52,336.73,106.42,158.91,0.909164,-1,-1,-1
11,1,2548.40,736.26,253.93,208.57,0.973399,-1,-1,-1
11,237,1239.57,157.70,76.75,133.45,0.622844,-1,-1,-1
11,238,2822.15,2620.32,91.18,122.50,0.611360,-1,-1,-1
11,239,3667.43,1097.84,100.93,117.11,0.906271,-1,-1,-1
11,241,3791.66,17.21,72.37,127.42,0.611602,-1,-1,-1
11,245,2676.66,1910.41,125.03,142.58,0.887715,-1,-1,-1
11,248,3968.83,1752.30,109.37,107.77,0.703130,-1,-1,-1
11,250,3227.10,794.72,87.80,110.25,0.811097,-1,-1,-1
11,34,1707.98,729.51,257.19,194.58,0.782268,-1,-1,-1
11,122,2375.95,2189.58,106.84,139.08,0.819360,-1,-1,-1
11,161,1602.59,1643.48,97.66,138.79,0.596339,-1,-1,-1
11,178,4480.19,2124.94,69.49,96.93,0.828019,-1,-1,-1
11,185,2557.46,2894.52,82.19,142.20,0.718932,-1,-1,-1
11,255,3016.57,1545.07,93.10,155.51,0.735399,-1,-1,-1
11,262,4058.47,2751.58,76.69,99.92,0.638302,-1,-1,-1
11,64,1345.85,1795.53,242.64,194.44,0.978621,-1,-1,-1
11,127,2763.52,5.60,75.72,72.95,0.714825,-1,-1,-1
11,164,1875.25,1263.56,145.47,201.60,0.894369,-1,-1,-1
11,201,1134.94,2278.08,73.41,103.85,0.732606,-1,-1,-1
11,76,1188.81,1219.07,250.77,148.08,0.860876,-1,-1,-1
11,8,2286.52,1885.29,265.75,203.93,0.684069,-1,-1,-1
11,20,3072.53,1824.15,290.62,232.72,0.839508,-1,-1,-1
11,45,4008.87,3142.70,300.57,253.59,0.912450,-1,-1,-1
11,49,4506.85,749.47,257.07,262.72,0.950893,-1,-1,-1
11,116,3714.78,1371.42,123.63,135.59,0.725421,-1,-1,-1
11,53,2412.96,2130.15,296.57,212.09,0.741623,-1,-1,-1
11,121,1126.18,2452.27,71.82,137.22,0.706845,-1,-1,-1
11,126,1635.24,1033.27,89.25,159.89,0.647339,-1,-1,-1
11,155,1320.58,452.36,139.76,174.56,0.955600,-1,-1,-1
11,67,1317.95,265.84,111.00,130.72,0.822475,-1,-1,-1
11,78,1411.00,716.92,201.69,191.26,0.623219,-1,-1,-1
11,66,1150.72,911.92,315.54,170.31,0.728118,-1,-1,-1
11,103,2889.10,1010.14,117.72,135.32,0.778945,-1,-1,-1
11,156,1441.70,1434.20,128.34,151.39,0.845109,-1,-1,-1
11,195,1152.30,486.25,80.53,114.58,0.823509,-1,-1,-1
11,200,4616.59,113.60,83.56,91.81,0.621865,-1,-1,-1
11,229,4411.38,784.05,69.16,99.83,0.844469,-1,-1,-1
11,230,4239.74,787.84,96.13,119.93,0.817953,-1,-1,-1
11,188,1119.19,1617.14,105.57,127.62,0.687797,-1,-1,-1
12,19,3025.89,3123.82,261.56,216.01,0.778811,-1,-1,-1
12,28,1839.83,994.20,291.58,224.95,0.977616,-1,-1,-1
12,33,1817.57,1900.20,238.36,212.18,0.992572,-1,-1,-1
12,35,1563.83,1423.65,220.92,174.33,0.950855,-1,-1,-1
12,40,1074.48,623.29,175.95,184.88,0.616716,-1,-1,-1
12,42,1895.29,2264.34,189.93,150.24,0.836754,-1,-1,-1
12,50,1694.89,1315.19,161.75,132.30,0.964972,-1,-1,-1
12,52,1454.30,1022.22,193.51,166.54,0.753708,-1,-1,-1
12,65,1694.97,478.99,222.58,181.62,0.808469,-1,-1,-1
12,86,4278.93,1651.68,79.24,144.94,0.866052,-1,-1,-1
12,90,2076.05,2599.13,83.64,156.77,0.775382,-1,-1,-1
12,96,1708.95,1924.34,85.13,120.86,0.913892,-1,-1,-1
12,97,2161.67,1299.68,128.08,153.68,0.821963,-1,-1,-1
12,99,1033.89,1068.69,149.92,187.10,0.845379,-1,-1,-1
12,100,1128.23,918.56,91.60,142.49,0.802986,-1,-1,-1
12,104,3285.93,1896.24,115.59,161.44,0.604075,-1,-1,-1
12,107,3768.83,2195.93,100.89,136.37,0.733474,-1,-1,-1
12,109,1408.04,3025.83,60.90,92.33,0.773105,-1,-1,-1
12,110,1478.52,115.33,78.79,106.78,0.677765,-1,-1,-1
12,112,1811.54,1030.78,109.68,138.10,0.841364,-1,-1,-1
12,140,3465.15,2421.82,96.76,92.26,0.794191,-1,-1,-1
12,69,1480.93,2535.70,121.54,140.72,0.854474,-1,-1,-1
12,71,1835.12,2598.01,173.38,137.25,0.888041,-1,-1,-1
12,75,1556.17,485.90,116.38,137.32,0.939653,-1,-1,-1
12,157,869.87,1359.05,76.76,151.17,0.799143,-1,-1,-1
12,166,2801.71,1558.14,114.85,142.03,0.815575,-1,-1,-1
12,169,3669.59,2151.46,87.02,83.34,0.739782,-1,-1,-1
12,47,2330.29,1288.43,208.32,185.03,0.795165,-1,-1,-1
12,179,2285.51,2532.97,78.61,115.92,0.771669,-1,-1,-1
12,9,1989.46,1557.32,284.62,221.77,0.939526,-1,-1,-1
12,44,2322.77,3097.49,298.22,221.26,0.960841,-1,-1,-1
12,210,2771.31,208.65,85.15,142.48,0.940822,-1,-1,-1
12,147,1730.46,2863.76,96.96,162.48,0.685003,-1,-1,-1
12,222,4409.18,1598.03,76.62,103.66,0.748253,-1,-1,-1
12,227,1701.26,3141.11,80.31,163.66,0.799419,-1,-1,-1
12,231,2599.11,1941.56,68.94,115.76,0.597982,-1,-1,-1
12,234,1483.90,2315.92,120.47,127.83,0.819027,-1,-1,-1
12,235,4180.94,1081.74,83.02,73.42,0.677609,-1,-1,-1
12,95,1049.64,338.54,105.86,159.42,0.938793,-1,-1,-1
12,1,2550.30,745.82,248.11,203.38,0.968775,-1,-1,-1
12,239,3668.64,1100.62,97.90,113.28,0.897679,-1,-1,-1
12,241,3802.07,31.77,58.57,102.54,0.629804,-1,-1,-1
12,245,2680.11,1916.50,122.20,139.36,0.899760,-1,-1,-1
12,250,3227.07,795.59,89.13,111.91,0.878533,-1,-1,-1
12,34,1723.39,731.58,246.37,194.49,0.649894,-1,-1,-1
12,122,2372.38,2187.22,112.23,146.70,0.775964,-1,-1,-1
12,161,1599.71,1652.38,95.03,134.12,0.908647,-1,-1,-1
12,178,4468.18,2098.93,92.01,129.89,0.637884,-1,-1,-1
12,255,3016.89,1526.14,95.70,159.56,0.776512,-1,-1,-1
12,262,4058.76,2761.90,71.59,93.25,0.595551,-1,-1,-1
12,64,1347.45,1796.78,241.18,195.77,0.895456,-1,-1,-1
12,164,1878.02,1266.57,148.55,206.43,0.644722,-1,-1,-1
12,201,1135.54,2274.11,81.81,115.71,0.795965,-1,-1,-1
12,76,1234.87,1221.99,242.85,149.46,0.617283,-1,-1,-1
12,269,3438.05,1097.09,130.24,121.18,0.830142,-1,-1,-1
12,270,2188.60,184.80,164.20,192.10,0.723903,-1,-1,-1
12,272,4670.42,2421.01,88.12,87.60,0.694567,-1,-1,-1
12,274,2225.29,947.95,128.62,142.65,0.729405,-1,-1,-1
12,278,3857.90,2665.58,115.51,134.86,0.599244,-1,-1,-1
12,281,4121.64,1233.58,97.68,123.60,0.683211,-1,-1,-1
12,8,2313.17,1892.64,231.00,188.17,0.813238,-1,-1,-1
12,116,3709.37,1372.07,118.31,129.56,0.852696,-1,-1,-1
12,53,2424.21,2138.16,277.16,207.19,0.768555,-1,-1,-1
12,155,1325.92,452.93,141.91,178.72,0.846886,-1,-1,-1
12,67,1309.69,262.35,126.16,152.21,0.815452,-1,-1,-1
12,78,1414.18,721.50,195.95,189.44,0.642446,-1,-1,-1
12,156,1440.00,1433.73,132.91,159.62,0.772600,-1,-1,-1
12,195,1143.72,497.56,74.54,103.72,0.820393,-1,-1,-1
12,230,4240.73,790.23,95.75,119.21,0.856803,-1,-1,-1
12,188,1119.40,1616.30,106.31,128.36,0.678341,-1,-1,-1
12,10,2963.90,2241.88,274.36,216.67,0.623995,-1,-1,-1
12,37,1478.49,224.10,179.37,174.75,0.738863,-1,-1,-1
12,39,1631.88,1619.67,311.74,194.60,0.898279,-1,-1,-1
12,139,3376.78,2675.06,65.88,99.64,0.695997,-1,-1,-1
12,136,2274.51,528.64,89.00,119.12,0.792575,-1,-1,-1
12,13,2818.70,2580.44,262.60,203.29,0.942236,-1,-1,-1
12,48,1264.82,2250.78,180.36,178.59,0.644191,-1,-1,-1
12,131,1218.55,1832.41,113.14,140.64,0.852993,-1,-1,-1
12,63,1192.01,1582.97,295.86,186.74,0.745910,-1,-1,-1
12,85,4570.77,1246.35,125.26,143.65,0.922314,-1,-1,-1
12,87,3448.19,1652.70,118.39,165.02,0.765292,-1,-1,-1
12,61,1847.98,3344.55,274.39,156.51,0.593350,-1,-1,-1
12,209,3108.11,1031.27,100.88,128.88,0.763044,-1,-1,-1
12,51,3426.15,308.16,260.26,229.20,0.913074,-1,-1,-1
12,80,1614.81,2527.59,264.02,182.57,0.774792,-1,-1,-1
12,196,4034.21,2277.13,98.35,120.01,0.679185,-1,-1,-1
12,114,4485.87,633.69,65.67,124.04,0.641625,-1,-1,-1
12,150,887.23,1186.75,48.11,105.07,0.616843,-1,-1,-1
13,19,3032.09,3127.27,251.20,214.63,0.878261,-1,-1,-1
13,28,1837.51,1000.26,286.82,220.49,0.957021,-1,-1,-1
13,33,1810.70,1899.74,240.36,214.15,0.911201,-1,-1,-1
13,35,1570.15,1423.89,215.63,175.42,0.917036,-1,-1,-1
13,40,1076.64,629.29,168.66,180.29,0.659779,-1,-1,-1
13,42,1898.19,2264.83,183.87,149.24,0.814695,-1,-1,-1
13,50,1696.29,1312.41,162.10,135.58,0.971671,-1,-1,-1
13,52,1460.41,1022.80,179.73,161.31,0.796838,-1,-1,-1
13,65,1703.75,480.34,215.39,182.67,0.867298,-1,-1,-1
13,86,4278.59,1663.94,76.87,139.28,0.757882,-1,-1,-1
13,90,2075.39,2601.98,87.41,162.48,0.787275,-1,-1,-1
13,96,1704.29,1925.60,82.74,117.51,0.915138,-1,-1,-1
13,97,2162.24,1301.53,126.55,151.21,0.819412,-1,-1,-1
13,99,1036.93,1067.40,150.12,188.48,0.962354,-1,-1,-1
13,100,1130.09,919.02,92.02,140.91,0.851211,-1,-1,-1
13,104,3282.78,1894.78,123.82,173.71,0.654092,-1,-1,-1
13,107,3768.88,2196.42,100.77,136.24,0.789429,-1,-1,-1
13,109,1409.52,3025.11,62.29,94.26,0.763441,-1,-1,-1
13,110,1485.27,117.34,79.94,109.45,0.780018,-1,-1,-1
13,112,1812.79,1031.38,109.48,137.27,0.898030,-1,-1,-1
13,69,1481.98,2538.12,121.86,140.78,0.846914,-1,-1,-1
13,71,1841.12,2599.49,166.48,136.01,0.898040,-1,-1,-1
13,75,1558.12,490.62,111.21,131.97,0.931903,-1,-1,-1
13,157,880.09,1365.82,78.05,154.63,0.643661,-1,-1,-1
13,166,2800.98,1558.90,114.62,141.60,0.759285,-1,-1,-1
13,169,3670.56,2156.10,82.72,78.85,0.629560,-1,-1,-1
13,47,2333.84,1291.71,200.12,184.73,0.795090,-1,-1,-1
13,179,2289.27,2527.10,79.27,116.46,0.811275,-1,-1,-1
13,9,2000.86,1560.12,278.81,219.17,0.826196,-1,-1,-1
13,44,2326.69,3099.68,295.31,222.95,0.942368,-1,-1,-1
13,210,2773.36,210.43,84.71,141.61,0.884681,-1,-1,-1
13,222,4411.03,1610.05,69.75,94.02,0.722420,-1,-1,-1
13,227,1691.51,3143.03,80.68,163.56,0.826895,-1,-1,-1
13,231,2598.22,1938.61,71.84,120.47,0.650817,-1,-1,-1
13,234,1483.87,2316.80,120.37,127.58,0.815401,-1,-1,-1
13,95,1051.23,358.55,93.54,139.51,0.876704,-1,-1,-1
13,1,2549.03,749.09,245.53,201.02,0.941836,-1,-1,-1
13,239,3669.91,1101.29,98.49,113.80,0.853649,-1,-1,-1
13,241,3809.23,37.59,48.89,84.67,0.598206,-1,-1,-1
13,245,2683.27,1920.32,119.43,136.05,0.893428,-1,-1,-1
13,250,3225.75,795.22,90.74,114.13,0.884455,-1,-1,-1
13,34,1736.44,736.99,231.00,190.35,0.667058,-1,-1,-1
13,122,2372.03,2185.76,113.64,149.26,0.665751,-1,-1,-1
13,161,1596.45,1654.12,94.89,132.19,0.911496,-1,-1,-1
13,178,4473.09,2103.84,89.71,126.65,0.729808,-1,-1,-1
13,255,3017.42,1517.77,98.66,164.08,0.906242,-1,-1,-1
13,262,4057.40,2764.55,73.26,95.59,0.815884,-1,-1,-1
13,64,1345.98,1797.02,240.28,197.22,0.931188,-1,-1,-1
13,76,1272.11,1225.99,232.03,150.57,0.780350,-1,-1,-1
13,269,3436.84,1096.91,130.29,121.39,0.795975,-1,-1,-1
13,270,2185.72,184.81,169.73,199.03,0.647757,-1,-1,-1
13,272,4670.09,2422.71,89.17,88.69,0.745593,-1,-1,-1
13,281,4121.06,1235.13,97.45,123.51,0.735247,-1,-1,-1
13,8,2322.60,1892.91,213.37,183.48,0.768876,-1,-1,-1
13,116,3707.76,1371.89,117.27,128.34,0.875740,-1,-1,-1
13,53,2430.72,2140.57,263.10,205.71,0.863080,-1,-1,-1
13,155,1326.94,452.46,140.98,178.84,0.912343,-1,-1,-1
13,67,1306.03,259.74,132.55,163.80,0.774091,-1,-1,-1
13,78,1409.44,722.75,193.41,188.76,0.883255,-1,-1,-1
13,156,1430.49,1433.04,125.31,152.12,0.937213,-1,-1,-1
13,195,1140.90,499.30,80.19,108.74,0.852649,-1,-1,-1
13,230,4241.90,792.79,94.12,116.77,0.825408,-1,-1,-1
13,188,1120.88,1613.93,105.60,127.17,0.774861,-1,-1,-1
13,286,3770.86,781.28,106.41,117.95,0.790509,-1,-1,-1
13,287,1514.61,1239.72,86.95,126.34,0.850711,-1,-1,-1
13,289,2037.27,0.00,61.05,79.44,0.698232,-1,-1,-1
13,290,4080.28,1831.00,84.80,92.13,0.599182,-1,-1,-1
13,291,4054.42,1049.50,72.13,106.35,0.761893,-1,-1,-1
13,293,3111.14,2856.70,118.69,136.33,0.681151,-1,-1,-1
13,295,2398.04,1617.01,108.22,139.76,0.607409,-1,-1,-1
13,296,3569.90,140.02,84.06,159.65,0.745361,-1,-1,-1
13,298,1004.24,30.12,49.72,82.91,0.681734,-1,-1,-1
13,299,4283.10,2699.21,78.78,81.74,0.580540,-1,-1,-1
13,10,2965.08,2243.10,278.47,219.87,0.863905,-1,-1,-1
13,139,3378.69,2674.95,67.57,101.49,0.817306,-1,-1,-1
13,136,2270.73,523.70,93.36,125.19,0.630834,-1,-1,-1
13,13,2827.73,2581.14,255.95,204.10,0.873469,-1,-1,-1
13,131,1215.64,1832.01,111.41,138.25,0.907480,-1,-1,-1
13,85,4572.70,1254.77,121.10,138.59,0.913019,-1,-1,-1
13,209,3107.09,1033.86,100.31,127.62,0.776169,-1,-1,-1
13,196,4034.01,2281.01,99.55,121.70,0.819550,-1,-1,-1
13,114,4496.23,633.52,66.61,123.64,0.632093,-1,-1,-1
13,68,988.82,2173.12,110.57,171.98,0.755589,-1,-1,-1
13,58,1182.11,2632.25,266.98,167.38,0.743548,-1,-1,-1
13,22,4513.71,2902.72,296.76,298.76,0.988027,-1,-1,-1
13,242,3015.59,2590.12,112.53,162.10,0.633536,-1,-1,-1
13,163,3375.20,1349.75,74.14,147.78,0.752382,-1,-1,-1
13,180,980.42,648.91,95.62,141.53,0.647976,-1,-1,-1
13,72,2144.47,676.22,218.43,188.81,0.638571,-1,-1,-1
13,101,3829.47,2823.03,113.65,129.40,0.623937,-1,-1,-1
13,185,2570.54,2945.71,60.94,102.65,0.607456,-1,-1,-1
13,126,1642.17,1077.87,72.90,128.57,0.677440,-1,-1,-1
13,103,2891.61,1014.44,116.35,133.38,0.691180,-1,-1,-1
13,200,4653.11,115.96,79.18,86.26,0.620910,-1,-1,-1
14,19,3036.39,3131.88,238.95,211.08,0.655904,-1,-1,-1
14,28,1840.91,1002.40,284.79,219.26,0.958682,-1,-1,-1
14,33,1814.25,1900.27,239.17,214.52,0.958847,-1,-1,-1
14,40,1081.17,630.07,161.67,175.45,0.613421,-1,-1,-1
14,42,1900.98,2265.72,177.87,148.15,0.799347,-1,-1,-1
14,50,1697.66,1311.04,160.08,136.71,0.970285,-1,-1,-1
14,65,1708.57,479.72,209.51,184.65,0.877947,-1,-1,-1
14,86,4279.34,1661.54,77.39,140.38,0.832581,-1,-1,-1
14,90,2075.40,2603.00,89.16,164.28,0.857015,-1,-1,-1
14,96,1702.06,1926.74,80.57,114.95,0.863779,-1,-1,-1
14,97,2162.19,1302.65,126.42,150.34,0.799895,-1,-1,-1
14,99,1031.46,1067.72,153.43,192.70,0.956170,-1,-1,-1
14,100,1129.07,919.81,92.85,140.53,0.846386,-1,-1,-1
14,107,3768.56,2196.80,100.60,135.91,0.799316,-1,-1,-1
14,109,1410.84,3025.81,62.27,93.71,0.764932,-1,-1,-1
14,110,1483.61,113.03,85.01,118.35,0.812419,-1,-1,-1
14,112,1812.94,1032.02,109.36,136.54,0.919290,-1,-1,-1
14,69,1481.54,2538.30,121.73,140.33,0.842686,-1,-1,-1
14,71,1842.67,2598.73,162.65,136.93,0.879950,-1,-1,-1
14,75,1557.45,487.87,112.55,134.60,0.929792,-1,-1,-1
14,157,883.19,1374.81,76.98,153.25,0.649789,-1,-1,-1
14,166,2800.68,1559.46,114.21,140.91,0.784051,-1,-1,-1
14,169,3669.52,2157.37,81.67,77.17,0.636042,-1,-1,-1
14,47,2336.80,1292.54,192.14,184.06,0.779376,-1,-1,-1
14,179,2292.00,2523.79,80.15,117.16,0.827652,-1,-1,-1
14,9,2000.72,1560.49,280.19,220.84,0.902552,-1,-1,-1
14,210,2770.95,210.32,85.35,142.35,0.908626,-1,-1,-1
14,222,4413.62,1613.00,68.24,91.48,0.807061,-1,-1,-1
14,227,1687.20,3141.50,79.82,162.08,0.771223,-1,-1,-1
14,234,1478.71,2312.87,123.87,131.75,0.895897,-1,-1,-1
14,95,1049.95,349.15,90.34,136.05,0.898156,-1,-1,-1
14,1,2546.75,749.89,246.95,202.59,0.937394,-1,-1,-1
14,239,3669.76,1100.24,99.77,115.20,0.852092,-1,-1,-1
14,245,2682.77,1920.82,118.40,134.81,0.891935,-1,-1,-1
14,250,3226.58,794.11,90.87,114.39,0.881203,-1,-1,-1
14,34,1744.69,738.55,219.58,188.67,0.660920,-1,-1,-1
14,122,2371.14,2185.67,113.46,149.55,0.695408,-1,-1,-1
14,161,1606.66,1649.52,96.48,136.29,0.594554,-1,-1,-1
14,255,3017.28,1517.41,98.76,163.73,0.683201,-1,-1,-1
14,262,4057.14,2765.58,74.12,97.00,0.703129,-1,-1,-1
14,64,1342.58,1801.85,230.91,194.13,0.683583,-1,-1,-1
14,76,1290.83,1226.97,222.55,152.52,0.710010,-1,-1,-1
14,269,3436.65,1096.66,130.07,121.41,0.791995,-1,-1,-1
14,272,4671.01,2422.68,87.63,87.31,0.719338,-1,-1,-1
14,281,4120.78,1234.00,96.68,122.81,0.687885,-1,-1,-1
14,8,2321.44,1892.30,208.58,188.38,0.785531,-1,-1,-1
14,116,3707.47,1372.00,115.88,126.69,0.890781,-1,-1,-1
14,53,2441.95,2140.61,250.66,205.77,0.765957,-1,-1,-1
14,155,1326.77,453.74,139.11,177.16,0.934325,-1,-1,-1
14,67,1305.43,259.76,133.27,168.48,0.728687,-1,-1,-1
14,78,1407.61,723.18,192.37,189.56,0.874764,-1,-1,-1
14,156,1426.10,1433.11,121.66,149.51,0.946560,-1,-1,-1
14,195,1139.28,486.54,86.48,115.73,0.833493,-1,-1,-1
14,230,4241.64,791.80,95.42,118.01,0.834692,-1,-1,-1
14,188,1121.14,1612.78,105.16,126.30,0.766653,-1,-1,-1
14,286,3771.20,784.83,102.78,113.90,0.779910,-1,-1,-1
14,287,1518.44,1244.35,84.03,121.73,0.609090,-1,-1,-1
14,290,4078.25,1828.77,86.72,94.24,0.709696,-1,-1,-1
14,291,4053.56,1047.13,72.85,107.37,0.765518,-1,-1,-1
14,293,3110.89,2855.81,118.10,135.70,0.596932,-1,-1,-1
14,299,4283.62,2700.06,77.63,80.59,0.595836,-1,-1,-1
14,10,2964.42,2243.33,277.75,219.41,0.865338,-1,-1,-1
14,139,3378.96,2675.28,67.99,101.47,0.843972,-1,-1,-1
14,13,2840.83,2581.44,245.48,202.94,0.792940,-1,-1,-1
14,131,1210.90,1828.16,116.92,145.44,0.879063,-1,-1,-1
14,85,4571.74,1256.51,120.08,137.58,0.915276,-1,-1,-1
14,209,3107.95,1032.52,100.42,127.80,0.718422,-1,-1,-1
14,196,4033.95,2282.63,98.50,120.62,0.674232,-1,-1,-1
14,114,4500.26,638.33,63.05,113.85,0.648639,-1,-1,-1
14,303,4496.94,813.84,70.85,151.17,0.798643,-1,-1,-1
14,304,975.68,834.61,108.61,165.06,0.625972,-1,-1,-1
14,305,3561.19,2217.28,96.17,121.00,0.650165,-1,-1,-1
14,310,4058.90,2877.54,74.84,84.59,0.744780,-1,-1,-1
14,311,1085.84,1851.24,80.27,90.82,0.645230,-1,-1,-1
14,68,988.50,2172.37,112.43,172.56,0.771343,-1,-1,-1
14,58,1188.45,2634.00,251.12,166.48,0.661468,-1,-1,-1
14,242,3016.18,2592.38,112.55,163.66,0.694725,-1,-1,-1
14,163,3379.49,1371.87,65.89,128.34,0.690770,-1,-1,-1
14,180,985.35,682.65,84.63,124.88,0.603855,-1,-1,-1
14,72,2148.58,677.56,208.78,188.86,0.618429,-1,-1,-1
14,101,3827.69,2820.37,117.31,134.91,0.726060,-1,-1,-1
14,185,2573.44,2950.76,61.27,101.82,0.817749,-1,-1,-1
14,200,4660.54,116.06,78.69,84.80,0.629324,-1,-1,-1
14,77,1632.90,2291.64,193.31,167.59,0.627860,-1,-1,-1
14,32,3148.18,1322.01,291.33,248.97,0.850962,-1,-1,-1
14,138,1818.89,2873.85,85.23,161.23,0.594026,-1,-1,-1
14,83,1437.49,2067.56,144.90,156.77,0.948912,-1,-1,-1
14,125,3569.20,1011.80,96.66,114.08,0.607753,-1,-1,-1
14,202,4210.99,1265.80,85.51,187.43,0.693084,-1,-1,-1
14,184,4039.95,867.86,91.59,138.99,0.611950,-1,-1,-1
14,164,1881.03,1273.70,146.74,205.05,0.768454,-1,-1,-1
14,61,1867.30,3343.30,269.80,160.99,0.608773,-1,-1,-1
15,28,1845.95,1003.30,283.03,218.77,0.948809,-1,-1,-1
15,33,1813.26,1899.80,237.90,214.03,0.919274,-1,-1,-1
15,40,1081.93,627.41,164.26,180.16,0.639773,-1,-1,-1
15,42,1903.08,2266.70,172.36,147.18,0.842448,-1,-1,-1
15,50,1698.44,1310.54,157.13,136.87,0.970547,-1,-1,-1
15,65,1712.50,479.22,202.94,185.79,0.867217,-1,-1,-1
15,86,4280.05,1658.50,74.30,134.22,0.866425,-1,-1,-1
15,90,2074.58,2604.68,89.21,163.04,0.786288,-1,-1,-1
15,96,1701.13,1926.62,80.10,114.94,0.816434,-1,-1,-1
15,97,2161.14,1303.10,127.06,150.55,0.839658,-1,-1,-1
15,99,1031.69,1069.20,152.68,191.75,0.911980,-1,-1,-1
15,100,1129.95,919.93,93.84,139.97,0.849986,-1,-1,-1
15,107,3767.24,2197.26,100.07,135.29,0.791624,-1,-1,-1
15,109,1409.90,3027.39,62.66,93.93,0.746318,-1,-1,-1
15,110,1486.01,113.83,81.81,114.65,0.783239,-1,-1,-1
15,112,1812.51,1033.03,108.91,135.33,0.938989,-1,-1,-1
15,69,1480.11,2538.00,121.04,139.36,0.874738,-1,-1,-1
15,71,1844.47,2598.44,158.42,137.39,0.873592,-1,-1,-1
15,75,1559.74,490.27,107.91,129.42,0.943529,-1,-1,-1
15,157,883.88,1367.84,78.12,156.76,0.690292,-1,-1,-1
15,166,2799.95,1559.58,114.02,140.64,0.776036,-1,-1,-1
15,169,3667.94,2157.56,82.67,77.45,0.680808,-1,-1,-1
15,47,2340.72,1293.31,182.52,181.01,0.812973,-1,-1,-1
15,179,2291.73,2522.66,81.27,118.38,0.788515,-1,-1,-1
15,9,2072.91,1565.88,245.10,203.29,0.798730,-1,-1,-1
15,210,2773.22,209.23,86.03,143.39,0.881379,-1,-1,-1
15,222,4414.04,1619.85,65.11,86.88,0.731665,-1,-1,-1
15,227,1690.25,3142.07,79.73,162.12,0.812177,-1,-1,-1
15,234,1476.60,2309.19,126.35,135.05,0.857725,-1,-1,-1
15,95,1048.42,347.16,88.14,134.32,0.850969,-1,-1,-1
15,1,2547.50,749.93,244.54,200.73,0.913930,-1,-1,-1
15,239,3669.45,1101.37,98.64,113.42,0.820697,-1,-1,-1
15,245,2679.51,1918.63,120.09,136.58,0.849424,-1,-1,-1
15,250,3226.81,793.71,90.89,114.59,0.855209,-1,-1,-1
15,34,1750.39,739.16,209.26,187.13,0.611763,-1,-1,-1
15,122,2370.86,2186.04,111.46,147.31,0.604612,-1,-1,-1
15,262,4057.33,2765.88,74.05,97.26,0.677318,-1,-1,-1
15,64,1340.32,1798.32,231.22,197.47,0.960350,-1,-1,-1
15,76,1297.41,1227.49,211.73,152.61,0.789025,-1,-1,-1
15,269,3435.17,1095.56,130.65,122.26,0.763516,-1,-1,-1
15,281,4121.84,1235.44,95.33,121.34,0.773185,-1,-1,-1
15,8,2334.62,1894.87,190.12,180.54,0.777491,-1,-1,-1
15,116,3706.63,1371.61,114.77,125.39,0.889813,-1,-1,-1
15,53,2452.21,2143.43,236.02,202.89,0.814924,-1,-1,-1
15,155,1328.22,453.74,137.48,176.10,0.901595,-1,-1,-1
15,78,1406.70,722.53,192.83,191.82,0.772121,-1,-1,-1
15,156,1423.86,1437.26,116.80,144.26,0.949326,-1,-1,-1
15,195,1138.08,485.79,85.49,110.91,0.867472,-1,-1,-1
15,230,4243.53,791.73,94.57,115.95,0.810825,-1,-1,-1
15,188,1122.37,1612.13,107.73,128.62,0.740913,-1,-1,-1
15,286,3773.24,790.13,97.67,108.07,0.717078,-1,-1,-1
15,287,1528.16,1238.41,85.67,123.84,0.743244,-1,-1,-1
15,290,4078.93,1829.70,86.08,93.47,0.617439,-1,-1,-1
15,291,4053.24,1046.63,73.09,107.66,0.761976,-1,-1,-1
15,299,4283.38,2701.24,77.58,80.63,0.660537,-1,-1,-1
15,10,2964.68,2242.86,279.75,220.93,0.921744,-1,-1,-1
15,139,3379.80,2674.00,68.42,102.35,0.693558,-1,-1,-1
15,13,2838.76,2581.28,239.25,202.88,0.923396,-1,-1,-1
15,131,1207.87,1826.28,119.88,149.32,0.866745,-1,-1,-1
15,209,3108.00,1031.69,100.43,127.86,0.711521,-1,-1,-1
15,196,4032.96,2282.51,98.95,121.28,0.719819,-1,-1,-1
15,304,975.71,835.55,108.13,164.17,0.770447,-1,-1,-1
15,305,3561.09,2216.60,95.82,120.63,0.649826,-1,-1,-1
15,310,4059.39,2877.56,74.91,84.70,0.723136,-1,-1,-1
15,68,988.01,2178.48,110.76,168.73,0.845801,-1,-1,-1
15,58,1194.41,2634.86,238.42,166.05,0.743188,-1,-1,-1
15,242,3024.15,2596.56,98.14,142.81,0.716722,-1,-1,-1
15,163,3377.56,1362.04,71.41,138.09,0.696045,-1,-1,-1
15,72,2154.13,678.08,198.21,187.01,0.732572,-1,-1,-1
15,101,3829.32,2823.92,114.92,132.79,0.583016,-1,-1,-1
15,185,2570.72,2952.50,60.36,98.52,0.701041,-1,-1,-1
15,200,4664.34,114.64,80.09,85.09,0.833794,-1,-1,-1
15,316,2566.72,3116.64,78.03,169.69,0.640208,-1,-1,-1
15,317,1050.36,158.03,93.56,150.44,0.642457,-1,-1,-1
15,318,3856.92,1437.95,105.90,126.78,0.691513,-1,-1,-1
15,77,1641.85,2290.28,189.08,170.90,0.685424,-1,-1,-1
15,138,1823.11,2862.64,92.90,171.03,0.618600,-1,-1,-1
15,83,1438.93,2068.58,141.64,155.54,0.935735,-1,-1,-1
15,164,1883.56,1275.82,144.98,204.27,0.674581,-1,-1,-1
15,226,4490.46,1973.68,54.95,77.29,0.649832,-1,-1,-1
15,140,3461.97,2433.83,91.35,87.39,0.654315,-1,-1,-1
15,201,1139.39,2268.30,84.36,119.93,0.829557,-1,-1,-1
15,51,3423.78,312.33,254.68,229.39,0.675268,-1,-1,-1
15,35,1576.46,1419.22,213.33,180.36,0.626022,-1,-1,-1
15,104,3282.67,1894.87,126.03,177.91,0.660292,-1,-1,-1
15,44,2331.14,3104.84,286.23,219.50,0.916497,-1,-1,-1
15,22,4516.35,2906.76,290.47,295.80,0.987780,-1,-1,-1
16,28,1845.45,1003.06,283.72,220.28,0.897529,-1,-1,-1
16,33,1818.08,1900.05,234.64,212.66,0.774716,-1,-1,-1
16,40,1080.66,627.19,163.66,182.17,0.738210,-1,-1,-1
16,42,1903.67,2265.97,169.06,148.11,0.829650,-1,-1,-1
16,50,1699.67,1308.80,154.57,137.30,0.949501,-1,-1,-1
16,65,1718.81,479.42,190.74,180.99,0.877599,-1,-1,-1
16,86,4280.16,1654.46,77.11,139.73,0.839704,-1,-1,-1
16,90,2074.20,2607.28,88.72,160.88,0.803991,-1,-1,-1
16,96,1702.02,1929.60,76.59,109.89,0.843343,-1,-1,-1
16,97,2159.05,1300.68,128.36,152.38,0.822387,-1,-1,-1
16,99,1046.42,1077.82,142.06,179.38,0.879346,-1,-1,-1
16,100,1127.34,918.29,96.26,142.69,0.832923,-1,-1,-1
16,107,3766.06,2195.75,100.97,136.82,0.784115,-1,-1,-1
16,109,1407.83,3029.42,62.16,92.09,0.782915,-1,-1,-1
16,110,1489.49,119.75,79.13,111.93,0.701695,-1,-1,-1
16,112,1810.42,1031.03,110.02,136.43,0.949109,-1,-1,-1
16,69,1479.91,2538.42,120.86,139.03,0.811756,-1,-1,-1
16,71,1845.08,2598.01,157.76,140.81,0.873965,-1,-1,-1
16,75,1560.56,491.51,106.57,128.35,0.931674,-1,-1,-1
16,166,2800.56,1559.45,114.31,140.51,0.870596,-1,-1,-1
16,47,2343.96,1292.65,176.63,181.37,0.759974,-1,-1,-1
16,179,2292.19,2529.64,75.71,109.78,0.723036,-1,-1,-1
16,9,2101.52,1565.91,229.19,200.02,0.786079,-1,-1,-1
16,210,2772.96,215.94,83.35,138.52,0.900213,-1,-1,-1
16,227,1692.50,3144.11,80.52,164.47,0.813769,-1,-1,-1
16,234,1475.36,2306.83,128.56,138.31,0.874902,-1,-1,-1
16,95,1049.98,345.61,86.86,133.78,0.873424,-1,-1,-1
16,1,2543.95,750.19,243.57,201.28,0.866076,-1,-1,-1
16,239,3669.18,1102.44,97.94,112.06,0.684613,-1,-1,-1
16,245,2679.44,1918.40,120.09,136.79,0.764344,-1,-1,-1
16,250,3227.33,792.87,91.15,114.55,0.872328,-1,-1,-1
16,262,4056.81,2763.49,75.01,98.95,0.775117,-1,-1,-1
16,76,1300.55,1225.64,204.85,154.12,0.880676,-1,-1,-1
16,269,3434.66,1095.84,129.90,121.72,0.772403,-1,-1,-1
16,281,4121.48,1235.74,93.20,119.06,0.699065,-1,-1,-1
16,8,2341.09,1894.76,181.32,180.93,0.682458,-1,-1,-1
16,116,3705.70,1370.30,114.63,125.69,0.871813,-1,-1,-1
16,53,2453.70,2145.89,224.79,200.94,0.839051,-1,-1,-1
16,155,1325.42,455.02,134.18,171.87,0.911975,-1,-1,-1
16,78,1403.90,720.02,195.21,195.91,0.636414,-1,-1,-1
16,195,1135.74,482.46,87.75,111.81,0.839871,-1,-1,-1
16,230,4241.15,788.51,96.75,118.67,0.822711,-1,-1,-1
16,286,3775.85,790.52,97.85,108.17,0.702143,-1,-1,-1
16,287,1525.11,1240.04,87.50,126.36,0.628014,-1,-1,-1
16,290,4078.05,1828.62,86.78,94.34,0.677334,-1,-1,-1
16,291,4054.18,1046.93,73.51,108.18,0.768040,-1,-1,-1
16,299,4283.20,2700.92,77.08,80.26,0.584731,-1,-1,-1
16,10,2963.25,2244.06,278.93,220.28,0.953826,-1,-1,-1
16,139,3378.29,2675.12,67.92,101.05,0.794448,-1,-1,-1
16,131,1205.67,1824.90,122.00,152.31,0.896417,-1,-1,-1
16,196,4033.07,2279.02,101.75,124.83,0.805101,-1,-1,-1
16,305,3560.76,2215.54,95.94,121.05,0.666641,-1,-1,-1
16,310,4059.76,2878.76,74.06,83.79,0.757850,-1,-1,-1
16,68,992.15,2200.70,99.41,147.96,0.836073,-1,-1,-1
16,58,1196.98,2634.98,229.08,166.73,0.649375,-1,-1,-1
16,163,3376.42,1364.30,71.34,135.79,0.624586,-1,-1,-1
16,72,2160.84,679.22,186.27,183.32,0.669828,-1,-1,-1
16,185,2569.03,2951.25,61.50,99.07,0.809452,-1,-1,-1
16,200,4666.02,114.69,82.20,85.97,0.869719,-1,-1,-1
16,316,2565.85,3115.86,77.38,168.49,0.652572,-1,-1,-1
16,317,1053.59,152.03,96.70,156.17,0.722407,-1,-1,-1
16,318,3850.80,1432.44,111.15,132.89,0.627355,-1,-1,-1
16,83,1438.12,2066.55,141.14,157.51,0.933109,-1,-1,-1
16,321,1663.02,2080.42,146.21,166.27,0.773287,-1,-1,-1
16,326,4402.99,226.06,101.03,160.79,0.641764,-1,-1,-1
16,327,3934.46,2409.32,66.16,92.55,0.722356,-1,-1,-1
16,140,3459.42,2435.89,89.41,86.25,0.606440,-1,-1,-1
16,201,1135.77,2275.51,82.08,116.70,0.595622,-1,-1,-1
16,44,2338.12,3106.07,274.37,213.96,0.666049,-1,-1,-1
16,187,3569.40,1806.55,99.74,95.50,0.670052,-1,-1,-1
16,149,3427.87,313.23,106.83,127.86,0.636401,-1,-1,-1
16,170,885.05,-0.07,91.99,98.57,0.643130,-1,-1,-1
16,177,1000.69,1746.51,196.94,183.39,0.896040,-1,-1,-1
16,37,1493.94,225.08,159.13,163.77,0.682842,-1,-1,-1
16,48,1234.60,2239.38,189.94,188.51,0.916113,-1,-1,-1
16,241,3812.22,38.34,46.64,78.84,0.624281,-1,-1,-1
16,19,3009.23,3126.02,251.25,215.15,0.987561,-1,-1,-1
16,255,3017.66,1518.65,97.85,161.57,0.670010,-1,-1,-1
16,272,4674.22,2423.01,85.01,84.52,0.617115,-1,-1,-1
16,85,4570.60,1255.97,119.68,137.07,0.903663,-1,-1,-1
16,114,4497.24,637.59,74.35,133.72,0.628960,-1,-1,-1
16,180,981.64,659.86,90.80,135.17,0.600767,-1,-1,-1
16,202,4191.47,1276.39,80.77,177.16,0.737632,-1,-1,-1
17,28,1840.15,998.96,288.62,225.27,0.951767,-1,-1,-1
17,33,1811.97,1896.81,240.02,218.95,0.658713,-1,-1,-1
17,40,1078.54,626.75,162.34,182.66,0.597130,-1,-1,-1
17,42,1904.49,2265.59,165.52,148.34,0.824571,-1,-1,-1
17,50,1699.91,1306.15,154.87,140.09,0.940163,-1,-1,-1
17,65,1723.15,479.49,179.39,175.65,0.885674,-1,-1,-1
17,86,4279.03,1654.17,78.65,142.06,0.891730,-1,-1,-1
17,90,2072.35,2606.25,90.21,163.53,0.786507,-1,-1,-1
17,96,1692.71,1928.24,77.02,110.56,0.853852,-1,-1,-1
17,97,2156.86,1298.11,130.70,156.08,0.839456,-1,-1,-1
17,99,1056.46,1085.64,130.27,164.51,0.923050,-1,-1,-1
17,100,1124.91,918.74,96.60,142.48,0.833425,-1,-1,-1
17,107,3765.01,2194.86,101.36,138.00,0.797500,-1,-1,-1
17,109,1406.55,3029.51,62.78,92.05,0.811156,-1,-1,-1
17,110,1481.75,118.08,78.64,110.77,0.841117,-1,-1,-1
17,112,1810.05,1031.12,109.83,135.78,0.902802,-1,-1,-1
17,69,1478.57,2538.45,122.18,140.35,0.851054,-1,-1,-1
17,71,1851.73,2596.15,155.46,143.70,0.787874,-1,-1,-1
17,75,1561.94,491.74,105.72,127.86,0.916480,-1,-1,-1
17,47,2345.25,1288.91,173.52,184.31,0.751204,-1,-1,-1
17,179,2291.86,2530.26,74.85,107.98,0.718268,-1,-1,-1
17,9,2115.25,1565.85,214.25,196.20,0.808436,-1,-1,-1
17,210,2773.19,218.23,83.13,137.60,0.918927,-1,-1,-1
17,227,1699.62,3145.76,81.00,166.40,0.646418,-1,-1,-1
17,234,1475.80,2306.86,127.17,137.63,0.822628,-1,-1,-1
17,95,1049.99,369.25,79.64,121.06,0.702350,-1,-1,-1
17,1,2542.35,750.16,241.80,201.38,0.920690,-1,-1,-1
17,239,3669.93,1103.90,96.81,110.10,0.644638,-1,-1,-1
17,245,2674.13,1912.80,124.80,142.66,0.699698,-1,-1,-1
17,250,3227.74,792.16,91.29,114.20,0.853630,-1,-1,-1
17,262,4056.98,2762.53,75.05,99.51,0.753432,-1,-1,-1
17,269,3434.46,1095.44,129.75,121.85,0.791869,-1,-1,-1
17,281,4117.09,1235.49,94.75,122.25,0.719540,-1,-1,-1
17,8,2345.14,1896.61,171.72,178.99,0.798306,-1,-1,-1
17,116,3704.97,1369.73,113.12,124.70,0.854510,-1,-1,-1
17,53,2460.81,2147.43,215.23,200.16,0.811142,-1,-1,-1
17,155,1322.72,456.29,131.94,169.40,0.911138,-1,-1,-1
17,230,4240.15,787.50,97.74,119.85,0.815488,-1,-1,-1
17,286,3770.83,782.66,104.20,115.33,0.763049,-1,-1,-1
17,287,1515.90,1237.10,85.49,122.76,0.640454,-1,-1,-1
17,290,4077.25,1827.08,87.89,95.69,0.669483,-1,-1,-1
17,291,4055.25,1058.04,67.72,99.26,0.681764,-1,-1,-1
17,299,4282.65,2700.43,77.70,81.07,0.620335,-1,-1,-1
17,10,2963.26,2243.98,279.36,220.45,0.942788,-1,-1,-1
17,139,3377.71,2676.95,68.47,101.40,0.807512,-1,-1,-1
17,131,1201.69,1820.87,125.48,157.66,0.830555,-1,-1,-1
17,196,4031.52,2275.88,104.45,128.50,0.714606,-1,-1,-1
17,310,4060.42,2879.04,73.33,83.03,0.670530,-1,-1,-1
17,163,3378.91,1391.29,61.34,111.03,0.610546,-1,-1,-1
17,72,2168.20,675.76,173.02,176.43,0.815514,-1,-1,-1
17,185,2569.72,2950.14,62.36,99.76,0.767373,-1,-1,-1
17,200,4665.98,114.29,88.37,91.92,0.860634,-1,-1,-1
17,316,2567.44,3115.51,76.05,166.19,0.681469,-1,-1,-1
17,83,1438.69,2065.48,140.03,158.26,0.933847,-1,-1,-1
17,329,4057.07,2401.40,77.72,99.67,0.590212,-1,-1,-1
17,334,3931.80,3308.67,70.62,82.55,0.651280,-1,-1,-1
17,336,1387.83,1437.46,76.32,137.26,0.653774,-1,-1,-1
17,337,3485.92,2524.97,111.45,122.05,0.668682,-1,-1,-1
17,339,4661.32,0.00,72.42,82.67,0.805642,-1,-1,-1
17,341,3263.99,1463.03,108.28,105.96,0.659117,-1,-1,-1
17,187,3567.28,1803.76,102.82,98.49,0.647600,-1,-1,-1
17,149,3428.47,313.35,105.96,127.39,0.722379,-1,-1,-1
17,177,999.27,1743.94,194.80,185.51,0.906908,-1,-1,-1
17,37,1495.10,223.05,152.29,163.57,0.719039,-1,-1,-1
17,48,1213.33,2244.87,157.16,162.10,0.607454,-1,-1,-1
17,241,3813.38,34.11,47.77,78.50,0.651000,-1,-1,-1
17,19,2999.33,3124.18,260.27,216.92,0.987625,-1,-1,-1
17,255,3019.30,1518.40,96.85,159.54,0.748668,-1,-1,-1
17,272,4670.38,2422.68,85.25,85.34,0.590485,-1,-1,-1
17,85,4569.07,1255.29,122.52,140.77,0.897945,-1,-1,-1
17,114,4494.53,638.15,74.17,131.91,0.711803,-1,-1,-1
17,180,987.89,663.34,92.16,137.38,0.794432,-1,-1,-1
17,186,3937.06,448.21,59.49,131.45,0.628739,-1,-1,-1
17,159,1018.64,2022.62,140.10,167.80,0.883234,-1,-1,-1
17,121,1123.44,2462.43,72.07,135.73,0.647307,-1,-1,-1
17,235,4179.38,1093.13,80.99,72.16,0.581235,-1,-1,-1
17,87,3449.42,1655.31,115.48,161.41,0.626892,-1,-1,-1
17,296,3569.71,141.33,78.20,147.49,0.581027,-1,-1,-1
17,298,1003.97,23.23,54.28,89.47,0.594362,-1,-1,-1
17,184,4036.42,867.17,100.37,154.11,0.789082,-1,-1,-1
17,222,4412.80,1615.97,67.72,89.55,0.742608,-1,-1,-1
17,122,2373.59,2189.23,107.36,142.68,0.637259,-1,-1,-1
17,35,1577.63,1426.28,199.91,175.06,0.715395,-1,-1,-1
18,28,1837.77,996.68,288.35,225.66,0.933073,-1,-1,-1
18,33,1810.16,1894.53,242.92,223.47,0.961643,-1,-1,-1
18,40,1078.59,628.53,157.50,180.21,0.648639,-1,-1,-1
18,42,1906.88,2264.60,162.93,149.13,0.862755,-1,-1,-1
18,50,1698.01,1302.72,155.86,143.30,0.929212,-1,-1,-1
18,65,1726.09,479.79,168.10,168.76,0.870375,-1,-1,-1
18,86,4280.24,1659.62,77.82,140.05,0.826555,-1,-1,-1
18,90,2073.62,2605.19,91.20,164.12,0.835576,-1,-1,-1
18,96,1683.35,1942.79,69.53,98.27,0.792246,-1,-1,-1
18,97,2156.59,1296.62,130.09,156.22,0.835627,-1,-1,-1
18,99,1058.80,1080.25,132.75,169.52,0.903100,-1,-1,-1
18,100,1120.82,918.30,96.82,143.75,0.862558,-1,-1,-1
18,107,3764.52,2193.77,101.80,139.17,0.731784,-1,-1,-1
18,109,1406.19,3030.05,62.80,91.08,0.798920,-1,-1,-1
18,110,1485.18,113.87,75.94,107.47,0.713431,-1,-1,-1
18,112,1809.18,1031.59,109.49,134.94,0.911400,-1,-1,-1
18,69,1477.37,2537.71,122.22,140.21,0.878725,-1,-1,-1
18,71,1851.96,2597.00,149.67,141.73,0.879109,-1,-1,-1
18,75,1563.31,492.27,103.60,125.52,0.901398,-1,-1,-1
18,47,2349.31,1290.75,168.61,185.38,0.864670,-1,-1,-1
18,179,2291.74,2529.84,75.06,107.64,0.691319,-1,-1,-1
18,9,2122.54,1565.85,202.90,194.60,0.792406,-1,-1,-1
18,210,2772.05,210.12,87.16,144.16,0.875523,-1,-1,-1
18,227,1702.96,3142.04,81.18,168.14,0.644501,-1,-1,-1
18,234,1474.84,2308.83,122.52,133.38,0.795597,-1,-1,-1
18,95,1053.07,378.92,78.07,115.18,0.767744,-1,-1,-1
18,1,2537.96,750.39,240.47,201.63,0.735156,-1,-1,-1
18,245,2671.76,1910.91,125.82,144.64,0.691498,-1,-1,-1
18,250,3227.35,792.27,91.24,113.80,0.816100,-1,-1,-1
18,262,4057.06,2764.96,73.00,97.13,0.627656,-1,-1,-1
18,269,3434.94,1095.17,129.18,121.54,0.803574,-1,-1,-1
18,281,4122.27,1235.25,96.02,123.76,0.834820,-1,-1,-1
18,8,2345.76,1893.86,170.28,185.47,0.673325,-1,-1,-1
18,116,3704.62,1369.19,112.09,123.97,0.852979,-1,-1,-1
18,53,2467.37,2148.39,204.68,197.60,0.847312,-1,-1,-1
18,155,1319.85,458.73,129.30,166.08,0.902728,-1,-1,-1
18,230,4240.12,786.77,97.76,119.74,0.811924,-1,-1,-1
18,286,3774.41,784.97,102.95,114.13,0.757204,-1,-1,-1
18,290,4076.86,1826.75,87.85,95.85,0.685326,-1,-1,-1
18,291,4054.06,1057.27,67.71,99.07,0.757980,-1,-1,-1
18,299,4281.83,2700.80,78.28,81.93,0.677295,-1,-1,-1
18,10,2962.12,2244.06,278.42,219.91,0.925122,-1,-1,-1
18,139,3376.06,2677.75,67.02,98.14,0.772082,-1,-1,-1
18,131,1200.85,1821.23,125.63,158.95,0.808484,-1,-1,-1
18,196,4031.31,2277.06,102.76,127.57,0.686754,-1,-1,-1
18,163,3378.10,1398.65,60.53,105.20,0.668684,-1,-1,-1
18,72,2170.83,677.86,166.74,176.43,0.808625,-1,-1,-1
18,185,2569.74,2949.57,63.03,100.22,0.736378,-1,-1,-1
18,200,4665.57,114.18,90.52,93.67,0.890712,-1,-1,-1
18,316,2568.11,3115.05,75.94,166.66,0.627163,-1,-1,-1
18,83,1439.20,2064.95,138.21,158.06,0.932405,-1,-1,-1
18,329,4054.20,2403.70,79.85,102.44,0.763751,-1,-1,-1
18,336,1390.41,1433.57,78.32,140.92,0.896985,-1,-1,-1
18,337,3486.87,2525.93,110.58,121.10,0.667712,-1,-1,-1
18,339,4663.01,0.00,71.47,81.65,0.843634,-1,-1,-1
18,341,3263.03,1461.13,110.24,107.96,0.712332,-1,-1,-1
18,187,3566.44,1802.48,103.69,99.29,0.621222,-1,-1,-1
18,149,3428.25,313.13,105.77,127.64,0.757968,-1,-1,-1
18,48,1205.10,2273.75,117.89,125.14,0.641916,-1,-1,-1
18,241,3810.65,26.26,53.49,86.41,0.711082,-1,-1,-1
18,255,3020.53,1521.20,94.33,154.90,0.831930,-1,-1,-1
18,272,4670.70,2423.57,85.89,86.58,0.708749,-1,-1,-1
18,345,877.60,1734.36,58.10,98.04,0.793651,-1,-1,-1
18,346,2451.88,2970.89,84.82,89.24,0.599140,-1,-1,-1
18,348,886.46,1577.45,58.87,128.70,0.646538,-1,-1,-1
18,350,2044.05,283.97,71.95,109.50,0.741604,-1,-1,-1
18,351,4629.19,2502.03,76.28,106.62,0.585863,-1,-1,-1
18,353,879.03,1860.26,54.89,78.90,0.741604,-1,-1,-1
18,121,1122.01,2460.69,74.26,136.91,0.757850,-1,-1,-1
18,235,4175.41,1086.11,86.45,77.94,0.673421,-1,-1,-1
18,87,3448.75,1649.28,117.62,165.79,0.809616,-1,-1,-1
18,184,4035.02,861.86,101.40,157.50,0.591969,-1,-1,-1
18,222,4412.53,1614.09,67.49,88.39,0.772119,-1,-1,-1
18,122,2375.27,2192.35,104.85,139.88,0.766690,-1,-1,-1
18,35,1578.43,1425.98,194.11,176.54,0.749496,-1,-1,-1
18,57,1315.40,2836.00,259.75,169.84,0.622263,-1,-1,-1
18,74,1113.32,3151.61,130.88,112.83,0.860704,-1,-1,-1
18,105,2751.75,2010.46,152.64,132.25,0.642447,-1,-1,-1
18,224,2577.06,1179.92,98.35,139.34,0.656122,-1,-1,-1
18,118,4146.08,2225.34,101.27,102.03,0.631135,-1,-1,-1
18,115,987.55,2437.91,111.83,132.21,0.766174,-1,-1,-1
18,229,4410.20,793.02,70.62,102.55,0.632529,-1,-1,-1
18,52,1470.30,1028.66,166.14,157.88,0.757195,-1,-1,-1
18,231,2595.73,1951.33,63.79,105.94,0.591721,-1,-1,-1
18,178,4470.93,2107.26,88.41,126.34,0.752548,-1,-1,-1
18,295,2402.58,1617.68,106.24,137.55,0.667659,-1,-1,-1
18,161,1591.43,1649.12,97.23,138.68,0.588211,-1,-1,-1
18,188,1114.38,1601.86,115.15,138.83,0.603280,-1,-1,-1
18,13,2836.06,2581.79,233.26,203.02,0.945309,-1,-1,-1
18,101,3827.62,2818.50,115.69,135.03,0.828990,-1,-1,-1
18,138,1825.66,2880.03,83.49,146.59,0.583312,-1,-1,-1
18,78,1408.51,719.46,191.02,194.00,0.583667,-1,-1,-1
18,58,1199.68,2631.29,224.95,170.82,0.622759,-1,-1,-1
18,326,4401.85,220.09,108.77,172.75,0.646804,-1,-1,-1
18,44,2341.66,3106.24,268.89,213.03,0.665821,-1,-1,-1
19,28,1835.98,996.02,285.42,223.64,0.788297,-1,-1,-1
19,33,1807.90,1894.21,242.90,224.76,0.989495,-1,-1,-1
19,42,1907.79,2263.92,160.61,150.14,0.818098,-1,-1,-1
19,50,1699.05,1301.18,154.82,144.87,0.948703,-1,-1,-1
19,65,1725.07,478.65,166.51,171.48,0.803607,-1,-1,-1
19,86,4279.29,1661.42,78.93,141.88,0.772025,-1,-1,-1
19,90,2074.02,2604.76,91.69,163.97,0.770681,-1,-1,-1
19,96,1679.44,1943.00,66.82,92.90,0.678129,-1,-1,-1
19,97,2155.16,1295.08,130.81,158.07,0.838180,-1,-1,-1
19,99,1061.11,1079.39,132.26,170.98,0.879653,-1,-1,-1
19,100,1125.45,916.28,96.57,141.53,0.882719,-1,-1,-1
19,107,3764.24,2193.58,101.82,139.75,0.726378,-1,-1,-1
19,109,1407.28,3030.79,62.92,90.03,0.817566,-1,-1,-1
19,112,1808.30,1031.88,109.30,134.21,0.910889,-1,-1,-1
19,69,1475.36,2536.06,123.89,142.24,0.907052,-1,-1,-1
19,71,1851.40,2596.04,146.32,141.91,0.890748,-1,-1,-1
19,75,1562.99,493.51,102.99,125.28,0.948116,-1,-1,-1
19,47,2353.32,1293.06,162.02,184.01,0.866734,-1,-1,-1
19,179,2291.54,2528.59,75.77,107.68,0.687384,-1,-1,-1
19,9,2127.49,1565.78,193.86,194.41,0.753182,-1,-1,-1
19,210,2771.29,209.09,87.89,145.64,0.832378,-1,-1,-1
19,227,1704.20,3139.93,81.37,170.00,0.604003,-1,-1,-1
19,234,1473.38,2309.18,120.63,132.25,0.810728,-1,-1,-1
19,95,1050.16,374.58,83.12,122.51,0.810102,-1,-1,-1
19,245,2669.79,1910.61,125.64,144.96,0.708848,-1,-1,-1
19,250,3226.70,791.66,91.42,113.79,0.768675,-1,-1,-1
19,269,3435.62,1094.60,129.42,121.88,0.770260,-1,-1,-1
19,281,4117.47,1234.91,96.02,125.05,0.773419,-1,-1,-1
19,8,2349.81,1893.03,163.43,185.70,0.584015,-1,-1,-1
19,116,3703.92,1368.54,111.47,123.76,0.892336,-1,-1,-1
19,53,2474.59,2148.21,196.60,197.37,0.793974,-1,-1,-1
19,155,1316.63,460.65,125.57,162.58,0.845700,-1,-1,-1
19,230,4239.38,785.57,98.65,120.93,0.826207,-1,-1,-1
19,286,3773.83,782.18,105.07,116.77,0.695563,-1,-1,-1
19,290,4076.53,1826.39,87.65,95.89,0.689972,-1,-1,-1
19,291,4053.49,1055.95,68.63,100.36,0.763823,-1,-1,-1
19,299,4280.30,2701.11,78.72,82.82,0.621150,-1,-1,-1
19,10,2961.18,2244.26,277.94,219.70,0.930668,-1,-1,-1
19,139,3373.45,2677.23,67.20,97.44,0.676662,-1,-1,-1
19,131,1198.98,1822.98,122.97,157.30,0.833122,-1,-1,-1
19,196,4032.86,2279.80,100.04,124.91,0.818623,-1,-1,-1
19,163,3376.40,1402.78,62.82,105.28,0.786352,-1,-1,-1
19,72,2185.84,681.90,147.78,158.59,0.892843,-1,-1,-1
19,185,2567.87,2949.92,63.67,99.69,0.807409,-1,-1,-1
19,200,4663.37,119.26,92.24,95.68,0.865391,-1,-1,-1
19,316,2569.30,3115.37,75.12,165.67,0.692014,-1,-1,-1
19,83,1439.52,2065.61,136.22,157.27,0.909918,-1,-1,-1
19,329,4052.93,2403.86,78.19,100.33,0.746057,-1,-1,-1
19,336,1393.88,1432.60,81.07,145.65,0.911270,-1,-1,-1
19,337,3489.26,2529.10,107.75,118.03,0.716099,-1,-1,-1
19,339,4660.42,0.00,74.95,85.84,0.798734,-1,-1,-1
19,341,3261.57,1460.83,110.69,108.48,0.637518,-1,-1,-1
19,187,3564.76,1800.04,106.26,101.79,0.689233,-1,-1,-1
19,149,3428.02,312.73,105.47,128.09,0.707406,-1,-1,-1
19,241,3810.78,26.58,53.39,85.00,0.692328,-1,-1,-1
19,255,3020.41,1524.20,93.26,152.84,0.718246,-1,-1,-1
19,272,4669.92,2423.91,86.28,87.71,0.667260,-1,-1,-1
19,345,871.47,1741.48,54.20,91.21,0.583824,-1,-1,-1
19,346,2446.92,2961.37,90.34,95.16,0.799553,-1,-1,-1
19,350,2048.69,286.86,70.98,108.01,0.697369,-1,-1,-1
19,121,1121.71,2457.59,75.83,138.15,0.628361,-1,-1,-1
19,235,4175.11,1084.95,87.41,79.74,0.714519,-1,-1,-1
19,87,3448.12,1646.32,118.41,168.23,0.789554,-1,-1,-1
19,184,4034.90,860.25,101.21,158.88,0.658218,-1,-1,-1
19,222,4411.99,1612.90,68.35,88.78,0.754121,-1,-1,-1
19,122,2376.67,2193.06,104.07,140.16,0.807644,-1,-1,-1
19,35,1582.93,1428.54,186.00,174.57,0.706859,-1,-1,-1
19,357,1672.16,2941.27,85.42,95.92,0.614070,-1,-1,-1
19,361,2082.51,905.13,82.56,137.59,0.763545,-1,-1,-1
19,57,1323.85,2834.75,243.63,171.38,0.701408,-1,-1,-1
19,74,1119.54,3147.76,130.59,116.20,0.791773,-1,-1,-1
19,105,2754.27,2009.63,149.27,133.97,0.605224,-1,-1,-1
19,224,2574.06,1180.54,98.86,139.19,0.705613,-1,-1,-1
19,118,4145.42,2225.60,100.83,102.34,0.661666,-1,-1,-1
19,52,1474.65,1027.75,160.32,160.85,0.727451,-1,-1,-1
19,295,2401.73,1618.51,106.02,137.23,0.793307,-1,-1,-1
19,13,2831.40,2581.60,230.15,203.13,0.967246,-1,-1,-1
19,101,3829.44,2820.23,113.08,132.90,0.820630,-1,-1,-1
19,58,1207.78,2629.90,216.86,171.37,0.768581,-1,-1,-1
19,106,4726.29,201.75,132.34,124.60,0.760850,-1,-1,-1
19,88,2772.13,1164.17,124.18,182.95,0.640784,-1,-1,-1
19,303,4493.85,824.30,75.03,159.22,0.666671,-1,-1,-1
19,311,1066.48,1859.84,96.49,110.73,0.731839,-1,-1,-1
19,22,4514.28,2900.88,293.03,303.11,0.978032,-1,-1,-1
19,321,1666.83,2093.20,132.99,150.84,0.711259,-1,-1,-1
19,239,3668.75,1103.29,97.30,109.65,0.697486,-1,-1,-1
19,287,1512.21,1227.89,89.79,129.48,0.754199,-1,-1,-1
19,177,1033.95,1727.49,150.49,148.64,0.797966,-1,-1,-1
19,19,3025.67,3133.23,240.42,208.70,0.715254,-1,-1,-1
19,85,4568.25,1254.80,123.28,142.18,0.901504,-1,-1,-1
19,114,4493.88,638.59,71.42,125.19,0.707663,-1,-1,-1
19,298,1015.85,3.60,56.41,91.29,0.793392,-1,-1,-1
20,28,1834.47,996.27,283.18,221.93,0.666221,-1,-1,-1
20,33,1803.27,1892.79,243.32,225.49,0.985129,-1,-1,-1
20,42,1908.33,2262.33,158.50,151.41,0.827611,-1,-1,-1
20,50,1700.39,1302.04,151.46,143.73,0.921459,-1,-1,-1
20,65,1727.31,478.77,161.91,170.75,0.858142,-1,-1,-1
20,86,4277.76,1661.78,80.18,144.76,0.640170,-1,-1,-1
20,90,2072.16,2606.04,90.77,162.22,0.716479,-1,-1,-1
20,96,1678.63,1945.78,66.98,91.75,0.719903,-1,-1,-1
20,97,2155.44,1293.58,130.65,158.59,0.834389,-1,-1,-1
20,99,1053.56,1076.59,134.67,174.08,0.894320,-1,-1,-1
20,100,1126.41,910.75,102.41,148.42,0.889008,-1,-1,-1
20,107,3764.34,2193.91,101.53,139.71,0.727959,-1,-1,-1
20,109,1408.53,3032.43,62.84,88.30,0.806173,-1,-1,-1
20,112,1806.78,1031.37,109.75,134.43,0.910557,-1,-1,-1
20,69,1473.90,2534.85,125.20,143.92,0.885492,-1,-1,-1
20,71,1851.18,2596.42,142.06,140.81,0.879444,-1,-1,-1
20,75,1566.32,492.17,101.39,124.66,0.849490,-1,-1,-1
20,47,2354.28,1292.88,159.23,186.56,0.856257,-1,-1,-1
20,179,2290.36,2527.55,77.17,108.21,0.731963,-1,-1,-1
20,9,2130.56,1564.04,186.85,195.62,0.778380,-1,-1,-1
20,210,2770.99,209.64,88.17,146.08,0.796986,-1,-1,-1
20,227,1704.57,3138.43,81.91,172.74,0.607894,-1,-1,-1
20,234,1476.80,2310.31,119.09,131.02,0.745477,-1,-1,-1
20,95,1047.68,370.86,85.53,126.73,0.810258,-1,-1,-1
20,245,2669.50,1908.66,126.31,146.46,0.634475,-1,-1,-1
20,250,3226.50,791.74,91.17,113.28,0.750185,-1,-1,-1
20,269,3434.50,1094.21,129.65,122.45,0.767578,-1,-1,-1
20,281,4116.06,1234.91,94.36,124.10,0.788725,-1,-1,-1
20,8,2352.26,1893.04,157.30,185.66,0.605395,-1,-1,-1
20,116,3703.39,1368.79,110.81,123.55,0.894697,-1,-1,-1
20,53,2475.34,2145.95,191.87,199.57,0.858866,-1,-1,-1
20,155,1315.87,461.39,125.66,163.78,0.835984,-1,-1,-1
20,230,4238.70,784.70,99.36,121.84,0.817620,-1,-1,-1
20,286,3773.66,781.11,105.91,117.91,0.749031,-1,-1,-1
20,290,4076.55,1827.35,86.81,95.21,0.677118,-1,-1,-1
20,291,4053.58,1059.79,68.70,100.30,0.723086,-1,-1,-1
20,299,4279.90,2700.98,79.26,83.77,0.624306,-1,-1,-1
20,10,2962.11,2243.79,281.42,222.22,0.972309,-1,-1,-1
20,139,3369.36,2675.93,70.89,102.42,0.654516,-1,-1,-1
20,131,1196.74,1821.70,123.33,159.80,0.826974,-1,-1,-1
20,196,4034.33,2279.80,98.82,124.15,0.836430,-1,-1,-1
20,163,3366.87,1370.44,82.31,138.29,0.850375,-1,-1,-1
20,72,2180.15,682.96,150.64,167.14,0.806378,-1,-1,-1
20,185,2567.05,2949.38,64.66,99.69,0.797946,-1,-1,-1
20,200,4665.38,115.73,90.74,92.90,0.777252,-1,-1,-1
20,316,2569.90,3116.33,74.76,165.43,0.681294,-1,-1,-1
20,83,1441.10,2066.18,133.96,156.06,0.940392,-1,-1,-1
20,329,4052.81,2403.82,77.87,100.05,0.737237,-1,-1,-1
20,336,1394.77,1431.63,82.78,148.42,0.928672,-1,-1,-1
20,337,3491.92,2531.31,103.90,113.76,0.694427,-1,-1,-1
20,341,3261.13,1461.02,110.43,108.34,0.650870,-1,-1,-1
20,187,3563.59,1797.73,108.30,103.82,0.674856,-1,-1,-1
20,149,3429.02,312.83,104.54,127.68,0.758426,-1,-1,-1
20,241,3810.67,31.46,53.24,82.88,0.740364,-1,-1,-1
20,272,4669.63,2424.06,85.10,87.02,0.628576,-1,-1,-1
20,346,2451.83,2969.74,85.46,90.13,0.641826,-1,-1,-1
20,121,1122.01,2457.82,76.92,137.94,0.792421,-1,-1,-1
20,235,4174.96,1081.01,87.69,81.07,0.607384,-1,-1,-1
20,87,3449.46,1648.70,116.28,165.95,0.801223,-1,-1,-1
20,222,4410.35,1614.64,67.75,88.03,0.669844,-1,-1,-1
20,122,2378.09,2194.31,102.49,138.63,0.776634,-1,-1,-1
20,35,1584.29,1435.03,176.09,168.92,0.789518,-1,-1,-1
20,361,2082.69,903.31,82.19,137.24,0.732826,-1,-1,-1
20,74,1123.88,3150.46,118.44,106.97,0.847925,-1,-1,-1
20,105,2751.48,2005.64,148.93,137.57,0.664369,-1,-1,-1
20,224,2573.06,1180.85,99.38,138.89,0.733282,-1,-1,-1
20,118,4144.71,2225.97,100.43,102.67,0.671495,-1,-1,-1
20,295,2401.96,1619.48,105.48,136.30,0.803920,-1,-1,-1
20,13,2843.13,2582.49,222.19,201.41,0.886281,-1,-1,-1
20,101,3828.92,2819.00,114.08,134.96,0.632068,-1,-1,-1
20,58,1208.42,2629.34,210.95,172.68,0.692887,-1,-1,-1
20,365,1392.36,1031.77,77.38,145.12,0.751399,-1,-1,-1
20,367,3935.06,268.39,77.79,152.12,0.724164,-1,-1,-1
20,368,3713.68,2725.73,99.10,119.90,0.631014,-1,-1,-1
20,321,1673.32,2105.26,123.32,138.40,0.740242,-1,-1,-1
20,239,3667.59,1102.38,98.33,109.75,0.658719,-1,-1,-1
20,287,1514.70,1228.50,88.76,129.31,0.600416,-1,-1,-1
20,298,1019.35,-0.06,56.36,89.28,0.740147,-1,-1,-1
20,317,1068.82,143.60,93.28,152.04,0.623194,-1,-1,-1
20,201,1135.27,2263.46,90.62,130.64,0.712922,-1,-1,-1
20,334,3931.07,3307.25,72.70,85.07,0.592901,-1,-1,-1
20,40,1126.87,642.79,129.21,153.55,0.603868,-1,-1,-1
20,110,1498.89,108.28,68.34,96.49,0.727781,-1,-1,-1
20,48,1202.27,2279.00,108.33,118.94,0.598852,-1,-1,-1
20,229,4412.17,790.25,65.57,95.50,0.679264,-1,-1,-1
20,161,1589.00,1644.26,98.40,141.68,0.595606,-1,-1,-1
20,44,2340.39,3106.85,265.09,213.08,0.872191,-1,-1,-1
21,28,1837.60,996.52,281.62,221.27,0.641568,-1,-1,-1
21,33,1802.26,1893.13,242.81,225.51,0.989289,-1,-1,-1
21,42,1909.99,2263.12,155.37,151.37,0.824535,-1,-1,-1
21,50,1702.28,1304.36,147.53,141.68,0.902949,-1,-1,-1
21,65,1729.25,479.03,157.68,170.03,0.821197,-1,-1,-1
21,86,4278.10,1656.14,81.42,147.85,0.807560,-1,-1,-1
21,90,2070.54,2606.44,90.38,161.90,0.706461,-1,-1,-1
21,96,1677.89,1946.50,67.94,91.72,0.713301,-1,-1,-1
21,97,2155.61,1293.19,130.52,159.26,0.841483,-1,-1,-1
21,99,1050.06,1076.34,134.61,173.58,0.816807,-1,-1,-1
21,100,1125.98,907.02,104.52,149.74,0.884542,-1,-1,-1
21,107,3764.20,2193.97,101.15,139.48,0.715613,-1,-1,-1
21,109,1406.63,3032.82,64.20,88.66,0.775068,-1,-1,-1
21,112,1804.56,1030.86,110.94,135.37,0.916634,-1,-1,-1
21,69,1472.06,2532.92,127.13,146.58,0.863996,-1,-1,-1
21,71,1851.65,2596.05,138.84,140.46,0.882508,-1,-1,-1
21,75,1563.47,490.69,101.58,125.24,0.930906,-1,-1,-1
21,47,2355.72,1293.46,156.33,188.86,0.840760,-1,-1,-1
21,179,2286.10,2525.66,80.75,112.39,0.810159,-1,-1,-1
21,9,2133.15,1563.78,178.06,194.32,0.777871,-1,-1,-1
21,210,2771.96,210.54,87.36,144.42,0.776919,-1,-1,-1
21,227,1703.59,3146.10,79.41,167.99,0.623674,-1,-1,-1
21,234,1476.27,2311.66,117.76,129.85,0.809340,-1,-1,-1
21,95,1046.93,377.85,81.51,119.73,0.700297,-1,-1,-1
21,250,3226.77,791.78,91.41,113.22,0.788283,-1,-1,-1
21,269,3435.74,1094.04,129.75,122.66,0.756174,-1,-1,-1
21,281,4116.40,1234.81,91.86,121.76,0.799164,-1,-1,-1
21,8,2355.22,1893.40,150.98,184.61,0.622715,-1,-1,-1
21,116,3703.64,1368.67,110.43,123.56,0.894750,-1,-1,-1
21,53,2476.92,2145.23,186.50,200.26,0.862238,-1,-1,-1
21,155,1316.92,458.62,128.12,167.30,0.745499,-1,-1,-1
21,230,4238.96,785.09,99.17,121.46,0.797796,-1,-1,-1
21,286,3774.80,780.57,106.00,118.58,0.649504,-1,-1,-1
21,290,4076.46,1827.26,86.54,95.08,0.598949,-1,-1,-1
21,291,4052.55,1059.18,69.98,102.14,0.652921,-1,-1,-1
21,299,4280.37,2701.56,78.58,83.40,0.677599,-1,-1,-1
21,10,2961.61,2243.03,283.61,223.98,0.973300,-1,-1,-1
21,139,3370.93,2676.46,68.79,98.55,0.681183,-1,-1,-1
21,131,1193.33,1821.27,120.26,159.51,0.605516,-1,-1,-1
21,196,4032.40,2277.74,99.53,126.27,0.621621,-1,-1,-1
21,163,3363.47,1356.51,89.23,150.61,0.866910,-1,-1,-1
21,72,2179.89,678.48,148.30,168.93,0.786626,-1,-1,-1
21,185,2568.02,2955.78,64.42,97.52,0.673405,-1,-1,-1
21,200,4666.61,115.98,88.27,88.24,0.871826,-1,-1,-1
21,316,2569.72,3116.09,74.35,165.58,0.669291,-1,-1,-1
21,83,1440.55,2065.70,133.18,156.62,0.937527,-1,-1,-1
21,329,4052.44,2404.48,77.95,100.03,0.767828,-1,-1,-1
21,336,1394.78,1431.15,84.38,151.09,0.900896,-1,-1,-1
21,337,3492.88,2532.30,102.25,111.86,0.716537,-1,-1,-1
21,341,3260.56,1461.03,110.16,108.23,0.638765,-1,-1,-1
21,187,3563.52,1797.28,108.42,103.94,0.661614,-1,-1,-1
21,149,3429.21,312.66,104.13,127.60,0.753962,-1,-1,-1
21,241,3809.32,24.71,57.72,88.94,0.656417,-1,-1,-1
21,272,4665.38,2424.29,90.31,92.89,0.658059,-1,-1,-1
21,346,2448.87,2969.06,86.03,90.73,0.800274,-1,-1,-1
21,121,1120.76,2455.20,79.68,141.96,0.799114,-1,-1,-1
21,235,4175.11,1077.92,87.72,82.36,0.592934,-1,-1,-1
21,87,3450.45,1647.39,116.66,167.86,0.774256,-1,-1,-1
21,222,4408.63,1615.09,68.36,89.26,0.636069,-1,-1,-1
21,122,2378.23,2194.05,102.38,139.51,0.741835,-1,-1,-1
21,35,1585.65,1438.69,168.01,165.27,0.779397,-1,-1,-1
21,74,1125.02,3150.65,114.63,105.04,0.845238,-1,-1,-1
21,105,2744.16,1999.83,152.30,143.96,0.762911,-1,-1,-1
21,224,2570.60,1180.98,99.04,138.09,0.702842,-1,-1,-1
21,118,4144.81,2226.29,101.24,104.31,0.606987,-1,-1,-1
21,295,2403.06,1618.98,105.65,136.86,0.657686,-1,-1,-1
21,13,2846.23,2582.88,217.98,201.95,0.848606,-1,-1,-1
21,101,3830.69,2821.78,111.08,131.70,0.583632,-1,-1,-1
21,58,1208.78,2628.42,204.60,173.92,0.585708,-1,-1,-1
21,365,1393.50,1035.64,74.63,139.92,0.758476,-1,-1,-1
21,367,3934.79,267.40,77.27,150.98,0.729248,-1,-1,-1
21,368,3711.80,2726.06,99.34,120.16,0.698790,-1,-1,-1
21,321,1672.51,2110.15,119.83,133.27,0.739809,-1,-1,-1
21,239,3665.51,1101.59,99.94,110.22,0.612130,-1,-1,-1
21,298,1018.73,-1.20,55.16,85.11,0.759614,-1,-1,-1
21,372,1626.37,2499.62,91.98,116.85,0.735372,-1,-1,-1
21,373,1164.15,3302.42,72.91,79.12,0.677720,-1,-1,-1
21,374,4406.32,912.53,86.20,105.87,0.580376,-1,-1,-1
21,375,1805.15,177.51,112.01,193.80,0.721092,-1,-1,-1
21,378,1506.65,277.84,61.85,140.32,0.614672,-1,-1,-1
21,317,1072.14,140.37,91.85,150.03,0.787251,-1,-1,-1
21,201,1139.41,2263.19,92.11,133.14,0.764040,-1,-1,-1
21,40,1133.81,638.78,127.98,158.58,0.656789,-1,-1,-1
21,110,1498.68,107.36,66.58,93.99,0.625306,-1,-1,-1
21,48,1219.95,2251.59,150.67,164.57,0.894916,-1,-1,-1
21,229,4411.22,791.80,68.51,100.27,0.606128,-1,-1,-1
21,49,4509.07,760.25,252.11,262.80,0.630970,-1,-1,-1
21,150,871.28,1184.07,66.98,143.93,0.814680,-1,-1,-1
21,136,2271.64,524.39,90.85,122.09,0.593424,-1,-1,-1
21,64,1341.21,1800.78,222.95,195.73,0.689149,-1,-1,-1
21,68,1004.04,2210.73,87.11,131.67,0.666770,-1,-1,-1
21,231,2593.77,1949.82,66.41,109.53,0.587527,-1,-1,-1
21,188,1116.94,1609.12,107.68,130.18,0.647006,-1,-1,-1
21,326,4397.33,220.12,109.57,173.82,0.645709,-1,-1,-1
21,255,3020.71,1529.18,91.25,149.02,0.601206,-1,-1,-1
21,345,871.01,1741.38,53.47,89.46,0.666744,-1,-1,-1
21,19,3034.52,3131.51,235.18,212.31,0.942400,-1,-1,-1
22,28,1842.62,996.21,280.39,221.70,0.625931,-1,-1,-1
22,33,1805.41,1893.08,241.30,225.15,0.986288,-1,-1,-1
22,42,1911.51,2262.86,152.00,150.83,0.825585,-1,-1,-1
22,50,1702.04,1302.64,147.47,143.28,0.908075,-1,-1,-1
22,65,1730.24,482.11,153.88,168.93,0.840503,-1,-1,-1
22,86,4277.62,1658.77,81.23,147.92,0.687092,-1,-1,-1
22,90,2070.00,2605.82,90.76,163.06,0.678762,-1,-1,-1
22,96,1675.97,1944.55,68.96,92.03,0.709909,-1,-1,-1
22,97,2156.19,1293.45,128.04,156.65,0.842974,-1,-1,-1
22,99,1047.67,1071.45,136.76,176.48,0.844800,-1,-1,-1
22,100,1125.34,903.31,106.60,151.41,0.877298,-1,-1,-1
22,107,3764.05,2193.37,101.09,139.96,0.668547,-1,-1,-1
22,109,1403.49,3033.29,65.50,89.05,0.750891,-1,-1,-1
22,112,1803.87,1031.18,110.89,134.59,0.936845,-1,-1,-1
22,69,1472.20,2532.34,127.90,148.04,0.883027,-1,-1,-1
22,71,1852.43,2595.65,136.80,141.21,0.880418,-1,-1,-1
22,75,1571.91,499.72,94.53,116.98,0.834858,-1,-1,-1
22,47,2351.93,1286.41,160.32,200.20,0.775571,-1,-1,-1
22,179,2282.97,2527.44,81.39,113.05,0.819301,-1,-1,-1
22,9,2134.33,1562.87,172.34,195.48,0.791383,-1,-1,-1
22,210,2773.36,213.35,87.05,143.81,0.910579,-1,-1,-1
22,227,1703.33,3145.36,78.33,165.99,0.691910,-1,-1,-1
22,234,1475.39,2308.47,120.38,132.95,0.857810,-1,-1,-1
22,95,1046.26,381.15,80.42,116.94,0.689301,-1,-1,-1
22,250,3226.95,792.54,91.04,112.37,0.768460,-1,-1,-1
22,269,3435.43,1093.30,130.19,123.24,0.723264,-1,-1,-1
22,281,4116.72,1234.71,91.03,121.99,0.762345,-1,-1,-1
22,8,2358.45,1894.20,144.30,182.21,0.645817,-1,-1,-1
22,116,3704.83,1368.97,110.44,123.71,0.852213,-1,-1,-1
22,53,2474.76,2145.03,181.70,200.28,0.890261,-1,-1,-1
22,155,1316.98,456.21,131.78,171.00,0.787900,-1,-1,-1
22,230,4238.43,781.11,101.63,125.02,0.812200,-1,-1,-1
22,286,3777.62,782.38,104.11,117.12,0.662534,-1,-1,-1
22,290,4077.09,1827.58,86.27,94.98,0.663336,-1,-1,-1
22,291,4050.40,1059.77,73.00,106.86,0.639467,-1,-1,-1
22,10,2962.00,2243.42,282.69,223.22,0.967230,-1,-1,-1
22,139,3371.91,2676.52,68.23,97.08,0.682663,-1,-1,-1
22,196,4032.20,2277.16,98.87,126.72,0.672820,-1,-1,-1
22,163,3363.47,1358.11,89.38,150.57,0.823991,-1,-1,-1
22,72,2193.03,681.68,135.59,156.10,0.919764,-1,-1,-1
22,185,2566.20,2959.70,65.37,96.85,0.617983,-1,-1,-1
22,316,2569.95,3114.99,73.92,165.16,0.622921,-1,-1,-1
22,83,1439.65,2066.10,132.05,156.34,0.905850,-1,-1,-1
22,329,4052.56,2404.66,78.27,100.41,0.776956,-1,-1,-1
22,336,1395.31,1431.61,83.80,149.72,0.922400,-1,-1,-1
22,337,3490.94,2530.98,105.23,115.08,0.755683,-1,-1,-1
22,341,3262.29,1463.50,107.89,106.06,0.650407,-1,-1,-1
22,187,3562.71,1796.83,109.41,105.12,0.665091,-1,-1,-1
22,149,3429.25,312.57,103.74,127.24,0.770268,-1,-1,-1
22,241,3808.79,22.73,60.82,93.64,0.630008,-1,-1,-1
22,272,4666.09,2425.37,89.21,92.42,0.736353,-1,-1,-1
22,121,1119.95,2452.90,81.57,145.02,0.769323,-1,-1,-1
22,235,4175.56,1078.10,86.47,82.26,0.655373,-1,-1,-1
22,87,3450.75,1648.54,115.54,166.88,0.794025,-1,-1,-1
22,222,4409.73,1613.18,69.84,90.93,0.735299,-1,-1,-1
22,122,2378.86,2193.82,101.42,139.09,0.691737,-1,-1,-1
22,35,1587.80,1434.64,167.97,169.94,0.795496,-1,-1,-1
22,105,2746.75,2000.35,148.19,143.18,0.725523,-1,-1,-1
22,118,4145.25,2226.62,99.60,103.16,0.603740,-1,-1,-1
22,295,2402.86,1618.20,106.54,138.57,0.643086,-1,-1,-1
22,101,3831.59,2821.46,110.58,131.41,0.649391,-1,-1,-1
22,58,1209.50,2627.34,198.71,174.58,0.585706,-1,-1,-1
22,365,1397.09,1034.71,71.59,133.90,0.812064,-1,-1,-1
22,367,3934.31,263.57,78.86,154.02,0.642860,-1,-1,-1
22,368,3711.56,2726.48,99.64,120.46,0.758254,-1,-1,-1
22,321,1670.08,2107.49,124.24,137.04,0.845861,-1,-1,-1
22,239,3665.20,1100.99,101.49,111.26,0.703239,-1,-1,-1
22,298,1023.61,-1.42,54.05,81.55,0.747706,-1,-1,-1
22,372,1626.62,2495.76,94.95,121.08,0.701415,-1,-1,-1
22,317,1081.21,138.63,90.06,146.95,0.613413,-1,-1,-1
22,201,1139.03,2260.04,92.71,136.07,0.712506,-1,-1,-1
22,40,1137.66,635.18,124.13,159.92,0.604335,-1,-1,-1
22,110,1506.68,107.58,71.60,101.16,0.730446,-1,-1,-1
22,382,2155.80,2247.47,102.51,184.24,0.663143,-1,-1,-1
22,385,3567.80,295.49,77.24,163.37,0.640201,-1,-1,-1
22,150,870.08,1184.59,68.52,145.85,0.870191,-1,-1,-1
22,136,2272.64,522.27,91.62,123.00,0.663083,-1,-1,-1
22,68,1000.13,2207.11,85.94,129.03,0.638922,-1,-1,-1
22,231,2592.67,1950.42,66.07,107.53,0.626836,-1,-1,-1
22,188,1117.59,1608.98,105.78,127.88,0.710039,-1,-1,-1
22,326,4408.39,226.44,86.03,137.17,0.659092,-1,-1,-1
22,255,3020.82,1529.52,92.11,149.51,0.722370,-1,-1,-1
22,345,873.97,1740.55,55.28,92.23,0.824216,-1,-1,-1
22,19,3011.56,3126.83,247.81,215.54,0.984522,-1,-1,-1
22,237,1238.53,147.55,83.47,144.28,0.597857,-1,-1,-1
22,77,1587.08,2305.09,165.53,158.61,0.749699,-1,-1,-1
22,140,3462.10,2434.38,90.41,87.69,0.601850,-1,-1,-1
22,159,1038.99,2024.90,134.10,170.03,0.763239,-1,-1,-1
22,348,876.43,1552.72,68.03,149.69,0.620953,-1,-1,-1
22,178,4458.45,2058.58,110.58,164.53,0.615498,-1,-1,-1
22,184,4036.53,858.85,99.83,158.90,0.580989,-1,-1,-1
22,311,1071.36,1861.22,86.70,100.65,0.655169,-1,-1,-1
22,177,1053.65,1726.90,130.18,134.17,0.616173,-1,-1,-1
22,85,4569.34,1254.87,123.25,142.63,0.896606,-1,-1,-1
22,114,4494.20,638.70,72.09,124.75,0.713605,-1,-1,-1
22,361,2080.47,902.43,81.80,136.87,0.773322,-1,-1,-1
22,287,1513.72,1227.79,88.91,130.81,0.697161,-1,-1,-1
22,334,3925.40,3302.26,79.46,93.54,0.622389,-1,-1,-1
22,161,1589.11,1645.93,96.85,140.44,0.719645,-1,-1,-1
22,44,2341.65,3106.53,261.80,212.83,0.808650,-1,-1,-1
23,28,1844.45,995.99,279.45,221.43,0.936952,-1,-1,-1
23,33,1811.60,1893.25,237.22,222.77,0.992227,-1,-1,-1
23,42,1913.97,2262.66,148.90,150.09,0.864215,-1,-1,-1
23,50,1702.12,1302.16,145.99,143.09,0.875358,-1,-1,-1
23,65,1730.12,484.27,152.52,169.53,0.740842,-1,-1,-1
23,86,4278.44,1650.46,82.73,151.87,0.857003,-1,-1,-1
23,90,2069.75,2603.72,91.46,164.60,0.709263,-1,-1,-1
23,97,2158.56,1297.86,123.80,151.16,0.808670,-1,-1,-1
23,99,1045.04,1065.43,139.38,179.87,0.892176,-1,-1,-1
23,100,1126.39,907.34,103.70,145.52,0.882641,-1,-1,-1
23,107,3765.55,2195.02,98.91,137.11,0.726357,-1,-1,-1
23,109,1405.58,3034.57,65.34,87.28,0.736650,-1,-1,-1
23,112,1803.83,1031.10,111.90,135.19,0.928900,-1,-1,-1
23,69,1472.77,2533.93,126.52,146.63,0.908444,-1,-1,-1
23,71,1854.70,2596.24,133.11,139.62,0.893989,-1,-1,-1
23,75,1576.64,505.28,91.38,113.56,0.840359,-1,-1,-1
23,47,2346.78,1282.50,161.54,206.82,0.710973,-1,-1,-1
23,179,2283.32,2524.80,84.76,116.96,0.847606,-1,-1,-1
23,9,2075.66,1558.10,193.75,214.75,0.874915,-1,-1,-1
23,210,2775.15,209.42,88.23,145.46,0.914362,-1,-1,-1
23,227,1703.71,3147.17,76.79,162.84,0.739922,-1,-1,-1
23,234,1474.79,2304.82,123.85,137.19,0.849002,-1,-1,-1
23,95,1044.16,379.05,81.67,117.62,0.612264,-1,-1,-1
23,250,3226.95,792.71,90.51,111.41,0.768765,-1,-1,-1
23,269,3434.40,1092.23,131.42,125.03,0.671198,-1,-1,-1
23,281,4124.85,1235.41,93.97,124.90,0.840148,-1,-1,-1
23,8,2356.21,1891.26,145.48,189.85,0.620310,-1,-1,-1
23,116,3706.63,1369.92,109.45,122.43,0.860725,-1,-1,-1
23,53,2477.68,2144.22,176.95,201.35,0.753148,-1,-1,-1
23,155,1318.78,454.99,132.19,169.88,0.872135,-1,-1,-1
23,230,4238.54,780.62,101.97,125.62,0.765022,-1,-1,-1
23,286,3778.89,787.05,99.82,112.45,0.738032,-1,-1,-1
23,290,4078.47,1828.96,85.54,94.12,0.716994,-1,-1,-1
23,291,4047.52,1058.28,77.55,114.41,0.668585,-1,-1,-1
23,10,2962.43,2241.05,287.65,227.07,0.990187,-1,-1,-1
23,139,3371.05,2676.41,69.71,98.82,0.685619,-1,-1,-1
23,196,4033.99,2280.24,95.66,123.15,0.659938,-1,-1,-1
23,163,3362.81,1356.29,90.13,151.52,0.780358,-1,-1,-1
23,72,2194.34,678.93,134.57,156.43,0.870369,-1,-1,-1
23,185,2563.44,2953.72,68.61,100.68,0.700729,-1,-1,-1
23,83,1442.10,2066.43,130.52,155.52,0.931026,-1,-1,-1
23,329,4051.62,2404.46,80.62,103.70,0.744434,-1,-1,-1
23,336,1394.21,1431.53,82.00,146.12,0.910644,-1,-1,-1
23,337,3489.48,2529.49,104.71,114.03,0.605838,-1,-1,-1
23,241,3806.86,21.67,64.96,99.84,0.674514,-1,-1,-1
23,272,4666.68,2424.90,89.14,92.83,0.743897,-1,-1,-1
23,121,1118.13,2449.38,83.36,147.92,0.791781,-1,-1,-1
23,235,4175.26,1073.70,88.95,86.20,0.703999,-1,-1,-1
23,87,3449.28,1643.88,117.40,170.76,0.858712,-1,-1,-1
23,222,4413.04,1616.08,69.11,89.75,0.670930,-1,-1,-1
23,122,2379.58,2193.63,99.61,137.18,0.717690,-1,-1,-1
23,35,1587.11,1426.82,169.43,175.75,0.752830,-1,-1,-1
23,118,4146.10,2224.23,101.17,104.95,0.587687,-1,-1,-1
23,295,2404.07,1617.24,107.17,139.64,0.648520,-1,-1,-1
23,365,1392.33,1027.96,77.93,146.09,0.684228,-1,-1,-1
23,367,3934.37,263.86,78.79,153.91,0.675905,-1,-1,-1
23,368,3711.42,2727.59,96.93,117.51,0.592877,-1,-1,-1
23,239,3665.62,1099.15,104.22,114.38,0.892375,-1,-1,-1
23,298,1032.87,-1.34,50.33,73.21,0.719501,-1,-1,-1
23,201,1138.67,2262.24,89.74,132.83,0.775762,-1,-1,-1
23,40,1138.17,633.78,122.40,163.37,0.702707,-1,-1,-1
23,382,2157.46,2247.65,99.81,179.20,0.724496,-1,-1,-1
23,150,869.96,1184.45,69.45,145.91,0.868520,-1,-1,-1
23,136,2272.89,520.04,92.72,124.35,0.729843,-1,-1,-1
23,188,1118.91,1610.34,104.26,125.80,0.714358,-1,-1,-1
23,255,3019.67,1529.80,92.64,149.49,0.603897,-1,-1,-1
23,19,3031.75,3128.25,239.64,215.70,0.957762,-1,-1,-1
23,390,2157.62,568.32,87.72,110.67,0.631433,-1,-1,-1
23,391,869.74,1358.50,71.25,140.53,0.658121,-1,-1,-1
23,237,1238.24,154.12,81.71,138.98,0.718571,-1,-1,-1
23,77,1585.46,2302.61,159.81,161.59,0.724694,-1,-1,-1
23,178,4457.84,2052.59,110.36,169.57,0.744923,-1,-1,-1
23,85,4570.73,1255.14,124.74,144.80,0.913940,-1,-1,-1
23,114,4495.18,639.39,72.45,123.65,0.673650,-1,-1,-1
23,44,2342.64,3105.99,260.72,213.19,0.850785,-1,-1,-1
23,73,976.77,1539.99,101.81,122.26,0.648553,-1,-1,-1
23,171,4298.47,1883.45,54.58,111.79,0.692837,-1,-1,-1
23,248,3977.03,1768.10,92.70,89.42,0.613688,-1,-1,-1
23,274,2227.10,943.51,130.38,145.79,0.631434,-1,-1,-1
23,209,3110.02,1034.17,96.89,122.66,0.617477,-1,-1,-1
23,304,976.66,842.17,104.34,157.62,0.618504,-1,-1,-1
23,164,1858.46,1262.29,160.15,222.65,0.671278,-1,-1,-1
23,305,3561.13,2215.24,95.35,120.59,0.607884,-1,-1,-1
23,1,2537.33,738.65,249.20,211.68,0.962493,-1,-1,-1
23,262,4058.99,2769.46,69.42,92.45,0.599306,-1,-1,-1
23,78,1408.12,716.74,187.28,191.60,0.629979,-1,-1,-1
23,22,4517.19,2908.87,280.55,295.82,0.988632,-1,-1,-1
23,245,2670.21,1907.75,125.25,145.79,0.761011,-1,-1,-1
23,131,1192.73,1819.43,119.84,162.71,0.582733,-1,-1,-1
23,74,1127.35,3150.12,111.09,102.87,0.724876,-1,-1,-1
23,13,2858.84,2581.04,211.08,201.95,0.813328,-1,-1,-1
23,48,1227.93,2244.78,168.54,180.58,0.822030,-1,-1,-1
23,229,4412.58,784.79,64.72,93.96,0.659072,-1,-1,-1
23,64,1344.06,1798.26,219.61,197.48,0.752862,-1,-1,-1
24,28,1849.21,996.42,277.90,220.90,0.962700,-1,-1,-1
24,33,1807.82,1897.79,232.48,216.60,0.989326,-1,-1,-1
24,42,1915.97,2263.53,147.35,150.61,0.850380,-1,-1,-1
24,50,1704.54,1303.55,143.65,142.27,0.962500,-1,-1,-1
24,65,1728.63,485.25,148.63,167.24,0.849717,-1,-1,-1
24,86,4278.65,1656.19,80.51,146.75,0.843483,-1,-1,-1
24,90,2069.79,2603.94,90.94,163.88,0.719043,-1,-1,-1
24,97,2159.78,1298.22,124.19,151.50,0.756837,-1,-1,-1
24,99,1038.17,1064.21,144.80,186.26,0.924994,-1,-1,-1
24,100,1129.52,912.75,99.83,138.23,0.832998,-1,-1,-1
24,107,3765.91,2194.54,98.79,137.33,0.712465,-1,-1,-1
24,109,1402.85,3033.34,67.83,89.32,0.741093,-1,-1,-1
24,112,1804.25,1030.85,112.68,135.57,0.928018,-1,-1,-1
24,69,1474.11,2534.22,123.81,143.46,0.913104,-1,-1,-1
24,71,1854.85,2596.03,132.15,140.92,0.902517,-1,-1,-1
24,75,1576.21,495.53,96.70,121.69,0.661360,-1,-1,-1
24,47,2353.86,1286.69,148.72,193.77,0.753932,-1,-1,-1
24,179,2283.77,2522.43,87.32,119.59,0.868189,-1,-1,-1
24,9,2053.48,1556.62,203.07,220.28,0.923055,-1,-1,-1
24,210,2774.59,207.15,88.59,146.00,0.916016,-1,-1,-1
24,227,1704.80,3146.10,77.65,165.38,0.685838,-1,-1,-1
24,234,1474.54,2303.50,124.84,138.59,0.830239,-1,-1,-1
24,250,3227.29,792.94,90.39,110.90,0.795457,-1,-1,-1
24,269,3435.38,1093.02,130.66,124.88,0.720884,-1,-1,-1
24,281,4123.89,1235.48,93.96,125.32,0.819195,-1,-1,-1
24,8,2352.88,1888.52,146.63,196.87,0.590542,-1,-1,-1
24,116,3706.38,1370.00,109.96,123.34,0.891413,-1,-1,-1
24,53,2479.90,2142.69,173.01,202.73,0.747743,-1,-1,-1
24,155,1319.46,455.29,131.85,167.87,0.889820,-1,-1,-1
24,230,4241.68,785.92,98.28,119.78,0.673961,-1,-1,-1
24,286,3781.87,789.21,98.20,110.76,0.710686,-1,-1,-1
24,290,4079.02,1829.83,84.76,93.17,0.668749,-1,-1,-1
24,291,4050.87,1058.49,72.51,106.67,0.722903,-1,-1,-1
24,10,2963.15,2240.01,289.30,228.32,0.989918,-1,-1,-1
24,139,3374.69,2676.72,70.32,99.61,0.712610,-1,-1,-1
24,196,4035.92,2281.96,93.90,121.02,0.829527,-1,-1,-1
24,72,2187.24,678.80,140.14,166.92,0.906907,-1,-1,-1
24,185,2562.96,2950.24,70.23,102.44,0.672165,-1,-1,-1
24,83,1443.25,2065.92,129.96,156.16,0.938788,-1,-1,-1
24,329,4053.25,2404.77,79.10,101.96,0.696729,-1,-1,-1
24,337,3487.32,2527.58,106.35,115.24,0.594759,-1,-1,-1
24,241,3806.86,22.09,63.41,96.46,0.735668,-1,-1,-1
24,121,1117.58,2447.61,84.12,149.19,0.818460,-1,-1,-1
24,235,4177.65,1075.79,86.08,84.43,0.734780,-1,-1,-1
24,87,3449.39,1642.24,117.44,172.03,0.850335,-1,-1,-1
24,122,2379.68,2193.78,98.80,136.43,0.697659,-1,-1,-1
24,35,1584.87,1418.02,169.58,179.82,0.867929,-1,-1,-1
24,295,2403.27,1616.74,107.55,139.81,0.795618,-1,-1,-1
24,365,1402.97,1040.70,69.78,130.18,0.627605,-1,-1,-1
24,367,3933.75,263.92,79.15,154.72,0.684972,-1,-1,-1
24,368,3711.93,2726.66,97.52,118.41,0.620754,-1,-1,-1
24,239,3665.92,1098.23,106.16,116.87,0.863586,-1,-1,-1
24,298,1030.48,-1.10,50.59,70.75,0.712181,-1,-1,-1
24,40,1139.16,632.16,118.63,165.21,0.648464,-1,-1,-1
24,382,2158.23,2247.66,99.84,178.98,0.711710,-1,-1,-1
24,150,872.12,1184.73,69.67,144.69,0.848405,-1,-1,-1
24,136,2272.87,518.52,92.71,124.41,0.812262,-1,-1,-1
24,188,1118.65,1611.65,102.82,123.87,0.686651,-1,-1,-1
24,255,3018.89,1526.49,94.70,152.34,0.783312,-1,-1,-1
24,19,3040.49,3128.72,231.44,215.89,0.937143,-1,-1,-1
24,237,1238.90,154.41,81.25,136.36,0.660436,-1,-1,-1
24,85,4572.13,1256.08,123.98,144.12,0.913078,-1,-1,-1
24,114,4492.58,638.89,81.72,140.93,0.609194,-1,-1,-1
24,44,2342.49,3105.17,260.30,214.27,0.929941,-1,-1,-1
24,401,2817.81,2622.50,100.67,124.80,0.767104,-1,-1,-1
24,403,2173.76,1919.27,116.96,162.47,0.581201,-1,-1,-1
24,406,3049.63,801.25,73.45,90.74,0.649403,-1,-1,-1
24,73,981.80,1540.57,95.38,113.16,0.793872,-1,-1,-1
24,274,2227.53,944.07,128.74,145.03,0.688453,-1,-1,-1
24,209,3110.06,1034.27,97.05,122.14,0.688252,-1,-1,-1
24,164,1858.02,1262.84,159.19,218.27,0.866350,-1,-1,-1
24,1,2539.56,737.72,247.38,212.38,0.969111,-1,-1,-1
24,262,4059.23,2766.83,69.93,93.59,0.687024,-1,-1,-1
24,78,1407.94,715.71,185.90,191.08,0.778713,-1,-1,-1
24,245,2670.68,1909.78,123.27,143.85,0.730267,-1,-1,-1
24,74,1127.22,3151.08,104.58,98.05,0.706109,-1,-1,-1
24,13,2869.46,2581.12,203.47,201.29,0.771314,-1,-1,-1
24,48,1227.06,2243.85,173.19,181.35,0.640360,-1,-1,-1
24,5,4572.64,2417.40,292.31,271.51,0.991368,-1,-1,-1
24,39,1635.72,1617.40,297.27,196.96,0.951318,-1,-1,-1
24,293,3108.79,2856.00,117.02,134.31,0.693793,-1,-1,-1
24,104,3282.06,1897.67,120.63,172.01,0.613043,-1,-1,-1
24,318,3854.91,1434.58,109.84,130.59,0.696774,-1,-1,-1
24,52,1508.19,1003.26,188.88,184.26,0.970052,-1,-1,-1
24,299,4282.15,2701.15,75.60,80.54,0.588808,-1,-1,-1
24,200,4667.54,116.05,86.28,83.74,0.822172,-1,-1,-1
24,375,1812.41,177.90,111.91,192.89,0.719272,-1,-1,-1
24,49,4538.85,759.65,231.86,256.34,0.646727,-1,-1,-1
24,96,1683.98,1933.75,77.47,103.62,0.865826,-1,-1,-1
24,149,3431.27,312.32,103.01,126.90,0.631106,-1,-1,-1
24,58,1209.98,2624.48,193.85,177.16,0.754348,-1,-1,-1
24,372,1629.55,2510.31,81.65,104.26,0.633347,-1,-1,-1
24,110,1515.51,110.51,71.56,99.38,0.657823,-1,-1,-1
24,68,991.02,2188.09,103.72,152.80,0.823493,-1,-1,-1
24,184,4039.41,854.89,93.65,148.28,0.592357,-1,-1,-1
24,334,3924.13,3308.69,83.03,98.31,0.728473,-1,-1,-1
24,161,1561.19,1659.45,93.20,125.20,0.806121,-1,-1,-1
25,28,1855.30,992.46,279.81,224.82,0.969989,-1,-1,-1
25,33,1804.71,1898.98,232.21,214.53,0.984781,-1,-1,-1
25,42,1917.19,2263.74,145.11,150.06,0.856201,-1,-1,-1
25,50,1705.63,1304.23,141.91,141.70,0.960031,-1,-1,-1
25,65,1725.56,479.84,149.07,169.84,0.696022,-1,-1,-1
25,86,4277.82,1649.70,82.03,150.46,0.865049,-1,-1,-1
25,90,2069.42,2602.09,91.12,164.94,0.698815,-1,-1,-1
25,97,2160.20,1298.80,123.53,150.24,0.787329,-1,-1,-1
25,99,1039.70,1064.17,142.71,182.85,0.860703,-1,-1,-1
25,100,1131.28,911.64,100.11,136.69,0.886612,-1,-1,-1
25,107,3765.24,2192.84,99.49,139.01,0.667496,-1,-1,-1
25,109,1404.78,3034.78,67.50,87.80,0.731374,-1,-1,-1
25,112,1803.29,1028.65,114.55,137.66,0.936359,-1,-1,-1
25,69,1474.61,2534.12,123.62,143.13,0.922140,-1,-1,-1
25,71,1856.66,2595.96,128.98,139.43,0.882240,-1,-1,-1
25,75,1569.90,487.65,101.77,128.94,0.864204,-1,-1,-1
25,47,2358.83,1284.12,141.98,188.73,0.725823,-1,-1,-1
25,179,2284.93,2521.53,89.47,120.89,0.864881,-1,-1,-1
25,9,2037.40,1556.15,210.64,222.59,0.850267,-1,-1,-1
25,210,2778.41,202.19,89.38,148.29,0.898361,-1,-1,-1
25,227,1705.89,3143.12,78.10,167.71,0.694919,-1,-1,-1
25,234,1474.83,2303.17,125.16,139.30,0.844068,-1,-1,-1
25,250,3227.13,789.75,92.94,114.31,0.840975,-1,-1,-1
25,269,3434.96,1093.12,129.11,124.31,0.690452,-1,-1,-1
25,281,4124.73,1236.91,92.19,122.98,0.805134,-1,-1,-1
25,8,2351.45,1887.59,145.77,200.57,0.621311,-1,-1,-1
25,116,3707.89,1369.89,111.02,123.96,0.820308,-1,-1,-1
25,53,2486.67,2143.83,166.38,201.23,0.751255,-1,-1,-1
25,155,1322.28,450.85,131.75,166.97,0.872863,-1,-1,-1
25,230,4242.85,788.04,97.76,118.38,0.728980,-1,-1,-1
25,286,3781.25,787.75,97.32,110.06,0.665744,-1,-1,-1
25,290,4080.11,1830.83,84.53,92.75,0.665157,-1,-1,-1
25,291,4053.72,1059.76,68.23,99.62,0.703000,-1,-1,-1
25,10,2964.67,2240.32,288.09,227.01,0.985460,-1,-1,-1
25,139,3375.87,2676.77,71.00,100.15,0.754539,-1,-1,-1
25,196,4035.90,2282.25,94.21,121.10,0.783922,-1,-1,-1
25,72,2185.47,679.32,140.71,172.26,0.874341,-1,-1,-1
25,83,1443.58,2065.04,129.09,156.42,0.945247,-1,-1,-1
25,241,3806.24,27.01,59.82,90.39,0.637920,-1,-1,-1
25,121,1117.11,2447.69,84.13,149.19,0.802300,-1,-1,-1
25,235,4179.79,1077.73,82.82,81.90,0.727806,-1,-1,-1
25,87,3448.93,1641.26,117.68,173.39,0.871864,-1,-1,-1
25,122,2381.19,2192.69,97.82,134.93,0.647067,-1,-1,-1
25,35,1581.17,1415.55,169.28,182.95,0.901364,-1,-1,-1
25,295,2401.83,1616.20,107.49,139.90,0.694743,-1,-1,-1
25,367,3933.17,264.54,79.89,156.57,0.708597,-1,-1,-1
25,368,3711.48,2726.09,96.91,118.06,0.581669,-1,-1,-1
25,239,3666.13,1098.27,106.17,116.94,0.841843,-1,-1,-1
25,40,1137.02,629.38,118.16,168.45,0.778229,-1,-1,-1
25,382,2162.53,2247.55,94.60,168.64,0.716778,-1,-1,-1
25,150,872.08,1184.36,69.91,143.91,0.867517,-1,-1,-1
25,136,2273.72,519.60,91.70,122.88,0.821435,-1,-1,-1
25,188,1118.41,1611.41,102.93,123.85,0.759305,-1,-1,-1
25,255,3018.38,1526.07,95.67,153.33,0.764428,-1,-1,-1
25,19,3046.78,3128.47,226.67,217.38,0.947157,-1,-1,-1
25,237,1241.01,148.27,86.23,146.72,0.596767,-1,-1,-1
25,85,4572.92,1256.18,122.82,143.14,0.918595,-1,-1,-1
25,114,4496.15,641.17,74.87,126.06,0.666249,-1,-1,-1
25,44,2343.98,3105.13,258.16,214.12,0.922863,-1,-1,-1
25,401,2818.11,2622.70,99.87,123.87,0.759153,-1,-1,-1
25,73,980.76,1540.68,98.39,118.03,0.584366,-1,-1,-1
25,274,2227.91,943.64,128.11,145.42,0.661287,-1,-1,-1
25,209,3109.22,1031.10,98.91,124.85,0.614760,-1,-1,-1
25,164,1864.01,1263.41,156.46,214.79,0.891213,-1,-1,-1
25,1,2542.19,738.56,243.25,211.65,0.967602,-1,-1,-1
25,262,4058.99,2766.62,69.93,93.89,0.701787,-1,-1,-1
25,78,1409.90,717.45,181.36,186.57,0.619941,-1,-1,-1
25,245,2674.45,1911.20,121.72,142.93,0.775377,-1,-1,-1
25,13,2878.49,2585.40,188.42,191.99,0.616587,-1,-1,-1
25,408,1241.81,1215.65,140.09,139.69,0.800520,-1,-1,-1
25,39,1636.24,1614.96,286.87,200.11,0.733929,-1,-1,-1
25,104,3283.29,1898.55,119.01,170.81,0.660696,-1,-1,-1
25,52,1483.02,1009.65,169.67,176.31,0.752583,-1,-1,-1
25,200,4671.40,119.34,85.01,77.95,0.679848,-1,-1,-1
25,96,1687.15,1929.18,80.67,108.08,0.886046,-1,-1,-1
25,149,3432.74,311.60,103.14,127.64,0.609652,-1,-1,-1
25,58,1215.25,2623.13,188.37,178.07,0.611886,-1,-1,-1
25,110,1507.05,102.33,72.10,100.87,0.788929,-1,-1,-1
25,68,993.64,2201.55,97.25,141.00,0.617333,-1,-1,-1
25,169,3665.36,2156.57,84.80,77.77,0.595270,-1,-1,-1
25,106,4708.30,189.48,140.32,133.65,0.667733,-1,-1,-1
25,316,2570.93,3116.09,70.13,156.80,0.627638,-1,-1,-1
25,105,2761.69,2008.30,131.44,130.36,0.651336,-1,-1,-1
25,101,3832.48,2821.71,110.70,132.32,0.693317,-1,-1,-1
25,326,4406.69,221.33,87.90,141.23,0.595796,-1,-1,-1
25,345,873.95,1741.53,53.13,87.20,0.581895,-1,-1,-1
25,140,3463.49,2432.62,90.28,87.54,0.616671,-1,-1,-1
25,287,1513.12,1230.33,85.74,128.06,0.671816,-1,-1,-1
25,95,1045.59,366.44,85.19,122.24,0.600982,-1,-1,-1
25,272,4669.36,2421.96,86.82,89.29,0.717270,-1,-1,-1
25,248,3976.91,1768.89,92.42,86.93,0.587229,-1,-1,-1
25,304,975.57,833.69,108.39,164.39,0.620843,-1,-1,-1
25,229,4412.69,782.02,65.93,95.32,0.722235,-1,-1,-1
26,28,1845.10,991.36,282.50,226.24,0.968965,-1,-1,-1
26,33,1805.40,1899.32,232.51,213.74,0.987933,-1,-1,-1
26,42,1917.81,2263.17,144.39,151.15,0.858993,-1,-1,-1
26,50,1706.64,1304.87,138.71,139.59,0.955079,-1,-1,-1
26,65,1723.06,477.18,149.76,172.16,0.662343,-1,-1,-1
26,86,4279.69,1664.54,76.12,137.58,0.814009,-1,-1,-1
26,90,2069.70,2602.03,91.12,165.40,0.656192,-1,-1,-1
26,97,2161.42,1300.71,121.69,147.36,0.790182,-1,-1,-1
26,99,1037.63,1063.93,145.13,185.65,0.950225,-1,-1,-1
26,100,1128.55,912.73,102.45,138.09,0.848498,-1,-1,-1
26,107,3765.13,2193.44,99.30,138.37,0.620882,-1,-1,-1
26,109,1405.55,3035.05,67.92,87.12,0.746022,-1,-1,-1
26,112,1803.55,1027.30,115.49,138.65,0.902425,-1,-1,-1
26,69,1474.03,2533.03,123.63,143.19,0.936710,-1,-1,-1
26,71,1857.72,2595.79,127.62,139.77,0.895712,-1,-1,-1
26,75,1570.26,488.67,100.17,127.11,0.860203,-1,-1,-1
26,47,2359.60,1282.38,140.84,190.91,0.740673,-1,-1,-1
26,179,2287.32,2520.04,90.06,119.99,0.879797,-1,-1,-1
26,9,2039.08,1555.34,213.86,223.09,0.847664,-1,-1,-1
26,210,2778.20,200.58,90.14,150.55,0.811403,-1,-1,-1
26,227,1704.71,3146.45,77.58,167.03,0.720272,-1,-1,-1
26,234,1474.82,2303.46,124.38,138.39,0.870735,-1,-1,-1
26,250,3227.19,788.87,93.44,115.18,0.850024,-1,-1,-1
26,269,3435.91,1093.48,127.22,123.44,0.670493,-1,-1,-1
26,281,4125.23,1238.12,90.56,121.23,0.645525,-1,-1,-1
26,8,2353.78,1887.69,141.73,199.71,0.632869,-1,-1,-1
26,116,3708.96,1369.22,112.49,124.97,0.830928,-1,-1,-1
26,53,2485.49,2144.56,161.58,199.79,0.827136,-1,-1,-1
26,155,1327.78,449.49,130.32,165.32,0.707803,-1,-1,-1
26,230,4243.55,788.95,96.65,116.36,0.723477,-1,-1,-1
26,286,3782.29,786.05,99.16,113.00,0.641641,-1,-1,-1
26,290,4080.60,1831.80,83.81,91.91,0.628213,-1,-1,-1
26,291,4056.61,1061.34,65.10,94.29,0.673154,-1,-1,-1
26,10,2965.06,2240.38,287.87,226.55,0.978622,-1,-1,-1
26,139,3376.15,2676.09,71.18,100.38,0.728843,-1,-1,-1
26,196,4038.22,2281.32,94.95,120.89,0.793999,-1,-1,-1
26,72,2187.32,679.82,138.48,173.66,0.881675,-1,-1,-1
26,83,1443.79,2065.19,127.84,156.08,0.944280,-1,-1,-1
26,241,3806.57,31.23,56.24,84.01,0.621791,-1,-1,-1
26,121,1117.60,2449.91,83.67,147.61,0.861074,-1,-1,-1
26,235,4181.61,1078.77,80.86,80.67,0.780725,-1,-1,-1
26,87,3449.98,1643.28,116.52,172.60,0.783828,-1,-1,-1
26,122,2380.80,2192.61,98.31,136.09,0.628961,-1,-1,-1
26,35,1587.43,1412.76,167.86,185.86,0.812519,-1,-1,-1
26,295,2401.55,1616.29,106.59,138.90,0.681316,-1,-1,-1
26,367,3932.72,265.85,79.52,156.23,0.749391,-1,-1,-1
26,239,3666.40,1097.86,106.79,117.92,0.847695,-1,-1,-1
26,40,1143.08,628.46,114.28,166.55,0.779132,-1,-1,-1
26,382,2164.06,2247.35,94.98,168.58,0.657177,-1,-1,-1
26,150,873.96,1182.84,70.71,144.75,0.801589,-1,-1,-1
26,136,2274.31,521.14,90.77,121.14,0.839140,-1,-1,-1
26,188,1119.40,1611.90,103.35,123.77,0.767941,-1,-1,-1
26,255,3014.68,1513.75,102.30,164.67,0.763253,-1,-1,-1
26,19,3049.12,3128.54,219.59,217.35,0.904519,-1,-1,-1
26,85,4573.89,1254.76,122.66,143.59,0.914664,-1,-1,-1
26,114,4498.91,642.20,69.83,114.08,0.781730,-1,-1,-1
26,44,2345.62,3104.84,257.25,214.61,0.955019,-1,-1,-1
26,401,2816.12,2620.79,101.82,126.55,0.775533,-1,-1,-1
26,274,2227.35,942.69,127.87,146.42,0.693205,-1,-1,-1
26,164,1866.31,1263.93,155.14,212.63,0.893674,-1,-1,-1
26,1,2543.92,738.91,240.49,211.29,0.960662,-1,-1,-1
26,262,4059.23,2764.92,71.12,95.92,0.732783,-1,-1,-1
26,245,2676.81,1912.50,120.32,141.94,0.762628,-1,-1,-1
26,13,2877.19,2583.69,185.90,194.52,0.620707,-1,-1,-1
26,39,1645.32,1619.25,267.62,193.12,0.936044,-1,-1,-1
26,104,3284.41,1895.74,120.53,173.41,0.716093,-1,-1,-1
26,52,1475.40,1012.34,160.62,174.95,0.701155,-1,-1,-1
26,200,4672.72,118.61,89.25,78.32,0.590618,-1,-1,-1
26,96,1692.24,1927.05,81.91,109.88,0.909947,-1,-1,-1
26,149,3434.29,312.10,102.19,127.69,0.598452,-1,-1,-1
26,58,1221.20,2621.39,186.33,179.72,0.736288,-1,-1,-1
26,110,1504.42,100.17,71.59,100.85,0.765751,-1,-1,-1
26,418,4444.18,2608.15,99.96,159.16,0.773521,-1,-1,-1
26,419,4384.74,404.76,126.20,158.05,0.667583,-1,-1,-1
26,420,3051.85,172.58,83.12,118.56,0.696642,-1,-1,-1
26,106,4724.85,187.11,130.47,127.43,0.584740,-1,-1,-1
26,105,2766.50,2009.04,126.35,128.60,0.700679,-1,-1,-1
26,101,3833.41,2821.60,109.85,131.77,0.681617,-1,-1,-1
26,326,4402.53,218.27,102.48,164.06,0.663785,-1,-1,-1
26,140,3464.05,2432.95,88.69,85.60,0.627525,-1,-1,-1
26,272,4668.62,2421.37,88.95,90.54,0.635503,-1,-1,-1
26,304,976.54,832.83,106.82,162.12,0.615502,-1,-1,-1
26,229,4410.27,786.43,71.77,105.58,0.628787,-1,-1,-1
26,60,2946.85,968.27,286.97,244.07,0.839023,-1,-1,-1
26,66,1168.74,906.49,297.70,177.46,0.969308,-1,-1,-1
26,67,1322.47,253.24,100.51,127.25,0.689605,-1,-1,-1
26,166,2800.80,1557.39,116.13,142.29,0.773414,-1,-1,-1
26,327,3934.99,2409.91,66.65,92.53,0.685172,-1,-1,-1
26,310,4058.31,2876.89,75.46,85.59,0.764714,-1,-1,-1
26,317,1120.86,126.95,101.07,160.09,0.668974,-1,-1,-1
26,231,2600.52,1938.74,62.55,98.99,0.678448,-1,-1,-1
26,163,3363.45,1344.47,92.27,156.42,0.794454,-1,-1,-1
26,201,1138.16,2261.29,88.64,132.82,0.725906,-1,-1,-1
26,329,4057.25,2405.07,81.09,104.64,0.736868,-1,-1,-1
26,337,3485.62,2526.41,107.91,116.30,0.586673,-1,-1,-1
26,298,1013.43,-1.19,56.64,70.47,0.744312,-1,-1,-1
26,74,1122.68,3148.54,101.96,97.22,0.638525,-1,-1,-1
26,299,4285.81,2701.48,76.09,80.77,0.589187,-1,-1,-1
26,334,3930.73,3314.05,76.98,91.09,0.645796,-1,-1,-1
27,28,1844.59,991.15,281.94,225.79,0.959110,-1,-1,-1
27,33,1805.55,1899.86,233.54,213.78,0.986248,-1,-1,-1
27,42,1918.79,2263.33,143.65,151.88,0.832522,-1,-1,-1
27,50,1707.21,1304.48,137.16,139.07,0.956257,-1,-1,-1
27,65,1722.88,476.82,147.04,171.51,0.720095,-1,-1,-1
27,86,4282.09,1658.83,74.14,133.50,0.900149,-1,-1,-1
27,90,2070.98,2603.47,89.52,162.18,0.702503,-1,-1,-1
27,97,2162.22,1301.38,121.37,146.32,0.770208,-1,-1,-1
27,99,1033.50,1065.02,144.98,183.20,0.905938,-1,-1,-1
27,100,1123.80,910.35,105.05,141.22,0.825091,-1,-1,-1
27,109,1404.89,3035.24,68.34,86.74,0.729952,-1,-1,-1
27,112,1805.87,1027.45,114.70,137.77,0.918790,-1,-1,-1
27,69,1473.82,2533.19,122.57,141.68,0.923875,-1,-1,-1
27,71,1858.20,2595.18,126.49,140.23,0.902215,-1,-1,-1
27,75,1570.51,488.05,99.70,126.71,0.879177,-1,-1,-1
27,47,2361.47,1282.17,137.31,189.16,0.709645,-1,-1,-1
27,179,2285.39,2519.79,91.21,120.27,0.829529,-1,-1,-1
27,9,2031.25,1554.75,218.99,222.80,0.825645,-1,-1,-1
27,210,2784.37,204.07,86.11,145.79,0.820582,-1,-1,-1
27,227,1704.34,3148.10,77.44,167.24,0.692017,-1,-1,-1
27,234,1474.63,2303.26,123.92,137.95,0.850188,-1,-1,-1
27,250,3228.00,788.97,93.40,115.15,0.833701,-1,-1,-1
27,269,3436.62,1093.54,125.59,122.68,0.720304,-1,-1,-1
27,281,4125.16,1239.34,89.46,119.84,0.657241,-1,-1,-1
27,8,2353.93,1887.22,140.47,202.33,0.639863,-1,-1,-1
27,116,3709.42,1369.39,111.61,123.56,0.840117,-1,-1,-1
27,53,2489.63,2144.51,158.31,200.26,0.804918,-1,-1,-1
27,155,1334.63,450.59,123.73,156.06,0.585323,-1,-1,-1
27,230,4242.51,787.98,97.30,117.38,0.754520,-1,-1,-1
27,291,4059.17,1061.48,63.10,90.58,0.614720,-1,-1,-1
27,10,2965.83,2240.98,286.00,224.68,0.954827,-1,-1,-1
27,139,3377.36,2676.61,71.69,101.00,0.824623,-1,-1,-1
27,196,4038.35,2280.23,96.09,121.64,0.814106,-1,-1,-1
27,72,2187.36,679.49,137.51,176.29,0.819859,-1,-1,-1
27,83,1444.35,2065.25,126.92,156.02,0.939108,-1,-1,-1
27,241,3806.61,34.65,55.74,82.08,0.655485,-1,-1,-1
27,121,1119.85,2455.05,80.47,140.82,0.822503,-1,-1,-1
27,235,4182.83,1079.36,79.41,79.83,0.789074,-1,-1,-1
27,87,3450.93,1644.78,115.43,171.69,0.768613,-1,-1,-1
27,122,2380.41,2191.91,99.48,137.97,0.623920,-1,-1,-1
27,35,1591.17,1409.88,169.01,190.40,0.919420,-1,-1,-1
27,295,2401.55,1615.94,107.77,140.56,0.632727,-1,-1,-1
27,367,3931.98,265.76,78.70,154.84,0.582334,-1,-1,-1
27,239,3667.36,1096.82,106.05,117.42,0.748406,-1,-1,-1
27,40,1140.11,626.13,114.76,168.05,0.801446,-1,-1,-1
27,382,2163.70,2246.65,95.29,167.94,0.695821,-1,-1,-1
27,150,874.87,1181.54,71.81,145.67,0.873111,-1,-1,-1
27,136,2274.03,522.21,90.82,121.00,0.825780,-1,-1,-1
27,188,1118.83,1609.92,105.38,125.74,0.810268,-1,-1,-1
27,255,3013.38,1508.81,104.95,169.75,0.765896,-1,-1,-1
27,19,3051.53,3128.62,212.74,217.21,0.823530,-1,-1,-1
27,85,4576.18,1253.93,121.64,142.54,0.911293,-1,-1,-1
27,114,4499.72,638.97,67.74,107.36,0.818289,-1,-1,-1
27,44,2343.33,3102.69,257.57,217.02,0.959332,-1,-1,-1
27,401,2815.43,2620.27,102.16,127.37,0.740101,-1,-1,-1
27,274,2227.44,941.81,127.28,146.93,0.675217,-1,-1,-1
27,164,1864.19,1264.34,156.00,212.13,0.936187,-1,-1,-1
27,1,2543.63,738.84,238.32,211.48,0.956887,-1,-1,-1
27,262,4059.37,2764.11,71.56,96.90,0.758343,-1,-1,-1
27,245,2677.20,1911.16,120.70,143.24,0.793283,-1,-1,-1
27,13,2878.47,2585.43,176.84,189.74,0.672422,-1,-1,-1
27,39,1645.00,1621.86,259.49,190.81,0.700674,-1,-1,-1
27,104,3284.43,1897.78,118.50,171.13,0.693672,-1,-1,-1
27,52,1475.40,1011.06,153.90,175.00,0.798292,-1,-1,-1
27,200,4669.00,115.70,96.12,83.31,0.818162,-1,-1,-1
27,96,1690.05,1926.50,82.58,111.04,0.845759,-1,-1,-1
27,149,3435.76,312.20,101.25,127.76,0.620741,-1,-1,-1
27,58,1225.82,2620.55,183.30,180.19,0.735106,-1,-1,-1
27,419,4387.58,418.04,119.15,150.29,0.844282,-1,-1,-1
27,420,3046.13,171.25,84.74,120.62,0.689825,-1,-1,-1
27,105,2766.37,2005.06,126.61,132.04,0.691474,-1,-1,-1
27,101,3833.17,2818.61,111.33,134.39,0.732813,-1,-1,-1
27,326,4395.56,217.79,113.17,177.71,0.893303,-1,-1,-1
27,140,3464.44,2433.41,87.08,83.78,0.600737,-1,-1,-1
27,272,4669.62,2420.98,89.51,90.33,0.612538,-1,-1,-1
27,304,975.83,830.38,107.30,163.11,0.588892,-1,-1,-1
27,423,1606.79,1643.84,91.20,138.97,0.678646,-1,-1,-1
27,424,1255.71,559.10,90.04,131.66,0.810241,-1,-1,-1
27,426,4693.50,1212.84,137.22,108.45,0.682351,-1,-1,-1
27,428,864.39,29.07,79.25,72.00,0.696042,-1,-1,-1
27,429,4640.19,516.02,78.10,74.01,0.658324,-1,-1,-1
27,430,4598.78,889.04,86.65,139.12,0.743164,-1,-1,-1
27,431,1898.62,3342.31,178.79,162.26,0.665087,-1,-1,-1
27,432,2646.86,2818.89,93.96,95.33,0.600407,-1,-1,-1
27,60,2954.95,971.73,261.40,240.76,0.792971,-1,-1,-1
27,66,1179.86,907.60,275.06,176.59,0.928937,-1,-1,-1
27,67,1323.13,250.27,101.02,128.89,0.761873,-1,-1,-1
27,166,2800.01,1554.74,118.54,145.38,0.773821,-1,-1,-1
27,327,3936.53,2412.88,65.10,89.73,0.634861,-1,-1,-1
27,310,4058.38,2877.82,74.89,84.94,0.797466,-1,-1,-1
27,317,1127.15,124.95,106.54,162.14,0.820253,-1,-1,-1
27,231,2600.89,1937.77,63.51,98.15,0.703429,-1,-1,-1
27,163,3363.97,1341.90,91.99,157.38,0.743565,-1,-1,-1
27,201,1136.11,2264.11,87.09,130.05,0.846056,-1,-1,-1
27,329,4058.47,2404.55,80.51,103.74,0.755667,-1,-1,-1
27,337,3485.02,2525.14,109.72,117.85,0.607929,-1,-1,-1
27,298,1005.02,-1.15,60.11,67.94,0.667178,-1,-1,-1
27,334,3931.95,3314.98,75.49,89.37,0.674786,-1,-1,-1
27,242,3026.48,2596.88,86.98,128.65,0.660804,-1,-1,-1
27,76,1318.56,1218.49,199.51,165.38,0.659189,-1,-1,-1
27,115,995.09,2438.22,111.53,133.73,0.643985,-1,-1,-1
27,138,1822.84,2876.04,94.69,158.93,0.585891,-1,-1,-1
27,361,2081.61,913.12,81.33,136.84,0.630056,-1,-1,-1
27,336,1379.35,1440.79,73.38,130.48,0.623441,-1,-1,-1
27,77,1589.96,2316.23,138.54,147.58,0.670018,-1,-1,-1
27,22,4518.73,2904.90,280.62,302.05,0.994159,-1,-1,-1
27,64,1394.37,1886.28,128.02,107.80,0.656895,-1,-1,-1
27,48,1233.67,2240.09,173.11,180.92,0.626670,-1,-1,-1
27,368,3712.48,2725.98,97.76,119.52,0.592891,-1,-1,-1
27,237,1258.64,126.04,72.51,122.18,0.615758,-1,-1,-1
27,408,1240.75,1218.93,134.04,133.86,0.698632,-1,-1,-1
27,68,995.36,2213.52,93.31,134.54,0.855710,-1,-1,-1
27,95,1049.49,376.66,84.88,122.09,0.626140,-1,-1,-1
28,28,1842.81,991.13,282.13,225.63,0.949588,-1,-1,-1
28,33,1805.67,1899.51,234.83,214.31,0.987681,-1,-1,-1
28,42,1919.39,2262.72,142.44,152.05,0.849255,-1,-1,-1
28,50,1709.38,1304.27,134.61,137.27,0.960071,-1,-1,-1
28,65,1716.63,475.56,146.60,173.19,0.714687,-1,-1,-1
28,86,4280.95,1653.80,75.30,135.98,0.826604,-1,-1,-1
28,90,2074.27,2601.46,88.25,158.22,0.801303,-1,-1,-1
28,97,2162.93,1301.34,121.89,146.43,0.788513,-1,-1,-1
28,99,1034.17,1066.58,144.29,180.76,0.865034,-1,-1,-1
28,100,1120.96,905.50,105.57,144.29,0.855964,-1,-1,-1
28,109,1405.08,3035.04,69.26,86.75,0.739666,-1,-1,-1
28,112,1807.33,1028.27,113.58,136.33,0.896811,-1,-1,-1
28,69,1473.19,2533.01,122.75,141.70,0.909139,-1,-1,-1
28,71,1858.97,2594.64,125.99,141.29,0.897742,-1,-1,-1
28,75,1568.39,490.05,99.45,125.50,0.929552,-1,-1,-1
28,47,2338.46,1275.69,147.62,201.27,0.689955,-1,-1,-1
28,179,2287.18,2519.35,92.02,120.04,0.859165,-1,-1,-1
28,9,2021.98,1553.35,226.19,224.44,0.948671,-1,-1,-1
28,210,2778.86,197.44,90.36,154.06,0.771860,-1,-1,-1
28,227,1704.11,3145.46,76.32,164.76,0.738352,-1,-1,-1
28,234,1474.47,2300.97,125.29,140.03,0.692230,-1,-1,-1
28,250,3227.97,789.51,93.21,115.07,0.838691,-1,-1,-1
28,269,3437.44,1093.21,125.00,123.36,0.643053,-1,-1,-1
28,281,4124.63,1238.54,90.28,121.20,0.597824,-1,-1,-1
28,8,2360.44,1888.50,134.79,199.12,0.694999,-1,-1,-1
28,116,3709.56,1369.66,111.48,123.05,0.828256,-1,-1,-1
28,53,2486.90,2143.15,157.88,201.37,0.776682,-1,-1,-1
28,230,4244.36,789.71,95.72,115.00,0.708954,-1,-1,-1
28,10,2965.68,2240.91,286.89,225.29,0.966775,-1,-1,-1
28,139,3377.25,2674.81,73.00,102.70,0.810364,-1,-1,-1
28,196,4038.79,2278.50,98.08,123.30,0.861149,-1,-1,-1
28,72,2184.24,675.64,139.84,182.91,0.741480,-1,-1,-1
28,83,1445.17,2064.96,125.88,155.94,0.932985,-1,-1,-1
28,241,3809.15,33.79,55.70,80.48,0.630372,-1,-1,-1
28,121,1120.17,2456.46,80.29,139.48,0.844419,-1,-1,-1
28,235,4185.04,1079.23,78.11,79.22,0.789506,-1,-1,-1
28,87,3449.95,1643.02,116.16,173.57,0.827063,-1,-1,-1
28,122,2379.98,2191.65,99.66,138.32,0.647806,-1,-1,-1
28,35,1590.00,1409.23,167.88,193.37,0.833272,-1,-1,-1
28,367,3932.05,266.32,78.57,154.52,0.722269,-1,-1,-1
28,239,3668.84,1097.15,105.19,116.87,0.744333,-1,-1,-1
28,40,1116.32,620.56,120.15,173.39,0.942668,-1,-1,-1
28,382,2163.97,2247.14,96.28,168.45,0.658442,-1,-1,-1
28,150,875.60,1180.55,72.24,145.61,0.836769,-1,-1,-1
28,136,2274.54,522.06,91.31,121.16,0.848975,-1,-1,-1
28,188,1119.75,1609.52,105.90,125.75,0.839640,-1,-1,-1
28,255,3013.85,1512.37,104.54,169.64,0.740734,-1,-1,-1
28,85,4576.32,1253.66,120.73,141.97,0.872425,-1,-1,-1
28,114,4500.16,638.18,67.69,104.42,0.758904,-1,-1,-1
28,44,2344.49,3104.35,253.71,215.21,0.928587,-1,-1,-1
28,164,1858.55,1265.27,157.84,211.44,0.971476,-1,-1,-1
28,1,2545.41,739.29,235.23,211.00,0.942032,-1,-1,-1
28,262,4059.25,2766.18,71.29,96.52,0.778646,-1,-1,-1
28,245,2677.50,1911.53,119.67,142.75,0.764006,-1,-1,-1
28,13,2857.47,2580.87,186.42,197.65,0.879015,-1,-1,-1
28,39,1638.67,1622.39,259.39,192.75,0.680787,-1,-1,-1
28,104,3284.20,1896.33,118.89,172.41,0.645260,-1,-1,-1
28,52,1475.39,1019.83,143.08,167.22,0.807593,-1,-1,-1
28,200,4660.04,122.44,99.74,87.54,0.758843,-1,-1,-1
28,96,1690.49,1928.27,81.28,109.70,0.848988,-1,-1,-1
28,58,1227.51,2620.99,179.20,179.93,0.699547,-1,-1,-1
28,419,4385.32,418.68,123.57,157.78,0.761779,-1,-1,-1
28,420,3041.34,167.40,87.65,124.31,0.709456,-1,-1,-1
28,105,2772.75,2010.55,119.39,127.32,0.670241,-1,-1,-1
28,101,3833.46,2817.08,111.75,135.64,0.758391,-1,-1,-1
28,326,4396.52,220.02,114.34,176.72,0.780182,-1,-1,-1
28,423,1604.05,1641.69,91.30,138.99,0.760564,-1,-1,-1
28,424,1256.10,557.94,88.50,129.42,0.682722,-1,-1,-1
28,426,4693.61,1213.19,136.66,108.10,0.721478,-1,-1,-1
28,429,4643.58,517.52,74.80,70.81,0.617286,-1,-1,-1
28,431,1897.31,3342.14,179.37,162.68,0.659932,-1,-1,-1
28,432,2646.54,2818.25,95.27,96.68,0.612176,-1,-1,-1
28,60,2961.60,972.93,243.44,239.71,0.653261,-1,-1,-1
28,66,1189.16,907.56,259.39,177.49,0.977897,-1,-1,-1
28,166,2798.29,1551.20,120.55,148.82,0.617145,-1,-1,-1
28,327,3935.90,2410.05,67.04,92.47,0.584256,-1,-1,-1
28,310,4058.38,2878.53,74.55,84.23,0.772999,-1,-1,-1
28,231,2601.11,1937.63,64.19,97.26,0.695539,-1,-1,-1
28,163,3363.93,1337.09,93.09,161.27,0.777807,-1,-1,-1
28,201,1134.04,2264.16,87.29,129.73,0.875751,-1,-1,-1
28,329,4059.56,2404.05,80.46,103.33,0.745937,-1,-1,-1
28,334,3932.19,3314.52,76.20,90.45,0.636967,-1,-1,-1
28,433,1259.61,748.05,82.50,141.80,0.857163,-1,-1,-1
28,434,1643.22,1040.26,71.25,149.13,0.690060,-1,-1,-1
28,437,838.79,2393.81,71.03,150.34,0.725376,-1,-1,-1
28,242,3026.95,2598.58,85.45,128.58,0.606679,-1,-1,-1
28,76,1334.39,1204.59,206.12,180.80,0.634994,-1,-1,-1
28,138,1820.70,2870.90,101.43,165.40,0.634731,-1,-1,-1
28,77,1593.76,2316.67,133.23,148.25,0.596934,-1,-1,-1
28,237,1265.43,126.79,65.31,106.82,0.658546,-1,-1,-1
28,408,1244.88,1219.54,132.07,132.29,0.858392,-1,-1,-1
28,68,997.18,2216.36,92.75,131.22,0.861949,-1,-1,-1
28,95,1050.37,373.48,87.55,126.29,0.915831,-1,-1,-1
28,156,1428.92,1435.29,110.17,138.58,0.853975,-1,-1,-1
28,180,964.33,658.17,87.63,125.64,0.613483,-1,-1,-1
28,339,4667.18,0.09,75.68,89.28,0.599711,-1,-1,-1
28,171,4298.86,1882.50,58.12,118.07,0.663267,-1,-1,-1
28,403,2176.16,1922.69,115.34,160.35,0.638251,-1,-1,-1
28,5,4572.57,2416.62,292.32,274.29,0.991225,-1,-1,-1
28,169,3668.15,2154.83,86.83,78.64,0.616107,-1,-1,-1
28,107,3768.03,2193.85,99.65,138.41,0.666696,-1,-1,-1
28,106,4730.75,201.78,120.77,119.93,0.880761,-1,-1,-1
28,299,4286.48,2701.05,77.37,81.92,0.583840,-1,-1,-1
29,28,1841.77,990.44,282.47,225.95,0.953715,-1,-1,-1
29,33,1806.90,1899.23,235.66,214.80,0.985122,-1,-1,-1
29,42,1921.08,2264.13,139.75,150.32,0.846255,-1,-1,-1
29,50,1711.45,1304.93,132.43,135.71,0.947163,-1,-1,-1
29,65,1715.53,475.45,145.06,173.43,0.723039,-1,-1,-1
29,86,4281.83,1655.84,76.60,138.47,0.865421,-1,-1,-1
29,90,2074.03,2600.41,90.50,161.56,0.763901,-1,-1,-1
29,97,2163.52,1301.62,120.97,144.75,0.816799,-1,-1,-1
29,99,1029.05,1065.52,147.18,181.96,0.885318,-1,-1,-1
29,100,1118.34,900.23,108.00,151.18,0.859161,-1,-1,-1
29,109,1405.18,3034.93,70.25,86.87,0.739826,-1,-1,-1
29,112,1807.95,1027.35,114.09,136.98,0.857603,-1,-1,-1
29,69,1472.89,2533.49,123.01,141.80,0.911803,-1,-1,-1
29,71,1860.04,2594.71,124.38,140.91,0.896423,-1,-1,-1
29,75,1567.21,488.62,100.85,126.82,0.926755,-1,-1,-1
29,47,2350.13,1276.05,143.80,199.64,0.721608,-1,-1,-1
29,179,2285.19,2517.70,93.17,120.83,0.789309,-1,-1,-1
29,9,2015.65,1552.96,231.75,224.48,0.971109,-1,-1,-1
29,210,2778.25,194.70,90.91,156.87,0.802596,-1,-1,-1
29,227,1704.10,3146.78,76.88,166.55,0.689096,-1,-1,-1
29,234,1472.62,2296.81,128.42,144.31,0.591172,-1,-1,-1
29,250,3227.35,789.55,93.42,115.59,0.824451,-1,-1,-1
29,269,3436.92,1093.01,123.22,123.21,0.604359,-1,-1,-1
29,281,4125.49,1237.93,89.30,120.17,0.670087,-1,-1,-1
29,8,2365.21,1889.15,127.67,192.51,0.731817,-1,-1,-1
29,116,3709.79,1369.49,113.52,124.67,0.906084,-1,-1,-1
29,53,2483.39,2139.01,159.08,205.51,0.808796,-1,-1,-1
29,230,4245.52,790.70,95.17,113.84,0.771001,-1,-1,-1
29,10,2965.79,2240.95,286.60,224.89,0.948135,-1,-1,-1
29,139,3377.20,2675.86,72.55,102.00,0.821949,-1,-1,-1
29,196,4035.97,2278.97,99.63,124.95,0.858865,-1,-1,-1
29,72,2186.16,679.26,136.44,182.27,0.825506,-1,-1,-1
29,83,1445.21,2065.07,125.08,155.90,0.938194,-1,-1,-1
29,241,3809.75,33.74,55.89,79.36,0.613505,-1,-1,-1
29,121,1119.97,2456.51,80.82,139.78,0.796793,-1,-1,-1
29,235,4187.85,1078.24,75.34,77.36,0.716478,-1,-1,-1
29,87,3450.99,1644.28,115.15,172.55,0.756678,-1,-1,-1
29,35,1587.93,1406.01,167.96,195.97,0.781347,-1,-1,-1
29,367,3933.11,268.95,77.08,151.41,0.698945,-1,-1,-1
29,239,3669.36,1097.14,104.23,115.88,0.713929,-1,-1,-1
29,40,1112.35,618.02,122.67,173.20,0.798711,-1,-1,-1
29,382,2161.73,2246.76,99.17,171.97,0.658558,-1,-1,-1
29,150,874.16,1180.00,72.96,147.46,0.736191,-1,-1,-1
29,136,2275.06,522.47,91.48,120.75,0.817516,-1,-1,-1
29,188,1120.52,1609.92,106.90,126.16,0.827989,-1,-1,-1
29,255,3013.06,1508.15,107.73,176.05,0.840383,-1,-1,-1
29,85,4575.31,1253.60,121.47,143.45,0.912938,-1,-1,-1
29,114,4500.97,643.33,66.42,99.46,0.681685,-1,-1,-1
29,44,2345.76,3102.66,254.14,217.01,0.911067,-1,-1,-1
29,164,1856.76,1265.00,159.38,211.17,0.964946,-1,-1,-1
29,1,2548.26,739.33,229.81,207.71,0.939614,-1,-1,-1
29,262,4058.32,2764.69,72.28,97.95,0.835358,-1,-1,-1
29,245,2679.21,1911.83,118.88,142.38,0.773305,-1,-1,-1
29,13,2850.50,2579.83,191.94,201.76,0.973610,-1,-1,-1
29,104,3283.54,1894.99,119.49,174.31,0.631888,-1,-1,-1
29,52,1481.14,1020.79,136.03,163.64,0.795252,-1,-1,-1
29,200,4656.50,116.59,101.94,91.23,0.865906,-1,-1,-1
29,96,1690.09,1928.00,81.01,109.62,0.865460,-1,-1,-1
29,58,1231.15,2620.05,177.08,179.56,0.799241,-1,-1,-1
29,420,3041.07,165.85,89.49,126.44,0.727851,-1,-1,-1
29,105,2776.52,2013.99,114.26,124.15,0.603083,-1,-1,-1
29,101,3833.94,2817.57,110.71,134.87,0.737346,-1,-1,-1
29,326,4397.05,221.16,115.36,175.45,0.809918,-1,-1,-1
29,423,1602.50,1643.02,90.56,137.12,0.799367,-1,-1,-1
29,424,1256.52,558.67,85.74,125.34,0.761502,-1,-1,-1
29,426,4695.74,1213.23,131.84,104.24,0.718822,-1,-1,-1
29,429,4645.84,517.45,73.19,69.15,0.622104,-1,-1,-1
29,431,1898.52,3342.15,179.67,162.92,0.637691,-1,-1,-1
29,432,2647.89,2818.54,93.87,95.22,0.592816,-1,-1,-1
29,60,2967.78,970.65,233.42,242.04,0.708614,-1,-1,-1
29,66,1198.21,904.68,248.77,178.49,0.959170,-1,-1,-1
29,166,2797.48,1548.30,122.02,151.50,0.601505,-1,-1,-1
29,310,4058.49,2879.00,73.42,82.78,0.699747,-1,-1,-1
29,231,2600.81,1936.45,65.17,96.92,0.700517,-1,-1,-1
29,201,1134.87,2265.72,86.28,127.88,0.883678,-1,-1,-1
29,329,4059.56,2402.83,78.13,100.45,0.608262,-1,-1,-1
29,334,3931.88,3314.07,76.94,91.72,0.623104,-1,-1,-1
29,433,1266.12,763.57,68.47,117.09,0.884466,-1,-1,-1
29,434,1649.21,1065.26,59.36,123.10,0.691938,-1,-1,-1
29,242,3026.17,2598.61,85.75,131.26,0.584027,-1,-1,-1
29,76,1343.64,1201.09,196.03,179.67,0.653266,-1,-1,-1
29,408,1243.31,1218.63,129.44,130.58,0.901877,-1,-1,-1
29,68,1000.16,2216.97,91.73,129.43,0.809406,-1,-1,-1
29,95,1049.62,360.26,94.29,136.75,0.922456,-1,-1,-1
29,439,2576.36,272.27,165.50,169.99,0.904822,-1,-1,-1
29,445,3027.31,2452.38,81.16,115.64,0.735118,-1,-1,-1
29,156,1419.23,1437.65,109.84,135.21,0.928090,-1,-1,-1
29,339,4668.96,0.08,72.93,88.08,0.655942,-1,-1,-1
29,171,4299.20,1883.38,57.61,115.17,0.584419,-1,-1,-1
29,5,4574.26,2416.41,289.03,274.81,0.988288,-1,-1,-1
29,169,3669.13,2154.70,86.93,77.84,0.590114,-1,-1,-1
29,107,3769.19,2194.42,99.51,137.82,0.724986,-1,-1,-1
29,106,4737.51,201.91,114.37,114.30,0.677657,-1,-1,-1
29,299,4286.75,2700.96,78.28,82.79,0.581592,-1,-1,-1
29,32,3136.95,1319.84,277.89,248.68,0.812494,-1,-1,-1
29,34,1752.81,732.18,204.02,195.98,0.670204,-1,-1,-1
29,37,1500.04,213.36,146.49,170.54,0.698272,-1,-1,-1
29,391,886.65,1351.66,56.25,109.34,0.631646,-1,-1,-1
29,110,1491.84,96.17,70.24,100.02,0.672759,-1,-1,-1
29,19,3053.40,3127.95,204.43,215.43,0.628837,-1,-1,-1
29,274,2227.39,940.28,127.73,148.69,0.616199,-1,-1,-1
29,149,3438.75,312.33,100.51,127.67,0.629095,-1,-1,-1
29,140,3466.02,2434.51,86.08,82.48,0.607981,-1,-1,-1
29,304,971.53,821.43,109.81,168.97,0.627994,-1,-1,-1
29,317,1128.42,123.63,112.57,164.33,0.866329,-1,-1,-1
29,337,3483.60,2523.75,112.09,120.10,0.611545,-1,-1,-1
29,48,1236.55,2239.52,172.83,180.50,0.585470,-1,-1,-1
30,28,1846.44,989.66,281.94,226.50,0.946957,-1,-1,-1
30,33,1809.55,1899.23,234.65,213.87,0.991395,-1,-1,-1
30,42,1920.86,2263.12,139.30,151.11,0.824026,-1,-1,-1
30,50,1712.25,1305.58,131.22,135.10,0.973682,-1,-1,-1
30,65,1721.02,476.57,140.91,170.88,0.775943,-1,-1,-1
30,86,4281.67,1652.62,77.32,140.45,0.799529,-1,-1,-1
30,90,2073.87,2601.83,91.15,161.89,0.752842,-1,-1,-1
30,97,2163.58,1301.16,121.03,144.49,0.823643,-1,-1,-1
30,99,1020.24,1063.71,152.26,184.87,0.844193,-1,-1,-1
30,100,1121.37,900.77,108.11,154.03,0.853770,-1,-1,-1
30,109,1404.98,3034.81,70.93,86.77,0.735715,-1,-1,-1
30,112,1808.40,1027.66,113.73,136.49,0.900110,-1,-1,-1
30,69,1473.50,2532.62,124.09,143.15,0.916676,-1,-1,-1
30,71,1860.68,2594.64,123.29,140.84,0.890770,-1,-1,-1
30,75,1565.54,486.08,103.07,129.80,0.949589,-1,-1,-1
30,47,2355.96,1275.49,142.35,201.63,0.692326,-1,-1,-1
30,179,2284.85,2516.14,96.63,124.45,0.840384,-1,-1,-1
30,9,2011.81,1553.23,236.45,224.03,0.975132,-1,-1,-1
30,210,2779.86,195.84,88.88,155.15,0.762291,-1,-1,-1
30,227,1706.10,3143.41,77.20,168.31,0.707487,-1,-1,-1
30,250,3227.40,789.55,93.61,115.99,0.788768,-1,-1,-1
30,8,2368.80,1890.15,122.24,187.70,0.738080,-1,-1,-1
30,116,3710.33,1368.95,115.44,126.32,0.912768,-1,-1,-1
30,53,2482.79,2136.12,159.13,208.27,0.810358,-1,-1,-1
30,230,4245.58,790.51,95.65,114.12,0.760100,-1,-1,-1
30,10,2966.22,2241.48,284.61,223.10,0.914755,-1,-1,-1
30,139,3376.02,2673.49,74.39,104.97,0.746653,-1,-1,-1
30,196,4036.44,2279.91,98.67,123.38,0.846505,-1,-1,-1
30,72,2185.78,680.71,136.69,186.42,0.821380,-1,-1,-1
30,83,1445.66,2065.73,123.85,155.24,0.930694,-1,-1,-1
30,121,1119.80,2456.39,80.61,139.20,0.765658,-1,-1,-1
30,235,4189.77,1076.00,75.00,77.93,0.736190,-1,-1,-1
30,87,3452.93,1647.55,113.05,169.25,0.749713,-1,-1,-1
30,35,1582.67,1404.23,169.22,198.76,0.874751,-1,-1,-1
30,367,3933.02,263.81,79.88,157.12,0.600965,-1,-1,-1
30,239,3668.01,1097.66,104.26,115.52,0.739949,-1,-1,-1
30,382,2162.29,2246.90,99.41,171.04,0.601842,-1,-1,-1
30,136,2275.34,521.97,91.65,120.36,0.800709,-1,-1,-1
30,188,1120.14,1609.78,108.49,127.07,0.813158,-1,-1,-1
30,255,3012.92,1506.82,108.36,178.29,0.839376,-1,-1,-1
30,85,4574.35,1253.14,122.95,145.72,0.922527,-1,-1,-1
30,114,4498.45,643.20,72.60,107.43,0.753161,-1,-1,-1
30,44,2347.08,3100.55,255.60,219.31,0.959043,-1,-1,-1
30,164,1853.73,1265.74,161.25,211.18,0.992639,-1,-1,-1
30,1,2549.94,738.50,226.83,205.92,0.915925,-1,-1,-1
30,262,4057.60,2763.84,73.09,99.04,0.854302,-1,-1,-1
30,245,2679.55,1912.78,117.44,141.58,0.608040,-1,-1,-1
30,13,2863.32,2578.11,190.04,203.38,0.696509,-1,-1,-1
30,52,1481.90,1019.65,131.59,162.22,0.815658,-1,-1,-1
30,200,4657.53,115.57,98.58,88.80,0.897837,-1,-1,-1
30,96,1687.48,1928.50,80.25,108.56,0.852247,-1,-1,-1
30,58,1230.45,2621.19,172.63,177.65,0.761905,-1,-1,-1
30,420,3036.90,163.89,91.21,127.76,0.693944,-1,-1,-1
30,101,3834.17,2815.58,111.59,136.64,0.764514,-1,-1,-1
30,326,4392.03,220.11,120.46,178.80,0.912094,-1,-1,-1
30,423,1599.39,1643.86,90.04,135.65,0.762732,-1,-1,-1
30,431,1898.35,3342.42,179.02,162.46,0.625311,-1,-1,-1
30,432,2648.28,2817.71,93.80,95.17,0.612897,-1,-1,-1
30,66,1210.41,904.05,240.44,177.47,0.949306,-1,-1,-1
30,166,2797.79,1547.63,122.05,152.15,0.582416,-1,-1,-1
30,310,4058.31,2878.81,73.64,82.96,0.698589,-1,-1,-1
30,231,2600.50,1937.24,65.93,96.54,0.707887,-1,-1,-1
30,201,1129.11,2266.55,88.25,128.88,0.887903,-1,-1,-1
30,329,4060.41,2403.63,76.58,98.27,0.673006,-1,-1,-1
30,334,3933.03,3312.21,78.33,93.73,0.584619,-1,-1,-1
30,434,1653.15,1082.64,50.99,103.78,0.661669,-1,-1,-1
30,242,3020.16,2593.17,96.81,152.47,0.659766,-1,-1,-1
30,408,1252.31,1212.91,136.84,140.00,0.582303,-1,-1,-1
30,68,1000.34,2215.29,93.20,130.16,0.919619,-1,-1,-1
30,95,1047.95,342.55,105.00,152.51,0.891091,-1,-1,-1
30,439,2578.83,274.72,162.62,167.37,0.938252,-1,-1,-1
30,156,1415.17,1440.33,109.41,131.78,0.934296,-1,-1,-1
30,5,4574.51,2416.78,286.06,275.18,0.980662,-1,-1,-1
30,107,3769.51,2194.70,99.51,137.47,0.668805,-1,-1,-1
30,299,4286.45,2700.98,78.92,83.55,0.628584,-1,-1,-1
30,446,4019.82,1910.50,135.21,116.72,0.629594,-1,-1,-1
30,32,3148.85,1319.33,265.59,249.39,0.740332,-1,-1,-1
30,34,1759.25,731.55,192.54,196.40,0.752437,-1,-1,-1
30,37,1504.58,213.02,137.80,169.82,0.781273,-1,-1,-1
30,110,1489.62,105.67,66.17,93.03,0.597529,-1,-1,-1
30,19,3056.78,3128.27,198.49,215.75,0.726601,-1,-1,-1
30,149,3439.83,311.48,100.01,127.61,0.593373,-1,-1,-1
30,20,3075.02,1825.03,282.48,236.20,0.687310,-1,-1,-1
30,63,1189.95,1573.86,283.45,192.82,0.650673,-1,-1,-1
30,187,3560.37,1785.43,117.95,115.15,0.604311,-1,-1,-1
30,222,4423.82,1625.94,68.99,87.77,0.604631,-1,-1,-1
30,293,3109.86,2856.81,117.75,134.79,0.587612,-1,-1,-1
30,298,997.03,-1.05,67.18,71.86,0.718656,-1,-1,-1
30,122,2379.61,2190.46,99.07,137.11,0.590101,-1,-1,-1
30,39,1666.07,1615.18,252.92,197.00,0.580578,-1,-1,-1
30,419,4383.38,414.77,122.19,158.94,0.820801,-1,-1,-1
30,437,837.69,2391.67,70.63,150.01,0.694741,-1,-1,-1
30,77,1580.83,2292.48,150.44,175.03,0.601004,-1,-1,-1
31,28,1856.59,989.14,278.87,226.61,0.959021,-1,-1,-1
31,33,1810.69,1898.20,234.86,214.27,0.995152,-1,-1,-1
31,42,1922.29,2264.13,137.52,150.11,0.806895,-1,-1,-1
31,50,1712.33,1304.63,131.11,135.63,0.962273,-1,-1,-1
31,65,1726.36,476.33,138.35,170.11,0.788208,-1,-1,-1
31,86,4282.02,1654.24,74.97,135.97,0.837129,-1,-1,-1
31,90,2074.40,2600.42,90.49,159.49,0.816048,-1,-1,-1
31,97,2163.58,1300.73,121.06,144.19,0.846619,-1,-1,-1
31,99,1018.37,1063.11,153.16,182.81,0.958330,-1,-1,-1
31,100,1124.37,900.13,109.46,158.00,0.809204,-1,-1,-1
31,109,1400.72,3033.67,72.77,88.45,0.724418,-1,-1,-1
31,112,1808.96,1027.49,113.94,136.64,0.911066,-1,-1,-1
31,69,1474.19,2532.67,124.12,143.33,0.910773,-1,-1,-1
31,71,1861.75,2595.03,124.59,143.56,0.902473,-1,-1,-1
31,75,1565.35,485.01,103.51,130.44,0.943444,-1,-1,-1
31,47,2359.63,1275.38,139.61,201.58,0.676356,-1,-1,-1
31,179,2283.41,2515.76,95.46,123.04,0.759215,-1,-1,-1
31,9,2008.06,1551.91,241.57,224.40,0.975060,-1,-1,-1
31,210,2780.87,202.17,85.37,149.29,0.854797,-1,-1,-1
31,227,1705.32,3146.64,76.43,166.80,0.693806,-1,-1,-1
31,250,3228.05,789.78,94.15,116.61,0.802444,-1,-1,-1
31,8,2370.32,1890.10,119.71,187.14,0.744070,-1,-1,-1
31,116,3710.55,1368.68,115.39,125.92,0.905230,-1,-1,-1
31,53,2481.24,2134.33,159.20,210.40,0.803545,-1,-1,-1
31,230,4243.79,788.63,96.86,116.17,0.845401,-1,-1,-1
31,10,2966.64,2241.06,286.07,223.99,0.936110,-1,-1,-1
31,139,3376.40,2674.50,73.58,103.73,0.813613,-1,-1,-1
31,196,4038.00,2279.62,99.05,124.09,0.791286,-1,-1,-1
31,72,2185.38,680.91,133.76,186.06,0.757333,-1,-1,-1
31,83,1443.92,2065.34,123.59,155.48,0.946833,-1,-1,-1
31,121,1119.98,2456.47,80.33,138.69,0.730392,-1,-1,-1
31,235,4190.39,1076.89,73.14,76.46,0.757690,-1,-1,-1
31,87,3453.69,1648.75,112.12,167.55,0.722631,-1,-1,-1
31,35,1590.72,1409.95,161.92,192.04,0.651872,-1,-1,-1
31,367,3933.72,259.62,82.32,162.05,0.647326,-1,-1,-1
31,239,3667.63,1098.01,103.61,114.15,0.726633,-1,-1,-1
31,382,2161.58,2247.12,100.80,171.81,0.643449,-1,-1,-1
31,136,2275.33,520.07,92.87,121.24,0.810504,-1,-1,-1
31,188,1119.63,1609.84,109.42,126.40,0.831381,-1,-1,-1
31,255,3012.34,1505.83,108.11,178.35,0.799519,-1,-1,-1
31,85,4577.32,1253.44,121.35,144.79,0.913948,-1,-1,-1
31,44,2348.69,3100.99,254.16,218.86,0.939672,-1,-1,-1
31,164,1854.99,1266.86,161.17,209.09,0.966001,-1,-1,-1
31,1,2560.77,738.51,220.93,204.57,0.669893,-1,-1,-1
31,262,4058.15,2763.53,72.59,98.26,0.808915,-1,-1,-1
31,245,2680.50,1913.24,116.59,141.42,0.701159,-1,-1,-1
31,13,2865.40,2578.82,188.44,203.50,0.816643,-1,-1,-1
31,52,1482.89,1018.38,131.16,165.33,0.762048,-1,-1,-1
31,200,4658.44,114.76,97.16,88.06,0.893036,-1,-1,-1
31,96,1684.59,1927.94,79.65,108.51,0.708027,-1,-1,-1
31,58,1226.71,2621.53,167.94,176.27,0.648069,-1,-1,-1
31,420,3038.27,164.37,90.40,125.69,0.625039,-1,-1,-1
31,101,3833.42,2814.44,111.57,137.63,0.782407,-1,-1,-1
31,326,4392.63,216.65,123.85,180.81,0.916825,-1,-1,-1
31,423,1597.25,1644.82,89.81,134.82,0.721488,-1,-1,-1
31,432,2649.36,2818.59,92.62,93.94,0.597508,-1,-1,-1
31,66,1227.65,905.47,224.83,173.99,0.657291,-1,-1,-1
31,310,4058.74,2878.47,74.31,83.77,0.725711,-1,-1,-1
31,231,2598.74,1938.49,68.85,99.78,0.784100,-1,-1,-1
31,201,1126.24,2266.16,90.17,130.13,0.893451,-1,-1,-1
31,329,4057.45,2401.44,78.82,101.38,0.709302,-1,-1,-1
31,334,3932.28,3310.76,78.11,94.10,0.605352,-1,-1,-1
31,434,1653.27,1078.02,53.93,107.76,0.702103,-1,-1,-1
31,242,3024.02,2595.68,92.79,146.96,0.771495,-1,-1,-1
31,68,1001.50,2212.86,95.81,131.57,0.928750,-1,-1,-1
31,95,1046.00,337.65,105.67,154.82,0.908960,-1,-1,-1
31,439,2578.03,279.45,155.63,160.76,0.921759,-1,-1,-1
31,156,1412.33,1439.93,111.70,131.57,0.939917,-1,-1,-1
31,5,4575.18,2417.53,283.00,275.19,0.962969,-1,-1,-1
31,107,3769.84,2194.38,99.62,137.48,0.685304,-1,-1,-1
31,299,4285.84,2701.25,78.85,83.71,0.612292,-1,-1,-1
31,34,1762.69,729.32,185.12,198.60,0.831164,-1,-1,-1
31,37,1507.21,212.76,131.14,167.84,0.834123,-1,-1,-1
31,110,1489.04,101.25,66.46,93.66,0.612086,-1,-1,-1
31,149,3439.76,310.48,100.59,128.67,0.721205,-1,-1,-1
31,451,1283.92,1856.67,87.00,127.24,0.595657,-1,-1,-1
31,20,3080.13,1824.02,276.15,236.96,0.746906,-1,-1,-1
31,63,1199.29,1574.02,267.87,191.01,0.803019,-1,-1,-1
31,187,3560.25,1784.74,117.29,115.88,0.679812,-1,-1,-1
31,222,4423.07,1622.40,73.36,92.63,0.653039,-1,-1,-1
31,298,992.12,-0.79,70.49,71.60,0.731577,-1,-1,-1
31,122,2378.67,2189.37,100.03,138.21,0.667465,-1,-1,-1
31,419,4391.15,411.45,123.34,164.46,0.640178,-1,-1,-1
31,437,837.58,2390.78,70.38,150.20,0.723958,-1,-1,-1
31,224,2573.92,1176.07,98.66,139.02,0.628848,-1,-1,-1
31,374,4422.04,939.05,68.95,84.88,0.675456,-1,-1,-1
31,385,3575.87,290.69,70.58,146.42,0.685726,-1,-1,-1
31,159,1024.07,2024.86,99.54,120.71,0.749690,-1,-1,-1
31,390,2157.88,567.11,77.91,97.76,0.686374,-1,-1,-1
31,229,4420.04,784.67,70.22,104.64,0.649555,-1,-1,-1
31,163,3365.02,1337.85,91.72,160.59,0.679662,-1,-1,-1
31,138,1822.23,2878.91,95.36,149.07,0.649318,-1,-1,-1
31,269,3437.55,1093.89,120.70,122.25,0.580642,-1,-1,-1
31,40,1073.87,617.14,123.72,171.12,0.838153,-1,-1,-1
31,150,864.88,1186.29,70.52,142.06,0.594493,-1,-1,-1
31,426,4696.75,1212.75,131.58,103.97,0.747143,-1,-1,-1
31,339,4668.87,0.09,68.72,84.23,0.690354,-1,-1,-1
31,140,3466.36,2433.91,85.65,81.84,0.628074,-1,-1,-1
31,337,3483.55,2523.94,112.26,119.77,0.627085,-1,-1,-1
32,28,1866.83,988.34,274.88,227.17,0.970137,-1,-1,-1
32,33,1808.57,1898.35,235.43,214.73,0.987921,-1,-1,-1
32,42,1923.56,2264.17,136.57,149.70,0.820921,-1,-1,-1
32,50,1713.20,1303.38,130.89,136.11,0.963374,-1,-1,-1
32,65,1730.71,476.39,136.48,169.32,0.819549,-1,-1,-1
32,86,4284.22,1656.87,72.10,129.46,0.907289,-1,-1,-1
32,90,2073.41,2595.81,93.03,163.49,0.780007,-1,-1,-1
32,97,2163.76,1300.88,120.76,143.43,0.849667,-1,-1,-1
32,99,1015.51,1063.27,156.47,183.76,0.979595,-1,-1,-1
32,100,1127.60,901.69,107.27,155.72,0.861757,-1,-1,-1
32,109,1398.97,3032.57,73.87,89.29,0.739635,-1,-1,-1
32,112,1809.21,1027.26,114.21,136.62,0.925677,-1,-1,-1
32,69,1473.99,2531.57,123.65,142.84,0.919159,-1,-1,-1
32,71,1862.64,2594.41,123.14,142.97,0.908629,-1,-1,-1
32,75,1564.24,484.26,104.93,132.58,0.958266,-1,-1,-1
32,47,2361.01,1274.30,138.16,203.04,0.642207,-1,-1,-1
32,179,2283.08,2515.56,95.19,123.11,0.747449,-1,-1,-1
32,9,2004.20,1550.29,247.37,225.92,0.986036,-1,-1,-1
32,210,2780.50,199.54,85.06,149.94,0.663497,-1,-1,-1
32,227,1705.62,3145.64,76.98,168.66,0.738208,-1,-1,-1
32,250,3228.54,789.50,94.23,116.88,0.733579,-1,-1,-1
32,8,2372.10,1889.75,117.20,186.34,0.742498,-1,-1,-1
32,116,3710.25,1368.77,115.30,125.86,0.904469,-1,-1,-1
32,53,2481.23,2133.67,158.13,210.80,0.857823,-1,-1,-1
32,230,4242.45,789.23,97.02,116.80,0.764787,-1,-1,-1
32,10,2967.59,2241.43,285.31,223.13,0.950625,-1,-1,-1
32,139,3376.50,2674.25,73.69,104.00,0.807403,-1,-1,-1
32,72,2186.81,681.55,131.15,186.06,0.777589,-1,-1,-1
32,83,1443.79,2063.77,123.75,156.41,0.957004,-1,-1,-1
32,121,1120.62,2455.30,80.44,138.77,0.792877,-1,-1,-1
32,235,4189.00,1071.66,76.40,80.54,0.726121,-1,-1,-1
32,87,3452.20,1643.43,115.02,172.77,0.819700,-1,-1,-1
32,35,1589.67,1407.69,161.80,193.34,0.819798,-1,-1,-1
32,367,3934.84,258.59,82.82,163.49,0.656942,-1,-1,-1
32,239,3667.58,1099.06,104.72,115.21,0.785636,-1,-1,-1
32,382,2161.17,2246.86,102.20,172.49,0.586902,-1,-1,-1
32,136,2273.81,516.09,95.67,124.68,0.836846,-1,-1,-1
32,188,1117.06,1611.67,109.27,124.99,0.662909,-1,-1,-1
32,255,3018.86,1523.41,95.67,155.77,0.613733,-1,-1,-1
32,85,4578.73,1253.38,120.19,144.26,0.924731,-1,-1,-1
32,44,2349.84,3101.55,253.03,218.64,0.956913,-1,-1,-1
32,164,1870.51,1267.29,156.17,205.22,0.733856,-1,-1,-1
32,262,4058.65,2761.69,71.91,97.06,0.785812,-1,-1,-1
32,245,2680.28,1912.27,116.38,142.43,0.598196,-1,-1,-1
32,13,2851.27,2579.58,192.20,204.88,0.951480,-1,-1,-1
32,52,1485.03,1017.84,126.58,162.91,0.860335,-1,-1,-1
32,200,4665.19,115.99,92.37,81.75,0.745768,-1,-1,-1
32,96,1685.32,1928.97,77.86,105.89,0.821176,-1,-1,-1
32,58,1229.18,2620.72,166.60,177.01,0.611780,-1,-1,-1
32,420,3051.01,168.53,87.25,120.86,0.656373,-1,-1,-1
32,101,3833.05,2814.34,111.84,138.79,0.783880,-1,-1,-1
32,326,4394.72,216.45,125.97,182.73,0.837726,-1,-1,-1
32,423,1594.06,1643.79,91.31,136.09,0.740892,-1,-1,-1
32,66,1275.24,909.24,194.04,156.18,0.746653,-1,-1,-1
32,231,2597.72,1941.27,70.43,100.93,0.712987,-1,-1,-1
32,201,1125.74,2267.88,89.88,128.07,0.887516,-1,-1,-1
32,329,4054.86,2392.09,83.97,108.84,0.868562,-1,-1,-1
32,434,1653.28,1077.98,54.38,106.21,0.701868,-1,-1,-1
32,242,3023.89,2595.98,95.13,152.67,0.744603,-1,-1,-1
32,68,1003.20,2214.10,97.01,130.23,0.936417,-1,-1,-1
32,95,1044.12,333.22,109.60,163.01,0.896325,-1,-1,-1
32,439,2578.10,280.65,153.06,158.83,0.920528,-1,-1,-1
32,156,1411.35,1438.90,114.09,132.83,0.940275,-1,-1,-1
32,107,3770.05,2194.97,99.80,137.35,0.696182,-1,-1,-1
32,299,4286.42,2700.95,78.55,83.63,0.585427,-1,-1,-1
32,34,1767.65,728.14,175.59,195.88,0.763136,-1,-1,-1
32,37,1510.28,212.50,126.67,168.56,0.746171,-1,-1,-1
32,149,3440.08,309.76,100.40,128.61,0.644367,-1,-1,-1
32,20,3085.36,1823.75,273.22,237.68,0.658472,-1,-1,-1
32,63,1201.81,1569.14,263.59,196.07,0.982785,-1,-1,-1
32,222,4422.72,1624.07,73.25,91.28,0.632058,-1,-1,-1
32,298,992.19,-0.67,72.91,72.35,0.823613,-1,-1,-1
32,122,2377.70,2188.35,101.54,140.37,0.712692,-1,-1,-1
32,419,4402.18,417.18,105.24,142.78,0.753207,-1,-1,-1
32,437,836.87,2387.89,71.76,154.18,0.626387,-1,-1,-1
32,455,2879.29,571.71,103.67,124.89,0.634976,-1,-1,-1
32,458,3762.37,648.25,95.41,93.56,0.644489,-1,-1,-1
32,224,2577.02,1177.72,96.85,136.05,0.660779,-1,-1,-1
32,374,4422.91,934.86,72.22,90.01,0.592986,-1,-1,-1
32,159,1019.84,2021.88,97.62,118.46,0.667239,-1,-1,-1
32,229,4419.72,782.15,73.47,111.89,0.693757,-1,-1,-1
32,163,3373.53,1373.78,74.08,125.11,0.630145,-1,-1,-1
32,138,1820.84,2882.01,95.59,144.41,0.658732,-1,-1,-1
32,40,1083.46,616.48,126.34,171.51,0.667797,-1,-1,-1
32,426,4695.76,1211.01,133.57,105.54,0.713579,-1,-1,-1
32,140,3467.09,2432.28,86.94,82.47,0.621952,-1,-1,-1
32,337,3483.38,2523.78,112.87,119.96,0.625984,-1,-1,-1
32,270,2194.95,171.94,158.54,189.09,0.725269,-1,-1,-1
32,57,1332.32,2828.78,228.57,180.16,0.643139,-1,-1,-1
32,178,4463.61,2063.96,102.71,164.17,0.580370,-1,-1,-1
32,131,1199.20,1814.39,121.57,167.69,0.650645,-1,-1,-1
32,287,1511.02,1231.90,91.72,140.61,0.613985,-1,-1,-1
32,155,1330.26,455.47,138.28,177.39,0.859245,-1,-1,-1
32,272,4673.45,2422.16,91.63,92.23,0.688281,-1,-1,-1
32,361,2083.49,919.69,81.82,138.29,0.762436,-1,-1,-1
32,368,3713.85,2724.64,101.63,124.70,0.605439,-1,-1,-1
32,234,1471.53,2297.75,130.97,148.31,0.835578,-1,-1,-1
32,76,1311.51,1209.46,176.02,165.92,0.657569,-1,-1,-1
32,171,4295.97,1883.41,60.85,121.09,0.733740,-1,-1,-1
32,304,972.86,830.55,104.08,161.12,0.644647,-1,-1,-1
32,48,1238.65,2238.91,172.37,180.27,0.602034,-1,-1,-1
32,431,1899.34,3342.31,179.54,162.96,0.610111,-1,-1,-1
32,408,1220.46,1200.32,125.84,131.97,0.719114,-1,-1,-1
32,446,4019.06,1907.99,136.57,117.75,0.637135,-1,-1,-1
33,28,1865.90,988.01,272.40,227.12,0.963482,-1,-1,-1
33,33,1810.03,1898.57,234.74,213.94,0.989900,-1,-1,-1
33,42,1923.66,2263.10,136.61,150.58,0.810074,-1,-1,-1
33,50,1713.49,1302.72,130.73,136.60,0.965273,-1,-1,-1
33,65,1726.14,472.14,141.02,175.05,0.839380,-1,-1,-1
33,86,4287.18,1656.03,72.94,129.66,0.930360,-1,-1,-1
33,90,2073.41,2597.71,92.22,161.25,0.795360,-1,-1,-1
33,97,2163.89,1300.45,120.90,143.09,0.841262,-1,-1,-1
33,99,1012.66,1063.54,159.86,184.90,0.981658,-1,-1,-1
33,100,1123.74,903.09,106.84,155.11,0.868201,-1,-1,-1
33,109,1400.71,3033.74,72.86,87.26,0.738846,-1,-1,-1
33,112,1809.29,1026.15,115.34,137.67,0.911812,-1,-1,-1
33,69,1474.02,2532.97,122.70,141.64,0.905711,-1,-1,-1
33,71,1863.84,2594.66,121.60,142.09,0.898012,-1,-1,-1
33,75,1562.86,484.06,106.51,134.72,0.944253,-1,-1,-1
33,47,2362.22,1274.89,136.65,204.18,0.682725,-1,-1,-1
33,179,2284.96,2517.94,92.45,119.92,0.822528,-1,-1,-1
33,9,2003.05,1550.63,250.52,225.30,0.972071,-1,-1,-1
33,210,2782.83,201.51,83.13,147.33,0.781227,-1,-1,-1
33,227,1705.98,3145.55,76.72,168.62,0.746812,-1,-1,-1
33,250,3228.30,789.21,94.61,117.37,0.768563,-1,-1,-1
33,8,2373.75,1890.84,113.57,182.86,0.756097,-1,-1,-1
33,116,3710.25,1368.97,114.94,125.56,0.891271,-1,-1,-1
33,53,2480.65,2133.90,156.82,210.52,0.847418,-1,-1,-1
33,230,4243.24,788.53,96.52,116.66,0.825781,-1,-1,-1
33,10,2967.62,2241.63,284.71,222.54,0.903822,-1,-1,-1
33,139,3377.22,2676.45,72.22,101.86,0.828870,-1,-1,-1
33,72,2189.44,682.75,126.68,182.21,0.827468,-1,-1,-1
33,83,1446.74,2063.26,124.65,156.68,0.971172,-1,-1,-1
33,121,1120.60,2455.00,79.89,137.70,0.749803,-1,-1,-1
33,235,4186.72,1065.60,81.10,87.03,0.678501,-1,-1,-1
33,87,3453.16,1644.15,114.49,172.56,0.841712,-1,-1,-1
33,35,1588.19,1406.12,162.65,195.99,0.870613,-1,-1,-1
33,367,3942.55,268.10,77.74,154.04,0.664172,-1,-1,-1
33,239,3666.98,1099.72,107.06,118.08,0.833344,-1,-1,-1
33,136,2273.07,513.70,97.54,127.31,0.811445,-1,-1,-1
33,188,1115.48,1611.87,110.46,125.31,0.625912,-1,-1,-1
33,85,4580.46,1254.01,118.97,143.24,0.933482,-1,-1,-1
33,44,2350.54,3101.58,252.31,218.70,0.959625,-1,-1,-1
33,262,4057.87,2762.42,72.85,98.23,0.817375,-1,-1,-1
33,245,2681.40,1911.27,116.76,143.24,0.717922,-1,-1,-1
33,13,2871.97,2579.74,181.47,197.79,0.634046,-1,-1,-1
33,52,1486.87,1017.68,122.57,160.54,0.848934,-1,-1,-1
33,96,1687.95,1927.66,79.91,109.14,0.846853,-1,-1,-1
33,420,3034.46,158.42,97.66,131.90,0.928315,-1,-1,-1
33,101,3834.21,2817.07,109.82,136.76,0.729499,-1,-1,-1
33,423,1596.00,1642.71,92.26,136.38,0.885415,-1,-1,-1
33,66,1310.92,919.56,167.41,143.10,0.689347,-1,-1,-1
33,231,2598.15,1941.67,70.01,99.20,0.608284,-1,-1,-1
33,201,1125.37,2268.95,90.11,126.90,0.892241,-1,-1,-1
33,329,4055.41,2394.16,82.19,106.67,0.713388,-1,-1,-1
33,434,1651.83,1072.95,58.10,111.14,0.710913,-1,-1,-1
33,242,3023.11,2596.98,96.89,157.86,0.824746,-1,-1,-1
33,68,1003.01,2208.33,100.75,133.56,0.951519,-1,-1,-1
33,95,1041.91,325.27,116.02,174.98,0.824979,-1,-1,-1
33,439,2578.67,280.88,150.95,157.43,0.900375,-1,-1,-1
33,156,1413.93,1438.52,114.68,133.70,0.930898,-1,-1,-1
33,107,3770.27,2195.53,99.66,136.51,0.663969,-1,-1,-1
33,299,4286.79,2700.42,78.74,84.09,0.598148,-1,-1,-1
33,34,1769.53,726.39,170.78,196.68,0.745880,-1,-1,-1
33,37,1512.47,212.53,122.55,167.91,0.793868,-1,-1,-1
33,149,3440.70,308.92,100.09,128.06,0.752925,-1,-1,-1
33,63,1205.43,1566.83,257.82,198.28,0.972409,-1,-1,-1
33,222,4422.47,1624.18,73.59,90.66,0.660382,-1,-1,-1
33,122,2376.51,2187.03,104.39,145.10,0.800220,-1,-1,-1
33,437,837.18,2387.41,71.31,154.29,0.701565,-1,-1,-1
33,455,2879.72,572.26,103.20,124.27,0.625282,-1,-1,-1
33,458,3762.48,648.34,95.32,93.46,0.634064,-1,-1,-1
33,224,2577.23,1177.92,96.44,135.48,0.635310,-1,-1,-1
33,374,4424.19,929.13,73.49,93.14,0.587465,-1,-1,-1
33,159,1023.09,2022.82,100.59,120.24,0.643376,-1,-1,-1
33,163,3373.51,1375.07,73.81,123.60,0.635648,-1,-1,-1
33,138,1818.34,2882.46,96.33,142.76,0.629612,-1,-1,-1
33,40,1089.05,613.71,129.13,176.39,0.955499,-1,-1,-1
33,140,3467.66,2431.03,88.22,83.08,0.634246,-1,-1,-1
33,337,3483.41,2523.83,113.42,120.26,0.657845,-1,-1,-1
33,459,1062.14,140.92,79.66,130.36,0.589641,-1,-1,-1
33,463,994.66,1386.10,88.86,109.16,0.662957,-1,-1,-1
33,465,3810.81,1928.09,71.14,106.27,0.591766,-1,-1,-1
33,57,1340.80,2827.21,214.65,184.33,0.663477,-1,-1,-1
33,178,4461.41,2058.51,102.47,170.10,0.592186,-1,-1,-1
33,155,1330.92,455.11,136.35,176.05,0.798520,-1,-1,-1
33,272,4675.44,2426.05,83.59,84.04,0.658066,-1,-1,-1
33,361,2082.11,909.60,84.68,145.60,0.601049,-1,-1,-1
33,368,3714.03,2724.07,103.09,126.94,0.653678,-1,-1,-1
33,234,1471.46,2296.85,131.43,150.34,0.870941,-1,-1,-1
33,76,1310.29,1211.56,167.47,163.27,0.670569,-1,-1,-1
33,171,4296.18,1883.72,61.87,122.15,0.718458,-1,-1,-1
33,431,1899.70,3342.41,179.52,162.98,0.616925,-1,-1,-1
33,408,1219.17,1197.47,126.69,135.25,0.608499,-1,-1,-1
33,446,4017.43,1906.25,138.56,119.30,0.580811,-1,-1,-1
33,89,4651.43,2557.90,110.55,127.60,0.762907,-1,-1,-1
33,321,1666.90,2091.59,139.54,152.26,0.605134,-1,-1,-1
33,305,3560.97,2216.56,98.69,124.86,0.637416,-1,-1,-1
33,185,2565.64,2937.73,73.53,107.62,0.590693,-1,-1,-1
33,209,3121.23,1032.97,94.71,120.95,0.600823,-1,-1,-1
33,418,4459.53,2608.73,73.22,114.44,0.716705,-1,-1,-1
33,428,866.48,0.54,108.50,99.86,0.687924,-1,-1,-1
33,445,3025.27,2442.68,86.24,122.99,0.603123,-1,-1,-1
33,114,4500.27,641.85,77.61,114.00,0.723318,-1,-1,-1
33,19,3058.49,3128.29,190.49,214.36,0.614514,-1,-1,-1
33,432,2649.40,2818.30,93.99,95.47,0.623457,-1,-1,-1
33,310,4057.87,2878.61,75.09,84.67,0.687115,-1,-1,-1
33,187,3562.69,1787.34,113.73,112.40,0.680795,-1,-1,-1
33,390,2158.92,568.08,79.87,99.55,0.677446,-1,-1,-1
33,269,3436.97,1095.12,118.15,120.53,0.716291,-1,-1,-1
34,28,1866.30,987.53,271.05,227.71,0.956704,-1,-1,-1
34,33,1810.05,1898.62,234.53,213.34,0.988108,-1,-1,-1
34,42,1923.58,2262.73,136.25,150.96,0.787113,-1,-1,-1
34,50,1713.20,1303.14,130.38,136.74,0.967690,-1,-1,-1
34,65,1728.01,474.27,138.90,172.99,0.801942,-1,-1,-1
34,86,4288.18,1658.29,70.80,124.39,0.882008,-1,-1,-1
34,90,2074.16,2598.95,90.74,157.76,0.823358,-1,-1,-1
34,97,2163.98,1299.86,121.24,143.02,0.835655,-1,-1,-1
34,99,1012.27,1063.05,162.23,185.33,0.962625,-1,-1,-1
34,100,1122.37,901.38,107.83,156.65,0.867691,-1,-1,-1
34,109,1401.76,3033.93,71.47,85.04,0.715717,-1,-1,-1
34,112,1809.65,1025.56,116.01,138.28,0.910074,-1,-1,-1
34,69,1473.24,2532.10,122.71,141.55,0.912563,-1,-1,-1
34,71,1864.97,2594.77,121.19,142.42,0.904474,-1,-1,-1
34,75,1563.07,482.96,106.75,135.13,0.941109,-1,-1,-1
34,47,2364.06,1275.71,134.44,204.05,0.685400,-1,-1,-1
34,179,2282.44,2517.46,92.41,120.41,0.739234,-1,-1,-1
34,9,2000.30,1549.60,255.11,226.31,0.978170,-1,-1,-1
34,210,2783.28,201.03,83.53,148.77,0.718255,-1,-1,-1
34,227,1705.78,3138.94,77.85,172.07,0.693123,-1,-1,-1
34,250,3228.24,788.38,95.60,118.61,0.777045,-1,-1,-1
34,8,2374.32,1890.74,112.26,183.05,0.744279,-1,-1,-1
34,116,3709.97,1368.36,115.32,126.17,0.895905,-1,-1,-1
34,53,2479.79,2132.87,156.83,211.76,0.815474,-1,-1,-1
34,230,4243.53,788.41,96.09,116.46,0.777147,-1,-1,-1
34,10,2967.22,2241.41,287.29,224.69,0.960205,-1,-1,-1
34,139,3377.49,2675.95,72.44,102.33,0.824966,-1,-1,-1
34,72,2191.03,682.18,124.25,179.95,0.716252,-1,-1,-1
34,83,1447.77,2063.13,124.48,156.51,0.969520,-1,-1,-1
34,121,1123.08,2457.12,78.36,135.95,0.758510,-1,-1,-1
34,235,4186.54,1061.02,82.79,90.38,0.674441,-1,-1,-1
34,87,3453.40,1646.10,113.92,172.10,0.819964,-1,-1,-1
34,35,1591.85,1406.32,159.40,193.55,0.859685,-1,-1,-1
34,367,3945.20,270.50,76.53,152.53,0.626928,-1,-1,-1
34,239,3667.63,1100.32,108.33,120.09,0.802939,-1,-1,-1
34,136,2272.63,512.24,98.71,129.24,0.860460,-1,-1,-1
34,188,1114.22,1611.70,112.35,126.72,0.611635,-1,-1,-1
34,85,4582.61,1254.41,115.77,139.71,0.933660,-1,-1,-1
34,44,2350.53,3101.72,251.24,218.59,0.955435,-1,-1,-1
34,262,4057.57,2762.75,73.36,98.86,0.815062,-1,-1,-1
34,245,2684.05,1911.03,116.25,143.39,0.685192,-1,-1,-1
34,13,2865.67,2580.56,183.18,199.78,0.805533,-1,-1,-1
34,52,1488.08,1018.73,119.31,158.86,0.848001,-1,-1,-1
34,96,1688.57,1924.86,81.94,112.55,0.823178,-1,-1,-1
34,420,3027.50,152.32,104.28,138.05,0.935806,-1,-1,-1
34,423,1593.95,1643.10,92.22,135.76,0.788611,-1,-1,-1
34,66,1332.31,928.17,144.65,130.50,0.742997,-1,-1,-1
34,231,2597.58,1942.43,71.16,99.69,0.683273,-1,-1,-1
34,201,1126.15,2268.51,90.66,126.78,0.864619,-1,-1,-1
34,329,4055.51,2395.08,80.89,104.79,0.771702,-1,-1,-1
34,434,1648.98,1067.35,62.36,116.68,0.681895,-1,-1,-1
34,242,3024.96,2598.41,93.37,153.31,0.826061,-1,-1,-1
34,68,1004.05,2207.30,100.37,131.47,0.964419,-1,-1,-1
34,95,1043.96,336.03,101.50,155.01,0.623805,-1,-1,-1
34,156,1417.71,1437.40,115.03,135.07,0.915741,-1,-1,-1
34,107,3770.27,2195.66,99.91,136.43,0.695331,-1,-1,-1
34,299,4287.75,2700.85,78.84,84.42,0.602500,-1,-1,-1
34,34,1772.40,725.10,166.28,197.19,0.908006,-1,-1,-1
34,37,1517.73,217.27,115.02,159.28,0.786402,-1,-1,-1
34,149,3441.30,308.22,100.98,129.34,0.785186,-1,-1,-1
34,222,4421.13,1623.82,73.12,88.99,0.582704,-1,-1,-1
34,122,2373.14,2183.60,108.12,151.38,0.743649,-1,-1,-1
34,437,836.42,2385.33,71.54,156.13,0.673264,-1,-1,-1
34,455,2878.60,568.43,106.44,128.21,0.729865,-1,-1,-1
34,224,2578.69,1178.61,95.69,134.18,0.674852,-1,-1,-1
34,163,3373.66,1375.48,74.00,123.04,0.621597,-1,-1,-1
34,138,1818.11,2880.86,99.88,145.07,0.707678,-1,-1,-1
34,40,1091.95,610.61,132.46,181.15,0.986901,-1,-1,-1
34,140,3465.95,2430.51,88.85,83.71,0.646680,-1,-1,-1
34,337,3483.97,2523.84,113.27,119.91,0.685352,-1,-1,-1
34,459,1068.41,132.79,87.54,143.28,0.595762,-1,-1,-1
34,465,3812.28,1932.70,67.51,100.83,0.623588,-1,-1,-1
34,57,1355.65,2846.36,179.60,164.37,0.744543,-1,-1,-1
34,155,1329.11,454.50,134.35,173.46,0.884626,-1,-1,-1
34,272,4677.45,2427.88,81.18,81.68,0.666759,-1,-1,-1
34,361,2083.95,914.75,80.61,139.02,0.605964,-1,-1,-1
34,234,1471.77,2296.28,131.15,151.54,0.870899,-1,-1,-1
34,171,4295.38,1886.96,61.87,120.58,0.757185,-1,-1,-1
34,431,1899.64,3342.34,179.45,162.91,0.598946,-1,-1,-1
34,408,1220.96,1197.58,124.77,135.53,0.580048,-1,-1,-1
34,446,4018.45,1908.06,136.14,117.05,0.815310,-1,-1,-1
34,471,1640.31,2629.00,76.65,101.42,0.586283,-1,-1,-1
34,305,3561.44,2215.97,98.26,124.44,0.644928,-1,-1,-1
34,185,2566.04,2936.56,73.65,108.02,0.633513,-1,-1,-1
34,209,3119.53,1032.19,95.71,122.38,0.735508,-1,-1,-1
34,445,3026.96,2449.16,83.75,118.96,0.769388,-1,-1,-1
34,114,4502.04,638.73,76.95,112.82,0.728268,-1,-1,-1
34,432,2649.72,2817.85,94.11,95.65,0.642113,-1,-1,-1
34,310,4058.46,2879.06,74.96,84.68,0.693114,-1,-1,-1
34,187,3563.55,1789.03,111.94,110.65,0.676663,-1,-1,-1
34,390,2158.84,567.32,83.81,104.04,0.664606,-1,-1,-1
34,269,3438.39,1094.89,117.76,120.66,0.680639,-1,-1,-1
34,67,1323.66,249.26,96.71,121.41,0.702990,-1,-1,-1
34,115,1002.16,2433.66,104.73,126.87,0.637863,-1,-1,-1
34,180,973.26,641.61,97.61,144.14,0.710421,-1,-1,-1
34,317,1206.86,147.01,101.86,142.01,0.810889,-1,-1,-1
34,1,2576.63,739.56,213.86,202.87,0.767269,-1,-1,-1
34,110,1469.40,98.88,99.20,145.17,0.685349,-1,-1,-1
34,150,860.62,1180.47,74.93,146.92,0.621221,-1,-1,-1
34,339,4660.97,0.02,70.14,85.89,0.581023,-1,-1,-1
34,382,2159.94,2245.45,103.88,173.70,0.592187,-1,-1,-1
34,164,1877.62,1265.38,152.31,201.88,0.742834,-1,-1,-1
34,200,4668.59,116.76,89.50,77.29,0.739017,-1,-1,-1
34,326,4408.97,227.31,95.24,140.45,0.739655,-1,-1,-1
34,298,990.93,-0.57,74.53,72.12,0.836961,-1,-1,-1
34,419,4414.16,402.21,77.15,103.31,0.817059,-1,-1,-1
34,229,4423.45,780.92,69.64,106.33,0.658259,-1,-1,-1
34,426,4696.27,1210.10,134.34,106.24,0.810972,-1,-1,-1
34,48,1235.45,2238.02,172.72,179.48,0.730955,-1,-1,-1
35,28,1865.99,987.15,268.66,226.87,0.948411,-1,-1,-1
35,33,1809.62,1898.67,233.89,212.08,0.987349,-1,-1,-1
35,42,1923.47,2261.81,135.97,151.40,0.799719,-1,-1,-1
35,50,1713.43,1303.10,129.05,135.89,0.971695,-1,-1,-1
35,65,1728.09,471.72,140.72,176.24,0.843311,-1,-1,-1
35,86,4286.27,1649.17,75.16,132.27,0.836980,-1,-1,-1
35,90,2074.07,2599.14,91.08,157.34,0.832286,-1,-1,-1
35,97,2163.85,1299.51,121.50,142.90,0.822523,-1,-1,-1
35,99,1011.75,1063.44,163.49,184.42,0.979026,-1,-1,-1
35,100,1123.52,901.41,107.50,155.37,0.882869,-1,-1,-1
35,109,1399.28,3032.53,74.60,88.41,0.744125,-1,-1,-1
35,112,1809.14,1024.75,116.81,139.03,0.912137,-1,-1,-1
35,69,1474.03,2532.09,122.34,141.10,0.909112,-1,-1,-1
35,71,1864.42,2594.40,122.03,144.36,0.895643,-1,-1,-1
35,75,1563.80,483.58,106.23,134.47,0.920582,-1,-1,-1
35,47,2365.69,1276.82,132.08,203.40,0.690457,-1,-1,-1
35,179,2282.58,2516.96,93.10,121.56,0.794485,-1,-1,-1
35,9,1998.77,1547.84,258.95,227.17,0.981423,-1,-1,-1
35,227,1712.99,3139.55,72.71,162.79,0.676154,-1,-1,-1
35,250,3229.24,790.49,93.89,116.34,0.651499,-1,-1,-1
35,8,2373.91,1890.42,112.88,186.81,0.744731,-1,-1,-1
35,116,3709.73,1368.40,115.37,126.38,0.885409,-1,-1,-1
35,53,2479.65,2132.36,156.35,212.25,0.814837,-1,-1,-1
35,230,4243.78,789.51,94.69,115.09,0.801935,-1,-1,-1
35,139,3376.38,2679.02,73.71,104.43,0.778023,-1,-1,-1
35,72,2193.74,683.32,120.69,175.71,0.813171,-1,-1,-1
35,83,1445.55,2064.03,122.63,155.00,0.949258,-1,-1,-1
35,235,4187.36,1060.36,82.11,91.16,0.596408,-1,-1,-1
35,87,3453.53,1647.62,113.02,171.02,0.817599,-1,-1,-1
35,35,1593.57,1410.32,154.84,188.60,0.862445,-1,-1,-1
35,367,3944.37,261.68,79.85,160.84,0.600966,-1,-1,-1
35,239,3667.14,1100.20,110.95,124.11,0.873698,-1,-1,-1
35,136,2273.02,513.68,96.70,126.65,0.842937,-1,-1,-1
35,85,4582.24,1253.60,116.81,141.22,0.936705,-1,-1,-1
35,44,2349.44,3101.91,249.00,217.87,0.940538,-1,-1,-1
35,262,4058.69,2763.41,72.15,97.16,0.781334,-1,-1,-1
35,245,2683.47,1910.30,116.40,143.40,0.728591,-1,-1,-1
35,13,2873.78,2581.01,178.21,196.92,0.797049,-1,-1,-1
35,52,1483.29,1019.09,121.75,162.22,0.838750,-1,-1,-1
35,96,1694.11,1923.19,82.47,113.70,0.824219,-1,-1,-1
35,420,3023.37,150.56,106.68,139.17,0.937064,-1,-1,-1
35,423,1594.63,1646.46,91.44,133.84,0.818995,-1,-1,-1
35,231,2597.65,1942.78,71.02,98.33,0.680189,-1,-1,-1
35,201,1124.53,2270.58,90.38,124.71,0.905948,-1,-1,-1
35,329,4055.29,2399.21,81.19,104.62,0.776785,-1,-1,-1
35,434,1647.84,1063.66,65.99,121.35,0.651750,-1,-1,-1
35,242,3024.14,2597.30,94.59,156.74,0.779443,-1,-1,-1
35,68,1006.02,2210.63,99.85,130.13,0.933209,-1,-1,-1
35,95,1043.05,337.03,97.59,150.84,0.651940,-1,-1,-1
35,299,4288.01,2700.89,78.90,84.75,0.646290,-1,-1,-1
35,34,1775.03,724.67,161.49,196.29,0.885550,-1,-1,-1
35,37,1513.68,212.17,118.79,167.83,0.805760,-1,-1,-1
35,149,3441.11,306.88,101.52,130.37,0.722032,-1,-1,-1
35,122,2372.33,2182.06,106.91,150.16,0.759774,-1,-1,-1
35,437,836.84,2385.61,71.13,156.69,0.673779,-1,-1,-1
35,455,2877.17,565.82,108.71,131.07,0.674137,-1,-1,-1
35,224,2579.42,1178.54,95.76,133.83,0.730867,-1,-1,-1
35,163,3375.00,1382.99,71.18,116.11,0.587364,-1,-1,-1
35,40,1090.54,609.66,134.42,182.13,0.733875,-1,-1,-1
35,140,3465.97,2429.97,89.05,83.51,0.614164,-1,-1,-1
35,57,1359.69,2849.26,165.09,160.32,0.608537,-1,-1,-1
35,155,1327.64,453.88,133.84,172.24,0.904120,-1,-1,-1
35,272,4677.45,2426.37,84.03,84.39,0.693362,-1,-1,-1
35,361,2081.92,907.78,81.35,141.44,0.611437,-1,-1,-1
35,234,1473.80,2296.93,126.73,146.91,0.675960,-1,-1,-1
35,171,4294.20,1881.41,64.86,126.77,0.697640,-1,-1,-1
35,446,4018.15,1907.81,136.48,117.25,0.781443,-1,-1,-1
35,185,2569.85,2939.49,72.79,107.06,0.595166,-1,-1,-1
35,114,4501.48,637.79,79.32,115.99,0.718637,-1,-1,-1
35,432,2648.89,2817.12,94.58,96.08,0.642321,-1,-1,-1
35,310,4059.37,2877.83,73.84,83.51,0.590954,-1,-1,-1
35,187,3562.99,1787.01,113.64,112.68,0.673947,-1,-1,-1
35,269,3437.74,1094.26,117.79,121.41,0.639819,-1,-1,-1
35,474,1139.57,428.70,121.06,151.39,0.931276,-1,-1,-1
35,476,3927.89,2863.59,86.36,100.87,0.714537,-1,-1,-1
35,477,3939.60,2731.67,77.61,117.89,0.721853,-1,-1,-1
35,478,3557.52,1174.08,106.02,121.64,0.582224,-1,-1,-1
35,1,2583.76,740.94,206.76,201.31,0.755205,-1,-1,-1
35,110,1476.16,98.34,81.36,118.13,0.745181,-1,-1,-1
35,339,4649.26,-0.02,71.41,83.26,0.797449,-1,-1,-1
35,382,2159.10,2245.12,105.23,174.57,0.601433,-1,-1,-1
35,164,1879.71,1263.60,150.52,201.14,0.749748,-1,-1,-1
35,229,4421.16,781.91,73.63,114.86,0.600576,-1,-1,-1
35,48,1235.95,2238.00,172.80,178.89,0.792119,-1,-1,-1
35,176,2883.66,1907.67,92.52,174.27,0.871249,-1,-1,-1
35,223,2968.99,2319.01,123.74,123.53,0.763510,-1,-1,-1
35,39,1662.51,1615.44,242.18,195.01,0.653812,-1,-1,-1
35,77,1579.67,2285.73,150.05,181.67,0.652714,-1,-1,-1
35,196,4041.12,2281.33,100.63,126.45,0.698034,-1,-1,-1
35,334,3931.55,3303.22,79.19,95.80,0.717351,-1,-1,-1
35,385,3576.05,288.66,73.59,149.59,0.613541,-1,-1,-1
35,20,3093.00,1823.27,270.64,236.00,0.776280,-1,-1,-1
35,131,1203.58,1823.81,111.84,154.19,0.613136,-1,-1,-1
35,304,975.17,834.97,99.66,154.91,0.726148,-1,-1,-1
35,101,3836.31,2821.13,106.01,132.36,0.644434,-1,-1,-1
35,63,1209.77,1566.26,250.84,198.04,0.883374,-1,-1,-1
35,374,4422.19,926.54,74.98,96.39,0.629006,-1,-1,-1
35,463,1010.49,1381.70,92.60,114.67,0.746083,-1,-1,-1
35,321,1664.33,2088.59,143.33,155.80,0.635247,-1,-1,-1
35,428,873.09,-1.41,92.10,85.37,0.581071,-1,-1,-1
36,28,1862.57,986.40,268.51,226.91,0.963210,-1,-1,-1
36,33,1808.71,1898.48,234.68,212.21,0.981871,-1,-1,-1
36,42,1924.05,2261.95,134.88,150.70,0.784695,-1,-1,-1
36,50,1713.42,1302.63,129.30,136.74,0.966110,-1,-1,-1
36,65,1718.84,470.92,145.07,179.02,0.977385,-1,-1,-1
36,86,4286.01,1646.17,76.84,135.73,0.806418,-1,-1,-1
36,90,2073.69,2596.99,92.62,159.32,0.825908,-1,-1,-1
36,97,2163.45,1299.28,122.32,143.41,0.828886,-1,-1,-1
36,99,1010.55,1063.22,165.60,184.48,0.985265,-1,-1,-1
36,100,1121.87,902.21,108.21,156.27,0.819413,-1,-1,-1
36,109,1401.04,3033.27,72.71,85.64,0.712440,-1,-1,-1
36,112,1809.42,1025.37,116.52,138.42,0.903176,-1,-1,-1
36,69,1473.99,2531.05,123.24,142.00,0.914574,-1,-1,-1
36,71,1864.88,2594.40,120.62,143.53,0.890899,-1,-1,-1
36,75,1563.55,483.05,105.99,133.99,0.886561,-1,-1,-1
36,47,2366.53,1277.23,130.72,203.99,0.731484,-1,-1,-1
36,179,2285.18,2518.14,91.52,119.24,0.819009,-1,-1,-1
36,9,1996.99,1548.07,262.12,227.52,0.987219,-1,-1,-1
36,227,1707.54,3140.50,75.54,169.57,0.652808,-1,-1,-1
36,250,3229.80,790.87,93.33,115.49,0.672543,-1,-1,-1
36,8,2374.85,1890.93,111.85,187.72,0.764262,-1,-1,-1
36,116,3709.74,1368.05,115.56,126.71,0.873270,-1,-1,-1
36,53,2478.23,2132.52,155.52,211.72,0.871976,-1,-1,-1
36,230,4245.66,790.80,93.77,113.52,0.727180,-1,-1,-1
36,139,3376.72,2675.66,73.90,105.02,0.819234,-1,-1,-1
36,72,2195.08,681.61,119.07,174.42,0.840186,-1,-1,-1
36,83,1444.26,2063.53,122.35,155.13,0.955438,-1,-1,-1
36,235,4187.63,1060.09,81.10,91.43,0.721900,-1,-1,-1
36,87,3455.93,1653.13,110.16,165.88,0.773718,-1,-1,-1
36,35,1593.50,1412.18,149.83,184.90,0.922214,-1,-1,-1
36,367,3945.14,262.55,79.42,160.87,0.719113,-1,-1,-1
36,239,3666.99,1099.97,111.74,126.06,0.857298,-1,-1,-1
36,136,2272.52,510.59,98.01,128.82,0.863460,-1,-1,-1
36,85,4581.28,1251.91,117.44,142.94,0.842459,-1,-1,-1
36,44,2351.28,3101.77,248.43,218.13,0.964471,-1,-1,-1
36,262,4058.88,2764.59,71.74,96.43,0.756396,-1,-1,-1
36,245,2687.44,1910.99,115.89,143.20,0.740318,-1,-1,-1
36,52,1483.70,1018.55,120.63,161.17,0.729368,-1,-1,-1
36,96,1691.45,1922.82,82.95,115.25,0.751318,-1,-1,-1
36,420,3021.84,150.31,108.34,139.36,0.931856,-1,-1,-1
36,423,1592.56,1643.89,92.97,135.87,0.746131,-1,-1,-1
36,231,2597.14,1942.96,71.93,98.62,0.673913,-1,-1,-1
36,201,1126.50,2268.93,91.79,126.36,0.871138,-1,-1,-1
36,329,4053.61,2396.12,83.45,107.79,0.727166,-1,-1,-1
36,434,1646.79,1059.52,68.88,124.70,0.650224,-1,-1,-1
36,242,3023.62,2596.89,95.86,160.66,0.809121,-1,-1,-1
36,68,1005.36,2211.33,99.31,128.37,0.952341,-1,-1,-1
36,95,1040.44,335.29,98.61,153.62,0.636270,-1,-1,-1
36,299,4288.08,2701.18,78.92,85.01,0.580705,-1,-1,-1
36,34,1777.52,724.98,157.48,195.50,0.828253,-1,-1,-1
36,37,1512.74,210.40,119.19,171.72,0.805630,-1,-1,-1
36,149,3439.79,307.07,101.62,130.41,0.729502,-1,-1,-1
36,122,2372.19,2181.01,106.68,150.31,0.779052,-1,-1,-1
36,455,2877.46,567.32,107.53,129.74,0.658774,-1,-1,-1
36,224,2580.27,1179.04,95.75,133.11,0.718538,-1,-1,-1
36,163,3373.01,1376.47,75.26,122.48,0.601008,-1,-1,-1
36,40,1086.39,608.33,138.45,185.68,0.809618,-1,-1,-1
36,140,3464.27,2430.25,88.29,82.92,0.620579,-1,-1,-1
36,57,1362.64,2847.65,158.05,161.73,0.689660,-1,-1,-1
36,272,4677.31,2425.78,84.97,85.27,0.687962,-1,-1,-1
36,361,2081.40,904.75,83.00,145.93,0.600217,-1,-1,-1
36,234,1472.69,2297.71,125.65,146.23,0.806089,-1,-1,-1
36,171,4294.00,1882.17,64.89,126.61,0.618258,-1,-1,-1
36,446,4019.01,1907.33,137.13,117.49,0.803480,-1,-1,-1
36,432,2649.06,2817.51,93.77,95.17,0.643035,-1,-1,-1
36,310,4058.07,2878.90,74.58,84.22,0.698001,-1,-1,-1
36,187,3563.68,1788.35,112.19,111.24,0.705470,-1,-1,-1
36,474,1144.43,435.80,114.99,143.86,0.826505,-1,-1,-1
36,477,3940.31,2734.61,76.27,115.86,0.761433,-1,-1,-1
36,478,3558.08,1173.80,105.85,121.47,0.593953,-1,-1,-1
36,1,2578.13,742.06,204.86,201.47,0.868734,-1,-1,-1
36,110,1474.15,99.37,75.40,107.97,0.874673,-1,-1,-1
36,339,4653.32,-0.03,73.69,86.15,0.602757,-1,-1,-1
36,382,2159.20,2245.07,103.45,169.56,0.618628,-1,-1,-1
36,164,1876.96,1263.13,151.32,202.78,0.857441,-1,-1,-1
36,48,1237.16,2238.14,172.55,178.78,0.669351,-1,-1,-1
36,480,4810.57,1960.40,161.43,178.98,0.702496,-1,-1,-1
36,481,4732.06,1560.19,81.89,149.99,0.790300,-1,-1,-1
36,304,972.49,825.61,107.97,169.76,0.787702,-1,-1,-1
36,101,3835.11,2817.14,108.69,136.38,0.791301,-1,-1,-1
36,63,1211.92,1566.74,245.97,198.58,0.938486,-1,-1,-1
36,374,4422.04,926.48,73.84,96.31,0.634144,-1,-1,-1
36,463,997.89,1374.00,99.48,123.65,0.735089,-1,-1,-1
36,365,1394.96,1037.97,75.02,137.91,0.623885,-1,-1,-1
36,73,978.18,1519.95,107.17,130.34,0.646221,-1,-1,-1
36,401,2820.60,2626.07,97.97,122.04,0.729184,-1,-1,-1
36,336,1392.45,1435.33,75.31,133.68,0.730428,-1,-1,-1
36,169,3671.09,2152.43,87.47,77.40,0.624698,-1,-1,-1
36,106,4720.55,184.93,133.86,136.96,0.640471,-1,-1,-1
36,368,3716.47,2726.67,101.07,124.52,0.689552,-1,-1,-1
36,76,1304.79,1206.09,164.25,165.68,0.586273,-1,-1,-1
36,19,3059.69,3127.89,185.23,215.75,0.609638,-1,-1,-1
36,10,2967.49,2240.84,288.55,225.64,0.969674,-1,-1,-1
36,121,1125.60,2458.44,76.86,135.10,0.723463,-1,-1,-1
36,188,1114.29,1611.17,114.13,127.41,0.590206,-1,-1,-1
36,222,4421.55,1623.42,71.14,85.37,0.594174,-1,-1,-1
36,337,3482.33,2521.92,115.37,121.98,0.584034,-1,-1,-1
36,465,3812.24,1934.11,66.86,99.92,0.631176,-1,-1,-1
36,305,3561.78,2216.01,98.13,124.15,0.668491,-1,-1,-1
36,209,3122.08,1028.22,96.67,125.34,0.604985,-1,-1,-1
36,115,1006.26,2435.93,101.74,123.03,0.632998,-1,-1,-1
36,298,971.19,-0.39,76.21,72.34,0.666712,-1,-1,-1
36,426,4695.98,1209.79,134.90,106.91,0.657372,-1,-1,-1
37,28,1858.95,986.03,269.17,226.91,0.939841,-1,-1,-1
37,33,1810.33,1897.23,234.74,212.34,0.993191,-1,-1,-1
37,42,1923.85,2261.27,134.91,151.41,0.784875,-1,-1,-1
37,50,1713.74,1302.34,129.48,137.41,0.966924,-1,-1,-1
37,65,1727.54,471.50,142.23,176.16,0.822341,-1,-1,-1
37,86,4285.98,1645.26,76.68,135.56,0.835324,-1,-1,-1
37,90,2073.58,2596.79,93.04,159.48,0.823578,-1,-1,-1
37,97,2162.60,1299.68,122.46,143.30,0.861282,-1,-1,-1
37,99,1010.47,1062.53,167.61,184.80,0.984522,-1,-1,-1
37,100,1122.09,900.37,109.19,157.10,0.846863,-1,-1,-1
37,109,1402.50,3033.40,72.36,85.10,0.762881,-1,-1,-1
37,112,1809.80,1026.29,115.97,137.49,0.904618,-1,-1,-1
37,69,1472.49,2529.76,124.33,143.41,0.890283,-1,-1,-1
37,71,1867.48,2593.80,119.95,143.99,0.887571,-1,-1,-1
37,75,1561.73,480.72,106.80,134.76,0.875961,-1,-1,-1
37,47,2367.77,1277.77,128.94,203.76,0.683034,-1,-1,-1
37,179,2286.22,2518.59,91.00,118.97,0.782519,-1,-1,-1
37,9,1996.70,1548.23,264.33,227.28,0.982516,-1,-1,-1
37,227,1707.79,3138.06,76.24,172.15,0.662426,-1,-1,-1
37,250,3230.10,791.03,92.76,114.50,0.632769,-1,-1,-1
37,8,2376.02,1891.31,110.10,186.75,0.702760,-1,-1,-1
37,116,3709.87,1368.39,115.31,126.34,0.873320,-1,-1,-1
37,53,2479.37,2133.38,154.03,210.59,0.831725,-1,-1,-1
37,230,4246.27,790.94,93.90,112.92,0.691891,-1,-1,-1
37,139,3377.16,2674.92,73.53,104.75,0.807877,-1,-1,-1
37,72,2195.08,681.02,118.20,174.75,0.859131,-1,-1,-1
37,83,1444.25,2064.60,121.22,153.82,0.945626,-1,-1,-1
37,87,3457.68,1658.09,107.74,161.15,0.741724,-1,-1,-1
37,35,1592.94,1411.78,149.16,184.45,0.914987,-1,-1,-1
37,367,3945.35,260.18,80.08,163.00,0.719953,-1,-1,-1
37,239,3667.88,1100.14,110.93,126.11,0.868072,-1,-1,-1
37,136,2270.65,505.77,100.18,132.88,0.782170,-1,-1,-1
37,85,4583.42,1255.00,115.50,140.43,0.920191,-1,-1,-1
37,44,2352.85,3104.06,245.17,215.46,0.940976,-1,-1,-1
37,262,4058.72,2762.91,72.84,98.00,0.805197,-1,-1,-1
37,245,2683.67,1915.49,113.90,138.84,0.855538,-1,-1,-1
37,52,1482.41,1018.18,123.00,165.85,0.798319,-1,-1,-1
37,96,1690.59,1924.06,82.72,115.96,0.831757,-1,-1,-1
37,420,3020.38,149.71,110.35,139.92,0.930562,-1,-1,-1
37,423,1593.62,1642.58,94.23,137.01,0.860026,-1,-1,-1
37,201,1126.65,2267.02,93.52,128.12,0.902835,-1,-1,-1
37,329,4053.51,2399.94,80.68,103.20,0.791281,-1,-1,-1
37,434,1647.46,1061.83,68.25,121.24,0.747436,-1,-1,-1
37,242,3025.76,2599.00,90.80,152.62,0.800823,-1,-1,-1
37,68,1004.23,2211.79,99.06,128.07,0.948367,-1,-1,-1
37,95,1040.86,333.25,100.45,158.48,0.620764,-1,-1,-1
37,34,1779.21,724.68,153.72,194.75,0.869198,-1,-1,-1
37,37,1512.73,210.34,117.35,171.70,0.844985,-1,-1,-1
37,149,3437.48,301.80,103.25,132.26,0.608022,-1,-1,-1
37,122,2372.29,2180.38,106.82,150.86,0.766048,-1,-1,-1
37,455,2876.79,566.58,108.44,131.01,0.625833,-1,-1,-1
37,224,2580.37,1179.09,96.37,133.49,0.682962,-1,-1,-1
37,163,3369.86,1365.24,81.70,133.68,0.690135,-1,-1,-1
37,40,1085.28,603.90,148.70,198.45,0.955995,-1,-1,-1
37,140,3463.56,2430.23,88.83,83.68,0.630291,-1,-1,-1
37,57,1369.54,2855.20,144.37,153.35,0.588421,-1,-1,-1
37,272,4679.04,2424.99,84.95,84.80,0.711531,-1,-1,-1
37,361,2080.98,902.62,84.93,150.68,0.714067,-1,-1,-1
37,234,1474.36,2300.05,124.04,144.53,0.909298,-1,-1,-1
37,171,4294.57,1886.02,63.21,121.92,0.795206,-1,-1,-1
37,446,4020.54,1909.12,135.25,115.28,0.828317,-1,-1,-1
37,310,4058.97,2878.31,73.73,83.19,0.588386,-1,-1,-1
37,187,3563.51,1787.67,112.59,111.77,0.754066,-1,-1,-1
37,474,1147.29,441.16,108.85,136.05,0.912981,-1,-1,-1
37,477,3940.08,2736.14,76.24,115.78,0.852372,-1,-1,-1
37,1,2583.96,742.63,200.48,201.30,0.749180,-1,-1,-1
37,110,1473.28,99.29,71.51,100.83,0.882524,-1,-1,-1
37,339,4645.79,-0.03,73.18,82.12,0.763168,-1,-1,-1
37,382,2160.16,2244.96,104.36,169.95,0.625938,-1,-1,-1
37,164,1863.53,1263.38,155.44,205.30,0.978724,-1,-1,-1
37,48,1217.84,2246.25,145.29,157.10,0.589696,-1,-1,-1
37,480,4809.94,1960.73,160.75,178.39,0.647593,-1,-1,-1
37,481,4730.98,1554.05,83.53,152.86,0.649393,-1,-1,-1
37,304,972.50,821.64,109.38,171.17,0.784399,-1,-1,-1
37,101,3836.54,2819.73,106.83,134.27,0.787283,-1,-1,-1
37,63,1213.70,1566.40,241.12,198.20,0.912109,-1,-1,-1
37,374,4420.68,926.54,73.93,97.84,0.628787,-1,-1,-1
37,490,940.26,100.41,92.71,100.06,0.637261,-1,-1,-1
37,491,2310.55,1732.52,77.50,86.80,0.706680,-1,-1,-1
37,365,1393.50,1035.22,78.67,144.27,0.653535,-1,-1,-1
37,169,3670.45,2152.28,88.06,76.94,0.632156,-1,-1,-1
37,106,4726.33,184.41,125.74,128.89,0.726420,-1,-1,-1
37,76,1310.01,1202.25,165.67,170.33,0.745052,-1,-1,-1
37,121,1125.18,2458.18,77.19,137.45,0.600764,-1,-1,-1
37,222,4421.16,1623.52,71.60,84.89,0.581764,-1,-1,-1
37,337,3483.52,2521.64,115.46,122.23,0.656059,-1,-1,-1
37,465,3811.62,1932.26,67.80,101.40,0.654392,-1,-1,-1
37,305,3562.24,2217.30,97.20,122.67,0.659318,-1,-1,-1
37,115,1001.66,2432.06,102.23,125.80,0.742630,-1,-1,-1
37,7,3670.34,648.76,269.56,248.39,0.716859,-1,-1,-1
37,296,3571.62,143.00,78.83,143.68,0.815108,-1,-1,-1
37,391,874.54,1338.14,52.23,97.84,0.623401,-1,-1,-1
37,255,3021.82,1532.61,92.17,147.25,0.696550,-1,-1,-1
37,287,1508.88,1219.11,91.24,142.13,0.632422,-1,-1,-1
37,156,1441.46,1427.45,128.34,157.78,0.706696,-1,-1,-1
37,138,1814.12,2874.87,104.99,151.67,0.584950,-1,-1,-1
37,431,1901.33,3342.65,178.87,162.74,0.607387,-1,-1,-1
37,445,3031.19,2468.52,73.59,103.05,0.773706,-1,-1,-1
37,419,4404.32,404.59,106.47,148.09,0.608326,-1,-1,-1
37,13,2862.09,2581.73,181.68,199.65,0.711534,-1,-1,-1
37,155,1331.25,453.03,132.26,171.88,0.769744,-1,-1,-1
37,114,4505.16,641.00,76.79,110.38,0.606422,-1,-1,-1
37,229,4421.34,781.45,73.64,117.13,0.670918,-1,-1,-1
37,176,2882.38,1905.10,89.32,169.65,0.882502,-1,-1,-1
37,223,2968.31,2318.51,125.57,125.60,0.787694,-1,-1,-1
37,39,1663.29,1615.20,240.81,198.90,0.813285,-1,-1,-1
37,77,1583.55,2286.15,143.46,178.96,0.631568,-1,-1,-1
37,196,4044.68,2282.14,98.95,125.82,0.700972,-1,-1,-1
37,385,3578.57,295.29,65.43,127.10,0.698306,-1,-1,-1
38,28,1850.50,985.96,272.24,227.20,0.950409,-1,-1,-1
38,33,1808.68,1897.26,235.58,212.66,0.984057,-1,-1,-1
38,42,1923.70,2260.86,134.83,151.99,0.794265,-1,-1,-1
38,50,1713.49,1302.19,129.12,137.33,0.971984,-1,-1,-1
38,65,1720.86,470.23,145.65,179.15,0.969673,-1,-1,-1
38,86,4289.29,1662.54,70.09,120.59,0.845087,-1,-1,-1
38,90,2072.97,2594.41,94.42,161.50,0.804027,-1,-1,-1
38,97,2162.58,1299.45,122.37,143.00,0.840457,-1,-1,-1
38,99,995.93,1062.14,172.68,186.71,0.781757,-1,-1,-1
38,100,1121.21,900.13,110.23,158.58,0.831617,-1,-1,-1
38,109,1399.09,3031.20,74.07,87.72,0.775329,-1,-1,-1
38,112,1809.61,1025.71,116.54,138.09,0.876360,-1,-1,-1
38,69,1472.68,2528.16,125.35,144.89,0.895158,-1,-1,-1
38,71,1865.36,2593.34,121.07,146.25,0.908017,-1,-1,-1
38,75,1562.83,479.50,105.36,132.47,0.640649,-1,-1,-1
38,47,2368.13,1278.52,127.83,204.21,0.746253,-1,-1,-1
38,179,2286.62,2518.76,91.01,119.10,0.803457,-1,-1,-1
38,9,1995.35,1548.39,267.13,227.77,0.983708,-1,-1,-1
38,227,1705.93,3139.69,76.29,172.37,0.681265,-1,-1,-1
38,250,3230.21,791.55,92.68,114.21,0.677282,-1,-1,-1
38,8,2376.49,1891.77,108.63,186.10,0.759762,-1,-1,-1
38,116,3710.06,1368.79,115.27,126.13,0.867709,-1,-1,-1
38,53,2478.70,2131.41,154.89,212.76,0.734050,-1,-1,-1
38,230,4246.73,790.68,94.16,112.74,0.740721,-1,-1,-1
38,139,3377.06,2674.23,73.73,104.93,0.809682,-1,-1,-1
38,72,2194.81,680.60,117.71,175.60,0.819976,-1,-1,-1
38,83,1445.54,2063.91,123.23,156.01,0.968437,-1,-1,-1
38,87,3457.47,1657.58,108.64,161.83,0.762357,-1,-1,-1
38,35,1594.21,1412.20,147.16,184.06,0.927909,-1,-1,-1
38,367,3945.21,255.00,81.17,165.84,0.628701,-1,-1,-1
38,239,3668.07,1099.72,111.33,127.69,0.892144,-1,-1,-1
38,136,2269.21,499.89,102.30,136.64,0.696302,-1,-1,-1
38,85,4584.15,1254.95,115.43,140.33,0.928595,-1,-1,-1
38,44,2354.52,3104.77,244.55,214.97,0.948962,-1,-1,-1
38,262,4059.52,2763.58,71.76,96.63,0.801779,-1,-1,-1
38,245,2682.52,1911.87,116.64,141.94,0.737448,-1,-1,-1
38,52,1481.00,1016.92,124.45,169.22,0.736095,-1,-1,-1
38,96,1690.88,1924.22,81.17,114.67,0.756132,-1,-1,-1
38,420,3018.87,149.49,111.55,139.83,0.940858,-1,-1,-1
38,423,1591.91,1641.88,94.49,137.14,0.775000,-1,-1,-1
38,201,1127.79,2270.75,91.45,124.59,0.777054,-1,-1,-1
38,329,4052.99,2401.31,80.13,101.66,0.738962,-1,-1,-1
38,434,1638.39,1026.69,86.90,155.00,0.833100,-1,-1,-1
38,242,3028.46,2597.93,85.35,142.76,0.766729,-1,-1,-1
38,68,993.68,2204.29,102.59,133.49,0.857307,-1,-1,-1
38,95,1041.43,332.14,101.57,162.38,0.737487,-1,-1,-1
38,34,1781.06,725.08,150.62,194.23,0.763112,-1,-1,-1
38,37,1512.82,210.43,116.99,173.73,0.830720,-1,-1,-1
38,122,2372.94,2180.76,106.19,150.02,0.739734,-1,-1,-1
38,455,2876.95,566.73,107.88,130.59,0.650209,-1,-1,-1
38,224,2580.59,1179.36,95.94,132.47,0.764464,-1,-1,-1
38,40,1082.57,605.53,150.02,199.62,0.827517,-1,-1,-1
38,272,4676.61,2426.12,90.94,91.66,0.627429,-1,-1,-1
38,234,1472.79,2296.53,127.54,149.70,0.858514,-1,-1,-1
38,171,4296.12,1881.56,65.50,125.51,0.724529,-1,-1,-1
38,446,4020.97,1908.32,136.86,116.18,0.827293,-1,-1,-1
38,310,4059.40,2876.71,74.38,84.10,0.601649,-1,-1,-1
38,187,3563.87,1788.49,112.11,111.14,0.699583,-1,-1,-1
38,474,1148.94,439.71,109.12,136.82,0.903975,-1,-1,-1
38,477,3940.40,2737.45,75.81,115.13,0.833412,-1,-1,-1
38,1,2586.00,742.97,199.28,203.97,0.780856,-1,-1,-1
38,110,1473.02,95.69,71.72,100.75,0.873421,-1,-1,-1
38,382,2159.30,2244.64,105.20,170.18,0.601557,-1,-1,-1
38,164,1855.76,1262.99,159.57,207.76,0.992390,-1,-1,-1
38,48,1232.47,2244.11,157.14,165.86,0.917300,-1,-1,-1
38,480,4809.97,1961.30,160.30,178.04,0.587563,-1,-1,-1
38,481,4730.55,1556.10,83.92,153.39,0.771310,-1,-1,-1
38,304,972.86,820.82,110.41,172.68,0.721444,-1,-1,-1
38,63,1215.31,1566.71,237.34,197.74,0.929033,-1,-1,-1
38,374,4424.34,929.84,69.79,92.30,0.640099,-1,-1,-1
38,490,940.21,102.17,93.05,100.77,0.636573,-1,-1,-1
38,491,2311.36,1733.30,76.49,85.56,0.659204,-1,-1,-1
38,365,1392.25,1034.74,79.02,143.93,0.616366,-1,-1,-1
38,337,3483.60,2520.85,116.11,123.01,0.622925,-1,-1,-1
38,465,3812.21,1932.07,67.76,101.41,0.601702,-1,-1,-1
38,305,3562.06,2216.27,98.12,124.23,0.655481,-1,-1,-1
38,493,3347.47,0.00,77.30,73.48,0.747113,-1,-1,-1
38,495,3343.27,292.42,77.53,119.83,0.656645,-1,-1,-1
38,496,4053.25,266.03,115.36,159.00,0.696420,-1,-1,-1
38,497,854.93,1079.42,81.29,83.56,0.582236,-1,-1,-1
38,7,3677.27,648.48,260.66,248.80,0.773095,-1,-1,-1
38,296,3570.41,143.44,81.38,145.49,0.789820,-1,-1,-1
38,255,3021.72,1532.36,94.51,148.62,0.711200,-1,-1,-1
38,138,1813.02,2877.00,103.11,147.57,0.633811,-1,-1,-1
38,431,1900.23,3342.79,178.05,162.51,0.643320,-1,-1,-1
38,419,4406.62,404.64,103.61,149.12,0.657009,-1,-1,-1
38,114,4504.18,641.95,76.54,107.94,0.652879,-1,-1,-1
38,229,4422.60,781.01,70.29,112.84,0.757130,-1,-1,-1
38,176,2885.12,1906.33,89.51,170.80,0.918838,-1,-1,-1
38,223,2969.52,2319.27,121.17,120.35,0.744405,-1,-1,-1
38,39,1662.83,1614.78,236.09,199.49,0.637436,-1,-1,-1
38,196,4044.84,2281.54,99.41,127.18,0.678583,-1,-1,-1
38,341,3262.71,1450.14,117.53,117.26,0.623631,-1,-1,-1
38,159,1037.02,2018.01,108.54,128.74,0.764257,-1,-1,-1
38,178,4464.49,2053.02,98.61,169.47,0.710082,-1,-1,-1
38,210,2787.13,209.21,79.22,138.28,0.896233,-1,-1,-1
38,200,4666.13,117.75,91.92,77.75,0.685068,-1,-1,-1
38,185,2567.27,2938.18,72.34,106.26,0.587512,-1,-1,-1
38,476,3927.90,2863.53,89.66,104.84,0.732784,-1,-1,-1
38,334,3928.22,3294.70,87.46,107.37,0.665001,-1,-1,-1
38,231,2597.72,1943.29,70.75,95.75,0.617394,-1,-1,-1
38,432,2649.72,2817.70,94.72,96.10,0.629445,-1,-1,-1
38,463,1015.71,1382.71,88.76,111.84,0.780398,-1,-1,-1
38,73,979.62,1511.49,97.62,118.16,0.591764,-1,-1,-1
38,336,1393.53,1436.24,75.58,134.32,0.787045,-1,-1,-1
38,368,3717.35,2727.12,100.43,123.72,0.669251,-1,-1,-1
38,209,3122.72,1025.10,98.19,129.31,0.621050,-1,-1,-1
39,28,1848.97,985.41,274.87,228.16,0.959302,-1,-1,-1
39,33,1807.01,1897.17,236.71,213.22,0.986564,-1,-1,-1
39,42,1923.84,2260.39,134.41,152.26,0.790624,-1,-1,-1
39,50,1714.02,1302.66,126.77,135.30,0.968051,-1,-1,-1
39,65,1721.39,469.68,145.52,179.63,0.949167,-1,-1,-1
39,86,4288.00,1663.60,70.61,120.50,0.790353,-1,-1,-1
39,90,2073.58,2596.98,92.89,158.41,0.816282,-1,-1,-1
39,97,2162.46,1299.48,122.70,143.18,0.828532,-1,-1,-1
39,99,988.60,1061.69,175.65,187.05,0.594298,-1,-1,-1
39,100,1127.28,899.97,109.80,157.73,0.849262,-1,-1,-1
39,109,1396.40,3029.54,74.84,89.14,0.726291,-1,-1,-1
39,112,1808.75,1023.93,117.90,139.79,0.877775,-1,-1,-1
39,69,1473.08,2529.12,124.57,144.24,0.894442,-1,-1,-1
39,71,1865.20,2593.43,120.85,146.68,0.910019,-1,-1,-1
39,75,1563.95,479.72,104.03,130.35,0.606935,-1,-1,-1
39,47,2368.02,1276.64,128.24,207.19,0.706142,-1,-1,-1
39,179,2286.70,2518.59,90.59,118.05,0.796733,-1,-1,-1
39,9,1994.41,1547.36,269.34,228.01,0.990287,-1,-1,-1
39,227,1705.58,3139.84,76.61,173.32,0.715520,-1,-1,-1
39,250,3230.57,791.73,91.72,112.83,0.619009,-1,-1,-1
39,8,2377.74,1892.14,106.42,183.61,0.723779,-1,-1,-1
39,116,3710.55,1368.08,116.12,127.09,0.878479,-1,-1,-1
39,53,2480.81,2132.83,152.86,211.00,0.768259,-1,-1,-1
39,230,4246.19,790.19,95.10,113.64,0.692255,-1,-1,-1
39,139,3375.90,2676.93,72.95,103.16,0.840022,-1,-1,-1
39,72,2197.88,682.89,113.69,170.52,0.878895,-1,-1,-1
39,83,1448.30,2063.19,124.04,155.65,0.982459,-1,-1,-1
39,87,3457.99,1657.71,108.94,161.67,0.763561,-1,-1,-1
39,35,1597.32,1409.23,146.13,186.26,0.868226,-1,-1,-1
39,239,3668.78,1100.09,109.00,125.47,0.823309,-1,-1,-1
39,136,2270.86,504.05,98.28,130.85,0.659135,-1,-1,-1
39,85,4584.56,1256.24,114.21,138.90,0.922142,-1,-1,-1
39,44,2353.64,3105.16,243.60,214.45,0.949848,-1,-1,-1
39,262,4059.24,2763.19,72.07,97.16,0.832693,-1,-1,-1
39,52,1481.47,1012.38,126.00,173.63,0.716345,-1,-1,-1
39,96,1698.05,1922.26,82.66,115.91,0.895048,-1,-1,-1
39,420,3017.41,149.25,113.21,140.33,0.953054,-1,-1,-1
39,423,1592.75,1642.67,94.57,136.75,0.810062,-1,-1,-1
39,201,1127.67,2263.85,96.16,131.75,0.844961,-1,-1,-1
39,329,4052.28,2401.49,80.44,101.26,0.759070,-1,-1,-1
39,434,1631.89,1010.54,95.95,171.39,0.744595,-1,-1,-1
39,242,3029.97,2597.57,83.31,138.82,0.750767,-1,-1,-1
39,68,984.26,2193.11,109.01,144.17,0.809760,-1,-1,-1
39,95,1042.22,333.99,99.84,161.62,0.777994,-1,-1,-1
39,34,1783.61,725.42,148.30,193.67,0.701655,-1,-1,-1
39,37,1514.35,210.41,114.79,172.37,0.816821,-1,-1,-1
39,122,2373.77,2182.67,105.00,148.01,0.762546,-1,-1,-1
39,455,2876.62,567.02,107.05,130.18,0.657288,-1,-1,-1
39,224,2580.28,1179.05,96.18,132.19,0.767318,-1,-1,-1
39,40,1081.65,604.59,148.53,196.56,0.815757,-1,-1,-1
39,272,4678.47,2425.46,87.71,87.78,0.744735,-1,-1,-1
39,234,1474.18,2297.12,123.16,145.10,0.923148,-1,-1,-1
39,171,4296.12,1880.01,66.73,127.81,0.664828,-1,-1,-1
39,446,4020.56,1908.52,137.11,115.81,0.740323,-1,-1,-1
39,310,4060.34,2876.55,73.93,83.81,0.605298,-1,-1,-1
39,187,3563.51,1788.59,112.43,111.23,0.732511,-1,-1,-1
39,474,1144.73,429.93,116.27,146.49,0.917309,-1,-1,-1
39,477,3941.08,2739.39,75.90,115.27,0.867667,-1,-1,-1
39,1,2585.82,742.58,195.97,202.47,0.763322,-1,-1,-1
39,110,1472.68,100.69,68.92,95.12,0.742191,-1,-1,-1
39,164,1852.49,1262.48,162.08,208.26,0.991546,-1,-1,-1
39,480,4812.37,1962.32,159.11,176.66,0.694353,-1,-1,-1
39,481,4729.49,1555.63,85.33,155.84,0.723985,-1,-1,-1
39,63,1218.19,1566.01,235.35,198.81,0.966416,-1,-1,-1
39,374,4424.31,928.64,71.12,94.55,0.747016,-1,-1,-1
39,490,930.13,103.44,93.90,101.42,0.666730,-1,-1,-1
39,337,3485.13,2519.53,116.53,123.66,0.693039,-1,-1,-1
39,305,3562.19,2216.41,97.92,124.22,0.641599,-1,-1,-1
39,493,3347.74,0.00,77.79,73.93,0.739300,-1,-1,-1
39,495,3341.56,290.69,78.59,121.56,0.688131,-1,-1,-1
39,496,4055.27,264.30,116.02,160.07,0.667667,-1,-1,-1
39,497,859.72,1078.63,75.70,77.83,0.643326,-1,-1,-1
39,7,3678.57,648.52,255.75,248.64,0.792494,-1,-1,-1
39,296,3570.05,143.52,80.30,140.03,0.638273,-1,-1,-1
39,138,1811.67,2875.45,105.90,149.96,0.714194,-1,-1,-1
39,431,1899.14,3342.76,177.87,162.68,0.636719,-1,-1,-1
39,114,4504.43,641.87,77.09,107.18,0.612378,-1,-1,-1
39,229,4420.94,778.26,73.97,120.91,0.719391,-1,-1,-1
39,39,1664.50,1615.27,228.31,195.48,0.774981,-1,-1,-1
39,196,4044.79,2281.57,99.12,127.24,0.692797,-1,-1,-1
39,499,1679.76,2291.63,133.50,168.36,0.723932,-1,-1,-1
39,502,1037.73,1782.96,128.20,133.15,0.591784,-1,-1,-1
39,210,2786.59,211.10,80.38,138.20,0.905831,-1,-1,-1
39,200,4657.62,116.13,94.07,81.28,0.768507,-1,-1,-1
39,185,2570.36,2938.01,72.43,107.34,0.612557,-1,-1,-1
39,463,1020.87,1385.45,84.35,108.53,0.700329,-1,-1,-1
39,73,979.20,1504.55,97.67,118.13,0.724572,-1,-1,-1
39,209,3122.79,1022.80,98.02,130.83,0.658337,-1,-1,-1
39,166,2801.79,1547.71,119.79,150.57,0.634811,-1,-1,-1
39,451,1279.05,1857.12,84.99,125.21,0.695511,-1,-1,-1
39,58,1226.84,2619.45,167.06,178.09,0.601021,-1,-1,-1
39,107,3768.87,2194.66,101.85,138.80,0.636872,-1,-1,-1
39,390,2144.08,565.25,109.60,140.44,0.637492,-1,-1,-1
39,437,838.12,2385.14,69.99,156.09,0.653735,-1,-1,-1
39,235,4187.85,1059.25,80.11,91.84,0.689431,-1,-1,-1
39,10,2968.02,2240.26,288.29,225.45,0.930273,-1,-1,-1
39,188,1116.74,1608.14,115.09,127.63,0.657143,-1,-1,-1
39,163,3365.14,1350.56,89.49,147.58,0.591739,-1,-1,-1
39,57,1365.45,2836.67,154.92,171.70,0.596859,-1,-1,-1
39,361,2080.77,899.68,86.00,154.55,0.604993,-1,-1,-1
39,339,4660.05,-0.06,72.20,82.13,0.787764,-1,-1,-1
39,101,3838.35,2823.70,104.01,130.42,0.733304,-1,-1,-1
39,121,1124.10,2457.43,76.92,138.46,0.601207,-1,-1,-1
39,115,996.89,2426.07,104.49,131.46,0.722318,-1,-1,-1
39,13,2869.60,2582.08,179.22,198.12,0.861880,-1,-1,-1
39,77,1585.08,2285.83,140.34,180.00,0.597727,-1,-1,-1
40,28,1846.67,984.85,277.39,228.47,0.956227,-1,-1,-1
40,33,1807.24,1897.93,236.49,212.62,0.986766,-1,-1,-1
40,42,1923.32,2258.24,135.67,154.44,0.775426,-1,-1,-1
40,50,1713.49,1302.14,126.23,134.74,0.966004,-1,-1,-1
40,65,1722.04,469.62,144.59,179.05,0.956662,-1,-1,-1
40,86,4289.71,1673.08,70.38,118.68,0.719186,-1,-1,-1
40,90,2073.23,2595.96,93.62,159.47,0.819006,-1,-1,-1
40,97,2162.55,1299.05,123.58,144.18,0.801375,-1,-1,-1
40,99,984.41,1059.40,181.35,190.61,0.635289,-1,-1,-1
40,100,1128.04,900.15,108.84,157.49,0.801131,-1,-1,-1
40,109,1398.45,3030.15,73.34,87.93,0.729401,-1,-1,-1
40,112,1808.70,1022.92,118.56,140.79,0.889812,-1,-1,-1
40,69,1472.21,2528.08,125.07,145.00,0.891831,-1,-1,-1
40,71,1865.10,2593.09,119.87,146.19,0.909016,-1,-1,-1
40,75,1566.17,482.06,102.38,127.59,0.786509,-1,-1,-1
40,47,2368.65,1275.76,128.11,209.38,0.681393,-1,-1,-1
40,179,2287.18,2518.48,92.62,120.77,0.870889,-1,-1,-1
40,9,1993.88,1547.13,271.10,228.09,0.990584,-1,-1,-1
40,227,1706.65,3137.75,76.10,172.84,0.703415,-1,-1,-1
40,250,3230.10,791.90,91.57,112.53,0.662245,-1,-1,-1
40,8,2378.98,1892.39,104.70,181.87,0.724883,-1,-1,-1
40,116,3710.79,1367.99,116.19,127.12,0.837999,-1,-1,-1
40,53,2481.71,2132.88,152.56,211.31,0.704300,-1,-1,-1
40,230,4246.49,790.05,95.59,113.89,0.727350,-1,-1,-1
40,139,3376.08,2674.84,73.32,103.47,0.824252,-1,-1,-1
40,72,2199.67,682.70,111.31,167.20,0.868270,-1,-1,-1
40,83,1448.42,2062.44,124.55,156.06,0.981802,-1,-1,-1
40,87,3457.79,1656.21,109.99,162.76,0.809923,-1,-1,-1
40,35,1592.77,1407.07,147.40,189.63,0.886246,-1,-1,-1
40,239,3667.59,1099.53,111.41,129.17,0.857185,-1,-1,-1
40,136,2273.42,510.16,92.87,122.79,0.683955,-1,-1,-1
40,85,4585.21,1257.08,113.21,137.65,0.917407,-1,-1,-1
40,44,2353.52,3105.41,242.97,214.26,0.947583,-1,-1,-1
40,262,4059.12,2763.85,72.36,97.67,0.806259,-1,-1,-1
40,52,1490.92,1038.16,103.04,138.61,0.631294,-1,-1,-1
40,96,1696.84,1920.29,83.23,116.51,0.686898,-1,-1,-1
40,420,3017.35,149.66,114.20,139.98,0.918840,-1,-1,-1
40,423,1592.97,1645.43,93.46,134.70,0.747363,-1,-1,-1
40,201,1124.75,2267.40,95.52,128.71,0.856020,-1,-1,-1
40,329,4051.29,2400.35,81.80,102.23,0.742440,-1,-1,-1
40,434,1630.74,1007.18,97.75,174.86,0.802883,-1,-1,-1
40,242,3031.66,2598.50,80.06,132.32,0.764596,-1,-1,-1
40,68,990.62,2209.46,99.37,130.94,0.769816,-1,-1,-1
40,95,1047.16,335.24,92.45,147.44,0.701919,-1,-1,-1
40,34,1785.31,725.70,146.28,193.06,0.702501,-1,-1,-1
40,37,1515.15,209.67,113.73,172.46,0.841864,-1,-1,-1
40,122,2374.22,2182.64,105.22,148.27,0.756423,-1,-1,-1
40,455,2876.12,564.13,108.27,132.23,0.746863,-1,-1,-1
40,224,2580.14,1179.20,96.57,132.15,0.789083,-1,-1,-1
40,40,1081.47,604.78,147.04,190.50,0.836130,-1,-1,-1
40,272,4679.83,2425.22,86.65,86.06,0.714275,-1,-1,-1
40,234,1472.76,2295.34,127.16,150.80,0.882500,-1,-1,-1
40,446,4020.57,1908.46,137.25,115.57,0.785657,-1,-1,-1
40,310,4060.24,2877.72,74.18,84.43,0.713194,-1,-1,-1
40,187,3563.52,1788.72,112.55,111.02,0.752276,-1,-1,-1
40,474,1142.36,427.56,118.17,149.20,0.897947,-1,-1,-1
40,477,3941.47,2738.73,75.83,115.16,0.844097,-1,-1,-1
40,1,2585.31,742.91,193.75,201.57,0.743272,-1,-1,-1
40,110,1472.19,102.55,69.43,94.12,0.796498,-1,-1,-1
40,164,1856.03,1262.19,162.23,207.48,0.972151,-1,-1,-1
40,481,4729.44,1555.46,85.34,155.71,0.771917,-1,-1,-1
40,63,1220.00,1567.19,231.38,197.42,0.919765,-1,-1,-1
40,374,4424.79,928.63,70.96,94.85,0.743434,-1,-1,-1
40,305,3562.60,2216.24,97.80,123.72,0.756300,-1,-1,-1
40,496,4058.83,268.36,112.48,155.67,0.587450,-1,-1,-1
40,7,3677.59,648.70,252.90,248.17,0.751962,-1,-1,-1
40,138,1812.16,2874.52,108.24,152.22,0.721832,-1,-1,-1
40,114,4504.29,641.69,76.95,104.83,0.586443,-1,-1,-1
40,229,4421.97,780.19,72.15,119.02,0.693675,-1,-1,-1
40,196,4046.40,2279.71,98.79,128.07,0.628556,-1,-1,-1
40,499,1677.21,2291.00,133.55,168.59,0.651349,-1,-1,-1
40,502,1024.63,1765.94,148.05,154.02,0.599946,-1,-1,-1
40,210,2790.55,202.51,83.15,142.72,0.717219,-1,-1,-1
40,200,4655.44,115.66,91.82,80.58,0.782973,-1,-1,-1
40,73,976.07,1504.53,104.89,128.00,0.719371,-1,-1,-1
40,505,1035.35,1061.70,158.63,181.78,0.765537,-1,-1,-1
40,437,838.76,2385.64,68.89,155.33,0.663132,-1,-1,-1
40,235,4190.93,1060.36,78.07,90.78,0.700860,-1,-1,-1
40,188,1113.01,1606.75,115.85,130.16,0.650953,-1,-1,-1
40,163,3363.94,1344.47,92.35,153.19,0.723475,-1,-1,-1
40,361,2083.21,902.33,81.66,147.73,0.615640,-1,-1,-1
40,101,3839.16,2823.48,101.07,125.95,0.799800,-1,-1,-1
40,121,1124.64,2457.03,76.60,139.28,0.630964,-1,-1,-1
40,115,998.52,2423.69,106.13,134.78,0.603167,-1,-1,-1
40,13,2869.56,2582.30,177.90,197.26,0.677965,-1,-1,-1
40,51,3436.45,297.45,251.14,242.40,0.713080,-1,-1,-1
40,326,4408.09,217.70,117.21,172.26,0.604675,-1,-1,-1
40,445,3032.33,2474.71,72.41,99.67,0.725496,-1,-1,-1
40,155,1329.99,449.48,133.46,174.65,0.712390,-1,-1,-1
40,367,3948.19,252.84,81.42,167.49,0.659350,-1,-1,-1
40,245,2681.60,1915.73,114.47,137.29,0.854586,-1,-1,-1
40,382,2158.77,2244.59,107.57,173.35,0.603351,-1,-1,-1
40,491,2303.85,1730.60,86.68,97.28,0.653780,-1,-1,-1
40,465,3811.65,1930.32,68.45,102.76,0.635343,-1,-1,-1
40,255,3011.68,1537.34,117.31,188.57,0.588264,-1,-1,-1
40,419,4404.58,406.43,108.11,161.98,0.673255,-1,-1,-1
40,176,2886.51,1910.23,86.15,163.68,0.931401,-1,-1,-1
40,223,2970.04,2318.57,123.50,122.02,0.760580,-1,-1,-1
40,341,3262.64,1449.08,117.23,118.29,0.663284,-1,-1,-1
40,159,1039.10,2024.83,101.78,118.22,0.748218,-1,-1,-1
40,334,3927.89,3292.55,87.80,109.61,0.632842,-1,-1,-1
40,432,2648.72,2817.05,94.74,95.98,0.610470,-1,-1,-1
40,336,1393.07,1433.30,75.56,134.31,0.774020,-1,-1,-1
40,368,3717.69,2727.36,101.23,124.33,0.716310,-1,-1,-1
41,28,1843.45,984.57,280.18,228.72,0.970981,-1,-1,-1
41,33,1805.62,1897.37,237.56,213.04,0.990899,-1,-1,-1
41,42,1923.11,2257.91,135.67,155.15,0.805485,-1,-1,-1
41,50,1713.20,1302.46,125.38,133.99,0.957795,-1,-1,-1
41,65,1720.96,471.09,140.54,176.43,0.862116,-1,-1,-1
41,86,4290.18,1676.95,71.00,118.37,0.753406,-1,-1,-1
41,90,2073.02,2595.80,93.96,159.76,0.807695,-1,-1,-1
41,97,2162.68,1298.85,123.97,144.46,0.800975,-1,-1,-1
41,100,1130.19,899.57,107.88,157.56,0.768859,-1,-1,-1
41,109,1400.39,3031.00,72.09,86.59,0.788334,-1,-1,-1
41,112,1807.96,1021.13,119.92,142.88,0.843851,-1,-1,-1
41,69,1472.28,2528.45,124.40,144.18,0.890214,-1,-1,-1
41,71,1865.35,2593.34,118.89,145.64,0.906262,-1,-1,-1
41,75,1566.30,479.96,103.73,129.13,0.698820,-1,-1,-1
41,47,2368.92,1276.75,126.98,209.43,0.746494,-1,-1,-1
41,179,2286.44,2518.94,92.73,121.24,0.852372,-1,-1,-1
41,9,1993.50,1547.18,272.14,227.73,0.985969,-1,-1,-1
41,227,1708.02,3136.77,75.48,172.27,0.726194,-1,-1,-1
41,250,3229.77,791.78,91.71,112.50,0.728177,-1,-1,-1
41,8,2378.88,1891.70,103.27,180.33,0.800455,-1,-1,-1
41,116,3711.85,1368.28,115.65,126.23,0.865406,-1,-1,-1
41,53,2481.27,2131.15,152.53,212.43,0.718758,-1,-1,-1
41,230,4246.52,789.69,95.78,113.92,0.711378,-1,-1,-1
41,139,3376.45,2673.73,73.25,103.01,0.820370,-1,-1,-1
41,72,2205.13,684.19,106.74,159.06,0.892579,-1,-1,-1
41,83,1449.01,2062.14,124.52,155.57,0.983212,-1,-1,-1
41,87,3457.98,1657.68,109.30,160.96,0.753252,-1,-1,-1
41,35,1591.58,1403.04,147.95,192.25,0.926495,-1,-1,-1
41,239,3667.64,1098.97,112.00,130.84,0.880567,-1,-1,-1
41,136,2273.45,513.18,90.28,118.68,0.611547,-1,-1,-1
41,85,4585.45,1257.60,112.58,136.90,0.918155,-1,-1,-1
41,44,2352.31,3105.54,241.96,214.00,0.935039,-1,-1,-1
41,262,4059.18,2763.92,72.48,97.96,0.794355,-1,-1,-1
41,52,1491.39,1041.67,99.06,132.38,0.814072,-1,-1,-1
41,96,1700.09,1921.75,83.22,115.51,0.902946,-1,-1,-1
41,420,3016.48,149.96,115.00,139.54,0.916425,-1,-1,-1
41,423,1591.64,1644.88,94.76,136.53,0.673522,-1,-1,-1
41,201,1127.63,2263.48,98.68,133.45,0.895876,-1,-1,-1
41,329,4051.19,2398.43,82.80,103.02,0.810950,-1,-1,-1
41,434,1638.57,1032.33,84.90,149.24,0.758878,-1,-1,-1
41,242,3035.22,2600.74,78.10,128.84,0.661842,-1,-1,-1
41,68,988.05,2209.24,97.51,129.93,0.765976,-1,-1,-1
41,95,1053.24,344.27,83.81,133.28,0.899410,-1,-1,-1
41,34,1786.37,725.88,144.95,193.12,0.777502,-1,-1,-1
41,37,1515.58,208.89,113.16,173.03,0.801956,-1,-1,-1
41,122,2374.93,2182.91,104.92,147.88,0.772717,-1,-1,-1
41,455,2876.48,563.86,107.34,131.64,0.706968,-1,-1,-1
41,224,2581.58,1180.52,96.24,130.60,0.845835,-1,-1,-1
41,40,1062.01,607.74,146.15,186.07,0.965881,-1,-1,-1
41,272,4679.25,2425.57,88.81,88.01,0.694627,-1,-1,-1
41,234,1474.23,2296.87,122.03,145.02,0.911810,-1,-1,-1
41,446,4020.58,1908.29,138.24,116.22,0.801249,-1,-1,-1
41,310,4060.81,2878.20,73.66,84.14,0.698274,-1,-1,-1
41,187,3562.19,1787.58,114.32,112.53,0.703814,-1,-1,-1
41,477,3942.38,2740.80,74.28,112.65,0.846717,-1,-1,-1
41,1,2583.13,741.90,196.07,205.25,0.829700,-1,-1,-1
41,110,1472.94,98.04,72.77,98.88,0.863558,-1,-1,-1
41,164,1851.97,1261.70,164.75,208.32,0.988896,-1,-1,-1
41,481,4730.76,1555.91,84.41,153.86,0.675056,-1,-1,-1
41,63,1218.10,1567.44,228.57,197.60,0.940037,-1,-1,-1
41,374,4421.97,927.82,72.40,97.91,0.603927,-1,-1,-1
41,305,3562.77,2216.03,98.23,124.21,0.688739,-1,-1,-1
41,7,3662.86,649.23,250.21,247.07,0.615124,-1,-1,-1
41,138,1812.34,2870.61,112.35,157.32,0.661813,-1,-1,-1
41,229,4421.75,784.96,70.05,116.83,0.653220,-1,-1,-1
41,499,1677.37,2290.31,133.72,169.12,0.637549,-1,-1,-1
41,210,2791.47,204.36,82.05,138.92,0.942684,-1,-1,-1
41,200,4656.24,115.48,88.85,78.89,0.737992,-1,-1,-1
41,73,977.26,1505.56,102.16,124.73,0.703862,-1,-1,-1
41,505,1030.31,1061.50,159.68,183.05,0.719407,-1,-1,-1
41,235,4192.13,1061.32,76.02,89.48,0.824022,-1,-1,-1
41,188,1113.27,1606.51,115.13,130.19,0.591357,-1,-1,-1
41,163,3365.06,1348.41,89.93,149.01,0.670533,-1,-1,-1
41,101,3841.48,2828.39,97.86,120.74,0.725359,-1,-1,-1
41,115,997.16,2423.79,103.58,133.88,0.727815,-1,-1,-1
41,510,1230.60,2451.92,78.47,142.60,0.899648,-1,-1,-1
41,511,1236.81,907.90,176.62,168.25,0.664563,-1,-1,-1
41,512,1353.95,1782.27,223.33,205.11,0.604013,-1,-1,-1
41,515,4297.07,2154.29,66.51,79.92,0.665159,-1,-1,-1
41,326,4424.40,198.15,98.61,141.48,0.627153,-1,-1,-1
41,155,1327.69,449.14,133.26,174.97,0.828743,-1,-1,-1
41,367,3947.73,252.78,81.04,167.68,0.585492,-1,-1,-1
41,245,2684.36,1912.34,116.81,140.59,0.720253,-1,-1,-1
41,382,2159.59,2245.63,107.43,172.60,0.610132,-1,-1,-1
41,491,2307.01,1733.26,78.56,87.65,0.653807,-1,-1,-1
41,465,3813.07,1934.56,66.07,99.08,0.581554,-1,-1,-1
41,341,3262.54,1448.59,116.46,118.81,0.668870,-1,-1,-1
41,432,2648.21,2816.47,95.02,96.27,0.633237,-1,-1,-1
41,368,3717.24,2727.74,101.35,124.02,0.735863,-1,-1,-1
41,316,2580.29,3120.76,67.22,146.09,0.580593,-1,-1,-1
41,291,4061.17,1063.62,64.72,92.28,0.633652,-1,-1,-1
41,105,2767.92,2027.82,99.91,105.40,0.645929,-1,-1,-1
41,150,860.70,1173.93,74.09,144.51,0.655580,-1,-1,-1
41,140,3464.40,2430.40,88.83,83.99,0.589441,-1,-1,-1
41,287,1493.21,1209.81,98.50,151.30,0.621415,-1,-1,-1
41,156,1427.83,1418.60,124.67,160.46,0.767075,-1,-1,-1
41,48,1205.27,2248.43,139.95,156.62,0.598568,-1,-1,-1
41,304,972.50,819.38,110.95,173.67,0.604745,-1,-1,-1
41,231,2595.96,1944.03,73.77,99.06,0.623445,-1,-1,-1
41,337,3484.58,2520.64,115.92,123.38,0.665929,-1,-1,-1
41,497,856.90,1075.93,78.30,80.65,0.636512,-1,-1,-1
41,431,1899.55,3342.63,178.30,162.94,0.588089,-1,-1,-1
41,39,1667.83,1615.00,223.02,193.38,0.762758,-1,-1,-1
41,463,1013.27,1378.69,86.96,113.90,0.672896,-1,-1,-1
41,209,3125.26,1029.17,92.79,123.83,0.742007,-1,-1,-1
41,166,2802.01,1550.63,117.75,148.62,0.644131,-1,-1,-1
41,107,3768.45,2194.29,101.96,138.52,0.616466,-1,-1,-1
41,10,2969.23,2241.00,284.40,222.01,0.808382,-1,-1,-1
41,339,4667.63,-0.07,70.56,82.11,0.777523,-1,-1,-1
42,28,1839.41,984.26,283.49,229.16,0.974274,-1,-1,-1
42,33,1805.86,1897.36,237.77,212.85,0.992253,-1,-1,-1
42,42,1924.10,2258.02,135.29,155.25,0.802960,-1,-1,-1
42,50,1712.63,1302.26,125.85,134.68,0.960549,-1,-1,-1
42,65,1715.02,470.65,141.23,178.10,0.940225,-1,-1,-1
42,86,4287.26,1653.17,78.13,131.50,0.716963,-1,-1,-1
42,90,2070.85,2588.18,98.39,168.09,0.747125,-1,-1,-1
42,97,2162.53,1298.06,124.57,145.21,0.790740,-1,-1,-1
42,100,1133.77,899.25,105.27,155.19,0.797480,-1,-1,-1
42,109,1400.85,3030.99,71.85,86.29,0.750217,-1,-1,-1
42,112,1807.51,1018.97,121.40,145.26,0.791562,-1,-1,-1
42,69,1472.59,2528.23,124.64,144.62,0.901243,-1,-1,-1
42,71,1865.14,2593.44,118.03,145.05,0.902352,-1,-1,-1
42,75,1567.78,479.72,105.03,130.62,0.636158,-1,-1,-1
42,47,2368.94,1275.84,127.02,211.44,0.704468,-1,-1,-1
42,179,2286.05,2520.22,91.90,120.62,0.853945,-1,-1,-1
42,9,1993.17,1548.35,272.70,226.74,0.989173,-1,-1,-1
42,227,1708.07,3137.84,75.04,171.89,0.695298,-1,-1,-1
42,250,3229.47,792.10,91.97,112.79,0.748436,-1,-1,-1
42,8,2379.21,1891.71,103.08,180.99,0.769072,-1,-1,-1
42,116,3712.89,1368.85,116.04,127.21,0.870321,-1,-1,-1
42,53,2480.60,2131.09,152.67,213.04,0.823317,-1,-1,-1
42,230,4246.72,790.35,95.14,112.81,0.697326,-1,-1,-1
42,139,3376.56,2673.10,73.42,103.00,0.819988,-1,-1,-1
42,72,2207.85,684.07,105.85,156.36,0.921805,-1,-1,-1
42,83,1448.29,2062.08,125.13,155.63,0.982418,-1,-1,-1
42,87,3459.40,1661.56,107.55,157.27,0.728713,-1,-1,-1
42,35,1589.02,1402.19,148.85,194.76,0.927894,-1,-1,-1
42,239,3668.40,1098.86,111.40,130.51,0.845138,-1,-1,-1
42,85,4585.58,1255.15,115.52,140.37,0.911569,-1,-1,-1
42,44,2354.08,3105.61,242.42,214.41,0.953920,-1,-1,-1
42,262,4059.13,2765.60,71.94,97.27,0.810890,-1,-1,-1
42,52,1492.61,1052.79,95.70,125.65,0.678957,-1,-1,-1
42,96,1702.14,1921.98,83.18,115.10,0.905782,-1,-1,-1
42,420,3015.88,149.70,116.11,139.61,0.922535,-1,-1,-1
42,423,1591.67,1642.80,96.24,138.08,0.795920,-1,-1,-1
42,201,1125.60,2257.37,101.78,138.76,0.816208,-1,-1,-1
42,434,1638.24,1029.76,86.84,152.19,0.742860,-1,-1,-1
42,242,3033.09,2597.73,79.11,129.74,0.722952,-1,-1,-1
42,68,987.50,2215.36,94.20,124.57,0.781502,-1,-1,-1
42,34,1787.08,726.11,143.56,192.85,0.775935,-1,-1,-1
42,37,1518.26,209.84,110.62,170.40,0.899010,-1,-1,-1
42,122,2374.48,2181.56,105.61,149.17,0.763253,-1,-1,-1
42,455,2877.24,562.73,107.63,132.71,0.692697,-1,-1,-1
42,224,2581.25,1180.61,96.29,130.04,0.843151,-1,-1,-1
42,40,1060.08,609.34,148.00,183.18,0.975827,-1,-1,-1
42,272,4678.73,2425.43,88.41,87.43,0.706037,-1,-1,-1
42,234,1474.79,2297.52,119.55,142.18,0.884770,-1,-1,-1
42,446,4021.07,1908.76,137.90,115.53,0.835463,-1,-1,-1
42,310,4061.04,2878.60,73.46,84.27,0.703486,-1,-1,-1
42,187,3563.78,1788.83,112.90,110.90,0.728231,-1,-1,-1
42,477,3942.40,2740.95,74.99,113.86,0.841634,-1,-1,-1
42,1,2581.51,740.08,196.24,204.86,0.841143,-1,-1,-1
42,110,1476.96,95.02,73.61,100.60,0.818486,-1,-1,-1
42,164,1850.17,1261.16,166.72,208.86,0.993876,-1,-1,-1
42,63,1217.64,1566.49,226.38,198.23,0.942987,-1,-1,-1
42,305,3562.44,2216.12,98.49,124.73,0.662053,-1,-1,-1
42,7,3680.85,648.84,245.63,247.82,0.683868,-1,-1,-1
42,138,1809.97,2875.96,107.56,150.54,0.704708,-1,-1,-1
42,229,4423.01,785.42,66.40,110.87,0.715137,-1,-1,-1
42,210,2790.20,200.52,83.04,140.64,0.807253,-1,-1,-1
42,200,4655.32,114.74,88.50,79.80,0.732769,-1,-1,-1
42,505,1026.64,1059.48,160.86,184.47,0.662124,-1,-1,-1
42,235,4192.88,1061.12,75.53,89.97,0.685555,-1,-1,-1
42,188,1115.03,1607.75,111.06,125.43,0.697025,-1,-1,-1
42,163,3364.12,1344.38,91.92,152.89,0.759197,-1,-1,-1
42,101,3839.45,2825.21,102.99,127.25,0.684875,-1,-1,-1
42,115,998.07,2422.69,104.30,135.83,0.641375,-1,-1,-1
42,155,1326.30,446.68,133.87,175.79,0.789031,-1,-1,-1
42,245,2682.30,1912.51,116.83,140.33,0.740918,-1,-1,-1
42,382,2158.69,2244.97,106.74,170.16,0.652587,-1,-1,-1
42,341,3262.62,1447.28,116.63,120.02,0.654359,-1,-1,-1
42,432,2648.55,2816.20,95.99,97.51,0.625273,-1,-1,-1
42,368,3716.92,2724.01,104.33,128.01,0.620192,-1,-1,-1
42,517,4499.86,317.76,126.93,113.26,0.895185,-1,-1,-1
42,522,3152.96,217.21,90.45,139.91,0.606273,-1,-1,-1
42,529,1047.19,140.02,111.29,144.86,0.869388,-1,-1,-1
42,291,4060.98,1060.03,64.98,91.74,0.623198,-1,-1,-1
42,105,2769.16,2032.26,99.48,101.25,0.677074,-1,-1,-1
42,140,3464.68,2430.63,88.89,83.90,0.615290,-1,-1,-1
42,156,1414.19,1422.80,116.68,150.32,0.940451,-1,-1,-1
42,48,1204.11,2256.75,123.58,144.96,0.584746,-1,-1,-1
42,304,971.59,818.90,112.74,176.80,0.639588,-1,-1,-1
42,337,3484.19,2521.38,115.10,122.75,0.625151,-1,-1,-1
42,431,1897.19,3342.60,179.41,163.26,0.598194,-1,-1,-1
42,39,1668.55,1615.37,222.06,194.97,0.959201,-1,-1,-1
42,209,3123.62,1024.08,95.00,127.76,0.742008,-1,-1,-1
42,107,3768.76,2193.07,102.61,139.61,0.669367,-1,-1,-1
42,339,4668.82,-0.06,71.61,85.57,0.721993,-1,-1,-1
42,60,2912.91,984.71,227.06,230.09,0.643192,-1,-1,-1
42,321,1661.79,2086.52,146.45,158.97,0.692222,-1,-1,-1
42,365,1400.32,1055.26,64.64,110.63,0.715097,-1,-1,-1
42,476,3934.27,2869.89,81.47,94.96,0.611377,-1,-1,-1
42,58,1225.66,2619.82,169.52,178.96,0.731113,-1,-1,-1
42,57,1374.67,2842.76,144.13,164.04,0.793961,-1,-1,-1
42,77,1585.65,2285.21,138.12,181.90,0.774139,-1,-1,-1
42,474,1150.74,452.95,100.09,124.72,0.721826,-1,-1,-1
42,496,4062.69,265.95,113.56,158.09,0.591268,-1,-1,-1
42,196,4042.31,2280.03,99.63,128.97,0.626730,-1,-1,-1
42,361,2084.63,900.56,78.10,142.03,0.603049,-1,-1,-1
42,255,3022.05,1536.91,96.12,152.39,0.749934,-1,-1,-1
42,419,4413.14,413.32,85.41,131.13,0.591054,-1,-1,-1
42,176,2887.30,1903.23,90.03,171.21,0.911703,-1,-1,-1
42,223,2969.99,2317.96,123.11,120.46,0.770088,-1,-1,-1
43,28,1839.92,982.61,286.87,230.92,0.983244,-1,-1,-1
43,33,1805.77,1896.97,238.53,213.37,0.992495,-1,-1,-1
43,42,1924.78,2258.96,134.04,154.20,0.795702,-1,-1,-1
43,50,1713.26,1301.78,125.31,134.41,0.951395,-1,-1,-1
43,65,1717.91,471.07,139.96,176.88,0.894204,-1,-1,-1
43,86,4287.18,1647.96,79.75,134.96,0.715962,-1,-1,-1
43,90,2071.74,2591.86,96.73,165.04,0.805922,-1,-1,-1
43,97,2162.76,1297.73,124.77,145.54,0.776183,-1,-1,-1
43,100,1130.26,897.30,103.25,154.80,0.772854,-1,-1,-1
43,109,1399.43,3031.68,72.07,86.19,0.739347,-1,-1,-1
43,112,1807.04,1017.62,121.95,146.66,0.777941,-1,-1,-1
43,69,1473.57,2529.14,123.85,143.97,0.891837,-1,-1,-1
43,71,1865.11,2592.75,117.92,145.40,0.888860,-1,-1,-1
43,75,1565.83,479.08,110.83,138.39,0.744163,-1,-1,-1
43,47,2369.93,1274.95,126.73,213.15,0.647036,-1,-1,-1
43,179,2285.04,2524.14,88.74,117.12,0.800700,-1,-1,-1
43,9,1992.17,1547.52,274.32,227.21,0.991870,-1,-1,-1
43,227,1705.76,3138.98,75.02,171.57,0.653379,-1,-1,-1
43,250,3229.65,792.16,91.93,112.50,0.756223,-1,-1,-1
43,8,2376.06,1890.64,108.30,192.08,0.719321,-1,-1,-1
43,116,3712.19,1368.89,115.03,126.00,0.818470,-1,-1,-1
43,53,2481.75,2132.13,151.91,212.58,0.640243,-1,-1,-1
43,230,4246.68,789.75,95.82,113.47,0.748510,-1,-1,-1
43,139,3376.17,2672.46,74.37,104.57,0.804736,-1,-1,-1
43,72,2209.30,682.01,106.12,155.68,0.940255,-1,-1,-1
43,83,1446.63,2062.42,125.29,155.95,0.965720,-1,-1,-1
43,87,3460.04,1663.90,106.81,155.26,0.682802,-1,-1,-1
43,35,1594.38,1403.29,146.21,194.24,0.884846,-1,-1,-1
43,239,3668.33,1098.37,111.60,131.67,0.874767,-1,-1,-1
43,85,4587.69,1254.80,117.10,141.95,0.906310,-1,-1,-1
43,44,2354.36,3105.44,242.45,214.69,0.938597,-1,-1,-1
43,262,4060.64,2766.75,71.09,96.31,0.758935,-1,-1,-1
43,52,1492.50,1038.07,103.07,134.69,0.790442,-1,-1,-1
43,96,1701.70,1920.90,86.34,118.39,0.904171,-1,-1,-1
43,420,3016.61,149.24,117.12,139.54,0.905218,-1,-1,-1
43,423,1591.26,1639.65,100.72,144.72,0.772800,-1,-1,-1
43,201,1131.05,2258.12,102.36,139.91,0.889430,-1,-1,-1
43,434,1637.52,1028.24,88.42,154.45,0.673303,-1,-1,-1
43,242,3028.77,2596.81,85.98,141.63,0.778814,-1,-1,-1
43,34,1788.40,725.90,142.31,193.03,0.822635,-1,-1,-1
43,122,2374.87,2181.70,105.34,149.03,0.783478,-1,-1,-1
43,455,2877.43,560.86,108.43,134.42,0.673925,-1,-1,-1
43,224,2580.33,1180.00,96.73,130.41,0.817039,-1,-1,-1
43,40,1075.33,607.35,146.80,183.07,0.962104,-1,-1,-1
43,272,4680.88,2425.42,85.81,84.20,0.723062,-1,-1,-1
43,234,1473.48,2297.93,119.38,142.23,0.926458,-1,-1,-1
43,446,4020.68,1909.05,138.53,115.59,0.789268,-1,-1,-1
43,187,3563.77,1788.57,113.05,110.93,0.731913,-1,-1,-1
43,477,3943.16,2740.50,74.75,113.55,0.801491,-1,-1,-1
43,1,2576.61,740.15,197.76,204.32,0.899690,-1,-1,-1
43,164,1849.50,1260.94,167.72,208.19,0.987981,-1,-1,-1
43,63,1219.39,1565.66,224.51,198.53,0.988614,-1,-1,-1
43,305,3562.56,2216.54,98.46,124.69,0.680195,-1,-1,-1
43,7,3690.16,648.72,240.98,247.78,0.593672,-1,-1,-1
43,138,1809.26,2871.45,111.37,155.68,0.661234,-1,-1,-1
43,229,4423.46,787.01,64.61,107.16,0.792168,-1,-1,-1
43,210,2792.55,195.90,85.52,144.57,0.868575,-1,-1,-1
43,200,4656.56,114.80,86.64,78.98,0.754970,-1,-1,-1
43,235,4193.79,1062.20,72.61,87.18,0.813401,-1,-1,-1
43,188,1115.22,1606.93,110.51,125.19,0.667524,-1,-1,-1
43,163,3364.79,1347.89,89.62,149.42,0.652529,-1,-1,-1
43,101,3840.05,2824.51,102.09,125.60,0.734960,-1,-1,-1
43,115,997.73,2420.59,104.00,137.39,0.740154,-1,-1,-1
43,155,1324.77,447.52,134.50,176.24,0.939188,-1,-1,-1
43,245,2680.90,1915.70,114.99,136.26,0.675730,-1,-1,-1
43,382,2158.84,2244.66,107.05,169.53,0.613248,-1,-1,-1
43,341,3263.71,1448.35,115.08,118.82,0.598445,-1,-1,-1
43,432,2649.24,2816.54,94.97,96.38,0.639598,-1,-1,-1
43,368,3717.16,2726.62,102.45,125.30,0.767304,-1,-1,-1
43,517,4502.66,316.73,126.63,113.15,0.899040,-1,-1,-1
43,522,3151.78,214.60,92.43,143.08,0.663734,-1,-1,-1
43,140,3466.63,2427.23,92.60,86.65,0.635975,-1,-1,-1
43,156,1417.77,1421.18,114.18,148.54,0.940784,-1,-1,-1
43,304,970.40,817.20,114.60,180.39,0.594122,-1,-1,-1
43,209,3123.38,1023.43,94.88,128.16,0.690151,-1,-1,-1
43,107,3768.35,2193.18,102.73,139.76,0.611335,-1,-1,-1
43,339,4670.25,-0.05,69.99,85.60,0.680030,-1,-1,-1
43,530,4697.35,1357.62,117.16,155.54,0.760988,-1,-1,-1
43,531,4452.89,3049.28,79.88,180.03,0.846129,-1,-1,-1
43,532,1171.38,2936.33,76.52,103.37,0.593642,-1,-1,-1
43,365,1401.57,1043.58,68.44,115.39,0.751170,-1,-1,-1
43,77,1588.19,2285.47,134.39,180.08,0.739066,-1,-1,-1
43,474,1151.35,455.67,99.28,121.77,0.839520,-1,-1,-1
43,196,4043.45,2278.86,99.99,130.13,0.600413,-1,-1,-1
43,176,2885.64,1905.79,88.15,168.44,0.931761,-1,-1,-1
43,223,2970.19,2318.06,123.75,120.45,0.680034,-1,-1,-1
43,439,2583.50,279.98,150.41,160.25,0.874021,-1,-1,-1
43,180,960.96,652.75,89.49,134.11,0.627347,-1,-1,-1
43,131,1195.33,1837.15,96.31,137.23,0.668230,-1,-1,-1
43,385,3578.16,292.27,67.77,125.25,0.783502,-1,-1,-1
43,493,3347.94,0.01,77.06,73.22,0.748407,-1,-1,-1
43,495,3342.19,288.32,78.57,121.85,0.669520,-1,-1,-1
43,296,3569.91,141.66,81.11,138.98,0.589852,-1,-1,-1
43,185,2568.76,2949.76,65.44,94.49,0.650511,-1,-1,-1
43,99,983.30,1056.62,185.31,192.41,0.881099,-1,-1,-1
43,445,3030.49,2472.20,74.24,100.77,0.646642,-1,-1,-1
43,334,3927.60,3290.42,88.08,111.88,0.591547,-1,-1,-1
43,136,2273.38,508.36,93.72,123.43,0.616408,-1,-1,-1
43,73,974.04,1506.27,107.16,132.18,0.605569,-1,-1,-1
43,510,1229.61,2444.60,82.37,149.50,0.874470,-1,-1,-1
43,491,2311.39,1731.75,75.50,83.40,0.673234,-1,-1,-1
43,465,3812.08,1931.59,67.51,101.52,0.615154,-1,-1,-1
43,287,1493.56,1206.87,101.98,154.29,0.588803,-1,-1,-1
43,463,985.37,1359.96,100.57,132.51,0.587343,-1,-1,-1
43,166,2802.90,1552.18,116.37,146.99,0.657219,-1,-1,-1
44,28,1840.38,979.86,289.58,233.30,0.980735,-1,-1,-1
44,33,1809.68,1897.56,236.88,212.43,0.992733,-1,-1,-1
44,42,1925.01,2259.07,133.58,153.90,0.784477,-1,-1,-1
44,50,1713.06,1301.76,125.04,134.34,0.944959,-1,-1,-1
44,65,1720.87,471.25,139.26,176.21,0.904983,-1,-1,-1
44,86,4284.65,1643.63,83.36,142.85,0.803775,-1,-1,-1
44,90,2071.89,2592.50,96.61,164.56,0.806613,-1,-1,-1
44,97,2162.81,1296.28,125.36,146.48,0.761734,-1,-1,-1
44,100,1132.47,897.14,99.26,151.24,0.727534,-1,-1,-1
44,109,1398.66,3032.15,72.27,86.12,0.735714,-1,-1,-1
44,112,1807.98,1018.45,120.97,145.99,0.754526,-1,-1,-1
44,69,1473.01,2528.65,123.42,143.69,0.882841,-1,-1,-1
44,71,1865.66,2593.32,117.61,145.40,0.911281,-1,-1,-1
44,75,1566.88,479.01,110.33,138.05,0.762985,-1,-1,-1
44,47,2371.10,1277.54,124.76,211.54,0.682852,-1,-1,-1
44,179,2284.83,2526.17,86.47,114.73,0.788599,-1,-1,-1
44,9,1991.58,1547.44,275.12,227.01,0.993509,-1,-1,-1
44,227,1704.38,3136.24,76.68,175.36,0.659194,-1,-1,-1
44,250,3229.94,792.19,91.79,112.10,0.788778,-1,-1,-1
44,8,2376.30,1890.30,107.76,192.68,0.709789,-1,-1,-1
44,116,3714.17,1369.37,114.94,126.23,0.869644,-1,-1,-1
44,53,2483.39,2133.26,150.12,210.97,0.757515,-1,-1,-1
44,230,4246.70,789.47,96.35,114.03,0.734667,-1,-1,-1
44,139,3376.50,2673.79,73.42,103.15,0.840349,-1,-1,-1
44,72,2208.94,681.84,106.80,155.91,0.945198,-1,-1,-1
44,83,1447.20,2061.21,126.44,157.04,0.977247,-1,-1,-1
44,87,3460.16,1664.50,107.29,155.11,0.683904,-1,-1,-1
44,35,1597.98,1403.63,143.75,193.89,0.837803,-1,-1,-1
44,239,3668.92,1098.32,110.89,131.08,0.831187,-1,-1,-1
44,85,4589.25,1255.96,117.01,141.20,0.904917,-1,-1,-1
44,44,2354.87,3105.25,242.29,214.82,0.937559,-1,-1,-1
44,262,4061.35,2766.73,70.74,96.11,0.729739,-1,-1,-1
44,52,1483.41,1031.77,103.11,137.26,0.694124,-1,-1,-1
44,96,1702.87,1918.70,88.98,119.77,0.797672,-1,-1,-1
44,420,3017.18,149.64,116.81,138.40,0.906335,-1,-1,-1
44,423,1593.66,1640.19,100.27,144.83,0.751087,-1,-1,-1
44,201,1133.31,2256.83,100.91,139.16,0.893121,-1,-1,-1
44,434,1638.77,1036.18,86.18,149.43,0.609208,-1,-1,-1
44,242,3026.46,2595.54,90.36,149.87,0.786864,-1,-1,-1
44,34,1789.45,725.93,140.94,192.81,0.851139,-1,-1,-1
44,122,2376.80,2182.69,103.14,145.78,0.760645,-1,-1,-1
44,455,2877.91,560.14,107.92,134.77,0.693256,-1,-1,-1
44,224,2579.57,1179.38,96.99,130.68,0.811129,-1,-1,-1
44,40,1066.47,611.28,145.81,178.41,0.980586,-1,-1,-1
44,272,4681.65,2425.07,86.05,83.90,0.699664,-1,-1,-1
44,234,1474.15,2298.33,118.95,142.24,0.925458,-1,-1,-1
44,446,4020.79,1908.81,139.49,116.01,0.770085,-1,-1,-1
44,187,3563.65,1788.44,113.29,110.92,0.749428,-1,-1,-1
44,477,3943.26,2740.39,75.15,114.29,0.822647,-1,-1,-1
44,1,2578.32,742.64,195.34,201.56,0.674610,-1,-1,-1
44,164,1848.85,1260.49,169.03,208.26,0.993228,-1,-1,-1
44,305,3562.62,2216.13,98.01,124.28,0.669873,-1,-1,-1
44,7,3694.33,648.53,237.44,248.04,0.794061,-1,-1,-1
44,138,1809.25,2867.60,117.18,164.85,0.584597,-1,-1,-1
44,229,4423.17,790.23,61.29,101.00,0.720166,-1,-1,-1
44,210,2793.42,196.35,86.16,145.11,0.904124,-1,-1,-1
44,200,4656.09,113.92,87.96,81.71,0.734838,-1,-1,-1
44,235,4194.95,1061.36,70.97,85.49,0.651979,-1,-1,-1
44,188,1115.44,1601.58,111.34,126.69,0.804712,-1,-1,-1
44,163,3366.18,1352.85,86.77,144.53,0.704097,-1,-1,-1
44,101,3839.93,2823.66,104.15,128.30,0.608805,-1,-1,-1
44,115,1000.58,2419.95,103.17,137.42,0.692550,-1,-1,-1
44,155,1335.55,439.50,132.01,171.84,0.676037,-1,-1,-1
44,245,2679.81,1915.89,116.00,136.07,0.762934,-1,-1,-1
44,382,2158.70,2244.64,105.88,166.75,0.658322,-1,-1,-1
44,432,2648.33,2816.63,95.65,97.26,0.662451,-1,-1,-1
44,368,3718.96,2727.65,102.04,124.41,0.706660,-1,-1,-1
44,522,3157.46,230.69,80.43,123.96,0.580680,-1,-1,-1
44,156,1413.88,1427.04,110.07,141.21,0.935005,-1,-1,-1
44,304,973.41,812.83,111.41,175.67,0.733359,-1,-1,-1
44,209,3124.39,1025.86,93.07,125.78,0.808035,-1,-1,-1
44,107,3768.14,2192.62,103.44,140.77,0.673944,-1,-1,-1
44,339,4670.85,-0.05,70.04,87.42,0.656962,-1,-1,-1
44,365,1398.76,1053.46,67.22,108.54,0.671129,-1,-1,-1
44,77,1589.39,2285.28,132.75,180.43,0.658920,-1,-1,-1
44,474,1153.75,458.52,100.22,119.62,0.581847,-1,-1,-1
44,196,4039.82,2278.20,101.08,130.62,0.756865,-1,-1,-1
44,176,2886.23,1908.79,86.16,164.58,0.922190,-1,-1,-1
44,223,2970.29,2317.88,123.59,119.64,0.724595,-1,-1,-1
44,538,4166.40,1249.16,158.06,205.41,0.741807,-1,-1,-1
44,540,3645.24,2402.85,66.94,128.67,0.662586,-1,-1,-1
44,131,1196.19,1838.61,93.59,136.91,0.700055,-1,-1,-1
44,334,3928.14,3287.75,87.79,113.25,0.583794,-1,-1,-1
44,136,2271.32,503.83,97.01,128.45,0.594121,-1,-1,-1
44,510,1229.49,2443.45,83.63,151.50,0.824606,-1,-1,-1
44,166,2804.17,1554.94,115.08,144.88,0.722225,-1,-1,-1
44,19,3063.93,3128.90,175.95,214.26,0.709211,-1,-1,-1
44,298,971.00,-0.19,72.12,66.42,0.615387,-1,-1,-1
44,76,1348.47,1198.58,163.79,174.10,0.701637,-1,-1,-1
44,391,871.17,1334.13,54.42,97.38,0.584318,-1,-1,-1
44,480,4809.79,1961.51,159.45,177.81,0.623422,-1,-1,-1
44,490,946.50,96.04,86.83,94.94,0.765213,-1,-1,-1
44,390,2144.84,566.92,112.05,148.94,0.632952,-1,-1,-1
44,13,2876.67,2582.74,173.54,194.34,0.740586,-1,-1,-1
44,481,4730.19,1555.99,86.74,157.56,0.760816,-1,-1,-1
44,511,1240.00,907.89,175.17,166.93,0.867140,-1,-1,-1
44,150,862.97,1174.27,72.70,138.21,0.851736,-1,-1,-1
44,68,985.00,2219.32,90.80,120.55,0.792791,-1,-1,-1
44,110,1480.90,93.71,73.36,101.04,0.744058,-1,-1,-1
44,505,1019.89,1054.30,165.70,190.13,0.936492,-1,-1,-1
44,529,1049.41,145.42,99.41,130.22,0.589586,-1,-1,-1
44,337,3482.99,2519.20,116.83,124.93,0.599307,-1,-1,-1
44,361,2082.79,900.26,81.68,150.60,0.659265,-1,-1,-1
44,255,3016.07,1553.11,108.79,175.35,0.620686,-1,-1,-1
44,419,4413.69,411.00,86.68,137.70,0.668667,-1,-1,-1
45,28,1838.54,979.42,290.31,233.43,0.980539,-1,-1,-1
45,33,1812.00,1897.74,235.72,211.93,0.992809,-1,-1,-1
45,42,1925.45,2259.06,133.33,153.81,0.804740,-1,-1,-1
45,50,1710.42,1301.95,124.99,133.84,0.926052,-1,-1,-1
45,65,1718.45,471.22,142.43,178.02,0.968002,-1,-1,-1
45,86,4285.49,1658.91,80.76,137.56,0.727653,-1,-1,-1
45,90,2071.71,2592.01,97.32,165.61,0.795136,-1,-1,-1
45,97,2163.10,1295.44,125.82,147.10,0.757645,-1,-1,-1
45,100,1132.28,896.36,98.04,150.94,0.835583,-1,-1,-1
45,109,1397.18,3031.33,73.11,86.89,0.694162,-1,-1,-1
45,112,1808.17,1017.55,120.93,146.61,0.736626,-1,-1,-1
45,69,1472.46,2528.61,123.24,143.55,0.895428,-1,-1,-1
45,71,1865.90,2593.46,117.45,145.55,0.912915,-1,-1,-1
45,75,1566.82,480.27,110.76,139.07,0.810555,-1,-1,-1
45,47,2372.19,1278.34,123.68,211.46,0.692668,-1,-1,-1
45,179,2285.23,2525.16,86.77,115.74,0.789265,-1,-1,-1
45,9,1991.04,1547.52,276.06,226.88,0.990192,-1,-1,-1
45,227,1703.87,3136.09,76.37,174.51,0.704381,-1,-1,-1
45,250,3230.19,792.20,91.65,111.72,0.801861,-1,-1,-1
45,8,2375.96,1890.49,108.00,194.83,0.773488,-1,-1,-1
45,116,3714.19,1369.19,114.60,126.45,0.855603,-1,-1,-1
45,53,2481.14,2131.81,150.92,212.33,0.825191,-1,-1,-1
45,230,4246.59,789.54,96.52,114.25,0.743083,-1,-1,-1
45,139,3376.10,2674.95,72.88,102.17,0.833819,-1,-1,-1
45,72,2208.70,680.92,107.61,156.20,0.938747,-1,-1,-1
45,83,1446.10,2061.55,126.24,156.40,0.978240,-1,-1,-1
45,87,3459.31,1659.16,110.47,159.68,0.745785,-1,-1,-1
45,35,1598.11,1402.61,143.60,196.36,0.794415,-1,-1,-1
45,239,3669.84,1097.84,107.94,127.23,0.716387,-1,-1,-1
45,85,4589.10,1256.48,116.97,140.82,0.895415,-1,-1,-1
45,44,2354.97,3105.30,241.91,214.68,0.927000,-1,-1,-1
45,262,4061.26,2767.01,70.66,96.11,0.756952,-1,-1,-1
45,52,1489.02,1028.07,105.01,139.03,0.873244,-1,-1,-1
45,96,1702.96,1917.74,91.60,120.76,0.881709,-1,-1,-1
45,420,3017.46,149.66,117.11,138.08,0.906836,-1,-1,-1
45,423,1592.95,1641.01,101.41,146.43,0.707748,-1,-1,-1
45,201,1133.98,2256.76,98.50,137.16,0.754393,-1,-1,-1
45,434,1632.35,1014.32,97.69,171.23,0.716388,-1,-1,-1
45,242,3027.43,2594.78,88.14,146.32,0.764126,-1,-1,-1
45,34,1789.13,725.94,140.52,193.39,0.798402,-1,-1,-1
45,122,2376.80,2182.47,103.53,146.41,0.772767,-1,-1,-1
45,455,2878.60,560.83,106.56,134.01,0.712028,-1,-1,-1
45,224,2578.54,1178.32,97.49,131.50,0.806216,-1,-1,-1
45,40,1058.18,609.23,147.78,180.87,0.846155,-1,-1,-1
45,272,4682.56,2424.76,87.61,85.07,0.704181,-1,-1,-1
45,234,1474.54,2299.03,118.61,142.19,0.932442,-1,-1,-1
45,446,4020.09,1908.67,140.24,116.21,0.729197,-1,-1,-1
45,187,3563.93,1789.18,113.07,110.22,0.766684,-1,-1,-1
45,477,3943.78,2741.98,72.76,110.49,0.741728,-1,-1,-1
45,1,2578.46,742.20,196.01,200.88,0.761132,-1,-1,-1
45,164,1848.51,1259.84,169.65,207.33,0.991320,-1,-1,-1
45,305,3563.21,2215.50,97.61,124.22,0.727705,-1,-1,-1
45,7,3694.09,648.43,235.07,247.93,0.748437,-1,-1,-1
45,138,1810.37,2871.03,116.51,163.87,0.618108,-1,-1,-1
45,229,4422.34,788.25,65.89,108.99,0.760195,-1,-1,-1
45,210,2792.81,195.84,86.51,144.96,0.824349,-1,-1,-1
45,200,4657.47,115.13,85.63,80.33,0.742209,-1,-1,-1
45,235,4195.62,1061.28,70.35,85.06,0.623101,-1,-1,-1
45,188,1118.21,1604.21,105.41,118.89,0.671612,-1,-1,-1
45,163,3366.40,1353.20,86.58,144.26,0.671682,-1,-1,-1
45,101,3841.38,2827.16,100.91,123.36,0.614305,-1,-1,-1
45,115,1000.67,2418.88,104.24,139.24,0.739456,-1,-1,-1
45,155,1339.03,435.61,132.25,171.26,0.729423,-1,-1,-1
45,245,2680.31,1913.38,118.55,138.99,0.720846,-1,-1,-1
45,382,2158.13,2244.66,107.37,168.62,0.628105,-1,-1,-1
45,432,2648.85,2816.57,95.06,96.59,0.641689,-1,-1,-1
45,368,3717.62,2727.81,102.30,124.50,0.775573,-1,-1,-1
45,156,1405.66,1431.06,108.80,136.30,0.947062,-1,-1,-1
45,304,973.50,814.30,109.78,173.08,0.646874,-1,-1,-1
45,209,3125.33,1025.62,92.71,125.73,0.700743,-1,-1,-1
45,107,3768.11,2192.86,103.76,141.23,0.677058,-1,-1,-1
45,339,4671.46,-0.04,68.80,87.56,0.646999,-1,-1,-1
45,474,1154.52,460.61,99.89,116.55,0.666804,-1,-1,-1
45,196,4043.17,2278.14,98.22,127.53,0.655744,-1,-1,-1
45,176,2886.52,1905.78,90.44,173.16,0.911564,-1,-1,-1
45,223,2969.55,2318.08,124.01,119.84,0.606651,-1,-1,-1
45,538,4165.68,1248.96,158.59,205.55,0.701699,-1,-1,-1
45,540,3644.23,2397.18,69.44,133.47,0.613362,-1,-1,-1
45,136,2273.41,504.41,96.86,128.30,0.733502,-1,-1,-1
45,542,4465.92,2461.98,80.37,140.61,0.713791,-1,-1,-1
45,545,1061.32,0.00,68.20,69.01,0.725326,-1,-1,-1
45,546,2010.06,650.45,111.08,145.31,0.651181,-1,-1,-1
45,548,3942.44,1340.09,90.97,120.28,0.595771,-1,-1,-1
45,298,970.68,-0.10,70.57,62.09,0.588181,-1,-1,-1
45,490,949.87,99.40,85.23,94.24,0.705785,-1,-1,-1
45,13,2866.65,2582.25,178.21,198.02,0.792793,-1,-1,-1
45,511,1240.06,905.54,175.79,169.07,0.825966,-1,-1,-1
45,150,862.54,1176.68,73.93,138.45,0.823833,-1,-1,-1
45,110,1483.66,95.19,72.23,99.45,0.680489,-1,-1,-1
45,505,1022.35,1054.73,163.39,187.60,0.952073,-1,-1,-1
45,529,1048.00,146.90,104.70,138.76,0.707357,-1,-1,-1
45,361,2084.52,904.78,80.46,149.03,0.793227,-1,-1,-1
45,255,3020.81,1560.33,98.25,156.75,0.691316,-1,-1,-1
45,419,4416.17,407.09,81.45,132.45,0.628139,-1,-1,-1
45,295,2400.12,1610.03,110.45,143.23,0.662316,-1,-1,-1
45,121,1121.77,2449.17,79.01,144.98,0.669993,-1,-1,-1
45,329,4050.66,2395.99,84.58,105.62,0.750986,-1,-1,-1
45,374,4423.55,930.78,67.27,90.89,0.588724,-1,-1,-1
45,326,4414.33,217.36,113.58,162.04,0.647499,-1,-1,-1
45,105,2774.61,2033.50,102.05,100.13,0.699769,-1,-1,-1
45,48,1205.62,2258.97,112.18,137.29,0.606675,-1,-1,-1
45,58,1224.02,2619.50,169.59,178.36,0.670217,-1,-1,-1
45,57,1372.24,2829.45,152.39,178.55,0.733907,-1,-1,-1
45,496,4065.99,267.74,113.68,160.36,0.597648,-1,-1,-1
45,63,1215.17,1561.96,225.92,202.15,0.657798,-1,-1,-1
45,341,3264.28,1447.31,115.08,119.62,0.620714,-1,-1,-1
45,140,3467.89,2425.36,94.88,88.09,0.617261,-1,-1,-1
45,530,4700.21,1358.31,113.99,151.37,0.725637,-1,-1,-1
45,531,4453.28,3047.73,80.10,180.50,0.866561,-1,-1,-1
45,439,2593.75,275.53,126.86,138.51,0.609828,-1,-1,-1
45,180,962.74,631.21,92.09,144.14,0.654581,-1,-1,-1
45,73,984.55,1517.75,98.98,122.61,0.715355,-1,-1,-1
45,463,996.49,1366.19,98.00,132.11,0.716361,-1,-1,-1
46,28,1836.65,979.33,291.13,233.02,0.981333,-1,-1,-1
46,33,1809.27,1897.69,236.20,212.01,0.988864,-1,-1,-1
46,42,1925.39,2258.98,133.02,153.67,0.791863,-1,-1,-1
46,50,1710.41,1300.93,125.54,134.27,0.953070,-1,-1,-1
46,65,1719.05,471.48,143.39,177.59,0.964134,-1,-1,-1
46,86,4283.87,1655.41,83.78,143.50,0.785919,-1,-1,-1
46,90,2069.89,2585.74,100.18,171.18,0.736818,-1,-1,-1
46,97,2164.10,1295.16,126.46,147.57,0.704754,-1,-1,-1
46,100,1131.63,894.23,97.24,151.28,0.847252,-1,-1,-1
46,109,1396.57,3029.89,73.68,87.68,0.676593,-1,-1,-1
46,112,1808.31,1016.50,120.52,146.87,0.675585,-1,-1,-1
46,69,1472.93,2529.10,123.81,144.48,0.901216,-1,-1,-1
46,71,1867.47,2593.29,115.47,143.30,0.906264,-1,-1,-1
46,75,1568.68,481.84,105.23,131.68,0.855181,-1,-1,-1
46,179,2285.60,2524.75,85.57,115.15,0.766251,-1,-1,-1
46,9,1989.57,1547.04,278.31,228.02,0.993152,-1,-1,-1
46,227,1703.69,3136.25,76.47,174.57,0.723422,-1,-1,-1
46,250,3230.16,792.45,91.94,111.81,0.828724,-1,-1,-1
46,8,2378.23,1891.13,104.03,188.46,0.792165,-1,-1,-1
46,116,3714.75,1369.67,114.22,126.18,0.858331,-1,-1,-1
46,53,2481.00,2131.63,151.07,212.58,0.827731,-1,-1,-1
46,230,4246.98,789.75,96.25,113.83,0.753426,-1,-1,-1
46,139,3375.40,2675.61,73.07,102.29,0.815312,-1,-1,-1
46,72,2211.33,680.28,109.02,156.60,0.929673,-1,-1,-1
46,83,1446.02,2061.04,125.75,155.91,0.975053,-1,-1,-1
46,87,3458.08,1653.94,113.55,164.49,0.777652,-1,-1,-1
46,35,1601.24,1399.66,144.00,198.80,0.844778,-1,-1,-1
46,239,3669.56,1097.79,109.87,129.95,0.818350,-1,-1,-1
46,85,4586.81,1254.27,118.67,143.08,0.916683,-1,-1,-1
46,44,2353.45,3105.71,240.59,214.34,0.917096,-1,-1,-1
46,52,1490.27,1017.36,111.90,147.75,0.676734,-1,-1,-1
46,96,1701.67,1921.09,89.51,117.83,0.868040,-1,-1,-1
46,420,3016.92,148.21,119.34,139.74,0.925533,-1,-1,-1
46,423,1595.59,1639.87,98.78,142.94,0.752460,-1,-1,-1
46,201,1136.61,2255.34,96.66,136.57,0.815972,-1,-1,-1
46,434,1632.22,1011.60,99.15,175.32,0.686024,-1,-1,-1
46,242,3024.50,2591.96,94.14,158.14,0.593192,-1,-1,-1
46,34,1787.72,723.77,141.39,195.45,0.794327,-1,-1,-1
46,122,2376.93,2182.28,103.88,146.97,0.778427,-1,-1,-1
46,455,2877.79,558.67,106.91,135.98,0.714260,-1,-1,-1
46,224,2579.16,1177.97,97.33,131.07,0.786299,-1,-1,-1
46,40,1074.49,605.56,149.22,184.17,0.945803,-1,-1,-1
46,272,4682.88,2425.19,89.81,86.90,0.665053,-1,-1,-1
46,234,1474.50,2297.94,118.36,142.67,0.882762,-1,-1,-1
46,446,4019.99,1908.27,140.55,116.39,0.806787,-1,-1,-1
46,187,3563.94,1789.70,112.95,109.74,0.765671,-1,-1,-1
46,477,3942.78,2740.40,73.72,111.90,0.848401,-1,-1,-1
46,1,2577.83,741.53,197.48,201.08,0.856562,-1,-1,-1
46,164,1848.02,1259.41,172.09,209.48,0.994433,-1,-1,-1
46,305,3563.25,2214.96,97.43,124.56,0.704932,-1,-1,-1
46,7,3698.39,648.46,231.81,247.84,0.633568,-1,-1,-1
46,138,1811.59,2872.00,113.47,159.00,0.642919,-1,-1,-1
46,229,4422.76,784.44,64.81,106.85,0.729494,-1,-1,-1
46,210,2794.46,196.80,85.81,143.56,0.794903,-1,-1,-1
46,200,4657.20,114.05,86.07,82.04,0.736752,-1,-1,-1
46,235,4196.55,1062.80,69.00,83.51,0.662355,-1,-1,-1
46,188,1117.87,1607.95,103.10,114.96,0.661940,-1,-1,-1
46,163,3366.45,1353.19,86.53,144.16,0.612395,-1,-1,-1
46,101,3837.19,2820.74,107.31,131.61,0.784276,-1,-1,-1
46,115,1000.53,2419.19,103.66,138.72,0.662390,-1,-1,-1
46,155,1339.48,432.17,133.80,172.47,0.829950,-1,-1,-1
46,245,2681.26,1912.90,118.57,139.50,0.609005,-1,-1,-1
46,382,2157.08,2244.43,108.82,170.21,0.613100,-1,-1,-1
46,432,2648.13,2816.49,95.74,97.11,0.655984,-1,-1,-1
46,368,3716.70,2724.19,105.22,128.70,0.660030,-1,-1,-1
46,156,1409.47,1436.39,110.08,131.82,0.880038,-1,-1,-1
46,304,974.16,812.55,110.22,173.81,0.759888,-1,-1,-1
46,107,3768.33,2193.44,103.40,140.76,0.676960,-1,-1,-1
46,339,4672.00,-0.04,68.13,88.06,0.669815,-1,-1,-1
46,196,4036.07,2278.46,103.67,134.69,0.601828,-1,-1,-1
46,176,2889.33,1919.30,85.07,159.50,0.790820,-1,-1,-1
46,538,4173.01,1247.81,158.93,205.96,0.613790,-1,-1,-1
46,136,2273.34,505.51,95.84,126.36,0.626265,-1,-1,-1
46,542,4467.83,2443.64,86.47,151.34,0.620069,-1,-1,-1
46,545,1059.67,0.00,68.86,69.65,0.625192,-1,-1,-1
46,546,2009.83,649.94,111.47,145.84,0.590113,-1,-1,-1
46,298,964.68,-0.08,74.32,64.97,0.624754,-1,-1,-1
46,490,952.33,98.63,87.34,97.41,0.696837,-1,-1,-1
46,13,2859.08,2581.26,183.07,200.17,0.630041,-1,-1,-1
46,511,1236.96,905.40,174.94,169.54,0.822946,-1,-1,-1
46,150,863.63,1181.73,73.58,137.26,0.739564,-1,-1,-1
46,110,1487.24,93.27,72.34,100.13,0.717279,-1,-1,-1
46,505,1023.00,1055.07,162.55,186.93,0.956766,-1,-1,-1
46,529,1049.51,145.71,102.83,137.97,0.758139,-1,-1,-1
46,361,2084.07,901.26,79.34,148.26,0.626390,-1,-1,-1
46,255,3023.65,1562.90,90.94,143.13,0.766652,-1,-1,-1
46,549,2989.72,658.42,102.84,108.05,0.697823,-1,-1,-1
46,295,2399.92,1609.57,111.48,144.03,0.600006,-1,-1,-1
46,121,1123.54,2461.85,74.09,135.17,0.646540,-1,-1,-1
46,374,4423.47,930.07,67.66,91.62,0.613780,-1,-1,-1
46,326,4392.02,221.62,126.12,169.04,0.905873,-1,-1,-1
46,105,2765.83,2027.81,108.19,104.56,0.771366,-1,-1,-1
46,48,1207.17,2263.59,107.57,136.94,0.607962,-1,-1,-1
46,58,1224.99,2619.94,168.39,178.41,0.685585,-1,-1,-1
46,57,1374.77,2832.86,144.65,173.87,0.797673,-1,-1,-1
46,341,3264.87,1447.43,114.24,119.55,0.622067,-1,-1,-1
46,140,3468.70,2424.96,95.82,88.16,0.631434,-1,-1,-1
46,530,4698.59,1357.68,115.42,153.39,0.714058,-1,-1,-1
46,439,2596.61,275.49,119.11,132.93,0.606962,-1,-1,-1
46,180,960.69,645.27,87.39,137.71,0.658576,-1,-1,-1
46,73,983.04,1522.75,98.60,123.48,0.661979,-1,-1,-1
46,463,997.57,1372.09,92.34,126.15,0.717535,-1,-1,-1
46,451,1264.79,1834.02,94.65,141.90,0.628839,-1,-1,-1
46,497,855.72,1068.04,91.00,95.29,0.749524,-1,-1,-1
46,476,3932.56,2870.39,83.47,97.49,0.605131,-1,-1,-1
46,465,3810.94,1925.45,70.31,106.41,0.602915,-1,-1,-1
46,287,1515.85,1229.68,92.63,144.74,0.795024,-1,-1,-1
46,522,3165.15,244.80,72.55,110.67,0.638854,-1,-1,-1
46,166,2803.54,1554.42,115.87,145.75,0.655077,-1,-1,-1
46,391,863.51,1331.63,68.22,123.55,0.613759,-1,-1,-1
46,68,984.58,2215.37,95.91,126.63,0.759868,-1,-1,-1
47,28,1834.59,979.65,291.14,232.43,0.976014,-1,-1,-1
47,33,1812.92,1898.27,234.20,210.67,0.993172,-1,-1,-1
47,42,1925.82,2259.16,132.32,153.02,0.808778,-1,-1,-1
47,50,1710.60,1301.22,125.59,134.21,0.947335,-1,-1,-1
47,65,1717.60,471.23,144.53,177.32,0.964924,-1,-1,-1
47,86,4287.64,1665.13,75.37,126.38,0.863034,-1,-1,-1
47,90,2069.60,2583.21,101.06,173.55,0.752326,-1,-1,-1
47,97,2164.42,1294.35,127.17,148.24,0.696066,-1,-1,-1
47,100,1131.46,894.38,94.30,147.44,0.844636,-1,-1,-1
47,109,1400.62,3031.92,72.19,85.84,0.755601,-1,-1,-1
47,112,1808.58,1016.18,120.06,146.92,0.715642,-1,-1,-1
47,69,1473.76,2529.95,122.95,143.55,0.907627,-1,-1,-1
47,71,1866.75,2592.54,116.60,145.04,0.907873,-1,-1,-1
47,75,1569.53,481.45,103.69,129.11,0.799072,-1,-1,-1
47,179,2287.10,2524.13,86.03,116.22,0.824385,-1,-1,-1
47,9,1989.56,1547.89,277.51,226.45,0.992157,-1,-1,-1
47,227,1704.47,3137.67,75.74,173.10,0.699620,-1,-1,-1
47,250,3230.98,792.75,92.14,111.82,0.845736,-1,-1,-1
47,8,2378.86,1890.18,103.32,187.93,0.718790,-1,-1,-1
47,116,3715.42,1369.49,114.18,126.22,0.856906,-1,-1,-1
47,53,2483.31,2132.59,150.67,212.23,0.715435,-1,-1,-1
47,230,4247.16,789.69,96.46,114.02,0.755247,-1,-1,-1
47,139,3374.50,2674.16,73.92,103.00,0.808055,-1,-1,-1
47,72,2208.70,680.55,109.76,157.60,0.944326,-1,-1,-1
47,83,1446.48,2060.43,127.08,157.62,0.973328,-1,-1,-1
47,87,3458.03,1652.99,114.00,165.34,0.753798,-1,-1,-1
47,35,1605.61,1403.11,138.11,192.12,0.823007,-1,-1,-1
47,239,3669.78,1097.64,109.63,129.87,0.831714,-1,-1,-1
47,85,4586.34,1253.85,118.58,143.33,0.920763,-1,-1,-1
47,44,2352.85,3105.67,239.65,214.12,0.908752,-1,-1,-1
47,96,1702.63,1918.06,92.74,120.22,0.879084,-1,-1,-1
47,420,3016.48,147.67,120.36,140.01,0.916189,-1,-1,-1
47,201,1137.65,2255.79,95.61,136.33,0.892316,-1,-1,-1
47,434,1628.48,1003.91,103.44,184.49,0.730783,-1,-1,-1
47,242,3024.62,2590.07,94.74,160.75,0.614038,-1,-1,-1
47,34,1787.50,722.59,140.68,194.99,0.777330,-1,-1,-1
47,122,2376.53,2182.11,103.45,146.19,0.786731,-1,-1,-1
47,455,2878.12,558.43,106.35,136.63,0.682510,-1,-1,-1
47,224,2578.57,1176.90,97.50,131.41,0.731605,-1,-1,-1
47,40,1087.79,604.30,149.33,185.15,0.830749,-1,-1,-1
47,272,4683.69,2425.53,89.46,86.02,0.714540,-1,-1,-1
47,234,1475.35,2298.37,117.62,141.72,0.902421,-1,-1,-1
47,446,4019.97,1908.19,141.14,116.75,0.725317,-1,-1,-1
47,187,3563.74,1789.35,113.74,110.25,0.778430,-1,-1,-1
47,477,3942.46,2739.59,74.90,113.93,0.796257,-1,-1,-1
47,1,2578.06,742.11,197.59,200.50,0.870426,-1,-1,-1
47,164,1848.29,1258.75,172.29,208.73,0.993731,-1,-1,-1
47,305,3563.80,2214.79,96.76,124.01,0.736111,-1,-1,-1
47,7,3700.64,648.25,229.38,247.91,0.663365,-1,-1,-1
47,138,1811.99,2874.84,110.34,153.96,0.705482,-1,-1,-1
47,229,4423.06,783.27,64.54,105.93,0.727472,-1,-1,-1
47,210,2796.52,199.60,84.39,141.29,0.723195,-1,-1,-1
47,200,4658.76,115.50,84.58,81.86,0.776270,-1,-1,-1
47,235,4196.40,1063.76,68.86,83.43,0.669873,-1,-1,-1
47,188,1116.63,1607.27,106.36,119.09,0.833374,-1,-1,-1
47,163,3369.22,1362.85,81.78,134.44,0.698986,-1,-1,-1
47,101,3837.81,2821.19,105.56,129.14,0.746042,-1,-1,-1
47,115,1000.39,2420.18,102.59,137.57,0.783566,-1,-1,-1
47,155,1340.76,430.63,133.72,171.53,0.803898,-1,-1,-1
47,245,2679.52,1913.97,118.37,138.00,0.812066,-1,-1,-1
47,382,2156.14,2244.77,110.61,172.86,0.601917,-1,-1,-1
47,432,2648.46,2816.97,95.63,96.79,0.655569,-1,-1,-1
47,368,3717.54,2726.98,102.98,125.68,0.790923,-1,-1,-1
47,156,1408.65,1436.93,113.25,131.14,0.903020,-1,-1,-1
47,304,977.65,815.75,108.35,169.43,0.901855,-1,-1,-1
47,107,3768.22,2192.82,103.85,141.55,0.675970,-1,-1,-1
47,339,4668.81,-0.03,67.19,86.93,0.766190,-1,-1,-1
47,176,2886.73,1912.51,86.97,163.68,0.929543,-1,-1,-1
47,136,2272.38,501.82,98.88,130.24,0.710208,-1,-1,-1
47,542,4464.07,2449.42,87.24,152.33,0.904540,-1,-1,-1
47,546,2010.33,649.78,111.28,145.59,0.697868,-1,-1,-1
47,490,948.26,94.09,86.72,97.27,0.734319,-1,-1,-1
47,13,2870.64,2581.53,182.36,201.39,0.813933,-1,-1,-1
47,511,1238.67,906.77,171.40,167.31,0.934104,-1,-1,-1
47,110,1488.82,90.67,72.45,100.96,0.666309,-1,-1,-1
47,505,1017.16,1054.18,163.99,187.73,0.972816,-1,-1,-1
47,529,1046.30,139.96,105.10,142.64,0.729133,-1,-1,-1
47,361,2085.94,897.79,75.90,141.81,0.600424,-1,-1,-1
47,255,3023.58,1564.30,91.99,144.08,0.805296,-1,-1,-1
47,549,2989.17,656.72,104.18,109.49,0.707690,-1,-1,-1
47,326,4387.79,222.93,132.12,171.25,0.886986,-1,-1,-1
47,341,3264.69,1447.49,113.47,119.60,0.666596,-1,-1,-1
47,140,3469.48,2424.56,95.63,87.05,0.591264,-1,-1,-1
47,530,4698.94,1356.67,114.24,151.83,0.717063,-1,-1,-1
47,439,2598.88,276.01,114.77,130.23,0.627931,-1,-1,-1
47,73,978.14,1518.68,105.31,132.88,0.630297,-1,-1,-1
47,463,991.70,1372.11,91.04,123.82,0.808077,-1,-1,-1
47,451,1256.13,1825.40,100.30,150.47,0.748046,-1,-1,-1
47,497,858.54,1069.54,85.48,90.58,0.645216,-1,-1,-1
47,465,3811.06,1926.79,68.89,104.66,0.610418,-1,-1,-1
47,522,3162.76,240.15,77.06,116.28,0.775330,-1,-1,-1
47,166,2802.92,1553.92,116.35,146.22,0.607035,-1,-1,-1
47,391,863.64,1333.72,66.16,119.93,0.658475,-1,-1,-1
47,68,982.09,2213.11,97.38,128.82,0.719467,-1,-1,-1
47,241,3801.97,18.96,100.86,154.06,0.667482,-1,-1,-1
47,106,4737.93,190.01,128.32,135.34,0.747804,-1,-1,-1
47,178,4483.66,2091.80,84.80,142.22,0.656860,-1,-1,-1
47,171,4296.56,1880.41,66.12,124.58,0.596801,-1,-1,-1
47,493,3347.64,-0.00,77.14,73.28,0.742659,-1,-1,-1
47,495,3341.29,286.34,81.82,127.86,0.692405,-1,-1,-1
47,445,3031.20,2472.37,73.64,98.23,0.699432,-1,-1,-1
47,77,1589.11,2285.05,131.51,181.79,0.706235,-1,-1,-1
47,510,1228.89,2441.25,84.80,153.20,0.755607,-1,-1,-1
47,474,1153.72,461.81,101.47,115.86,0.600302,-1,-1,-1
47,223,2969.88,2319.61,123.81,119.19,0.628518,-1,-1,-1
47,540,3643.40,2394.25,71.09,136.63,0.619291,-1,-1,-1
47,496,4066.45,270.77,108.92,155.22,0.665765,-1,-1,-1
47,63,1222.94,1561.83,220.90,199.62,0.937264,-1,-1,-1
48,28,1832.98,979.97,291.47,231.83,0.977763,-1,-1,-1
48,33,1812.13,1897.68,234.57,211.13,0.990628,-1,-1,-1
48,42,1925.43,2258.06,133.07,154.26,0.796094,-1,-1,-1
48,50,1712.12,1301.87,124.65,133.30,0.957648,-1,-1,-1
48,65,1717.08,467.12,147.67,180.98,0.931158,-1,-1,-1
48,86,4287.88,1655.86,77.47,129.96,0.887613,-1,-1,-1
48,90,2069.54,2583.09,100.70,173.66,0.747709,-1,-1,-1
48,97,2163.97,1293.55,127.62,149.01,0.708769,-1,-1,-1
48,100,1133.08,894.49,93.84,148.50,0.837027,-1,-1,-1
48,109,1401.88,3032.89,71.58,85.12,0.753917,-1,-1,-1
48,112,1808.66,1015.53,119.98,147.46,0.697740,-1,-1,-1
48,69,1474.19,2530.38,122.56,143.21,0.907947,-1,-1,-1
48,71,1865.99,2592.78,117.64,146.73,0.917628,-1,-1,-1
48,75,1568.94,481.08,104.09,129.16,0.852463,-1,-1,-1
48,179,2287.68,2524.48,85.28,115.86,0.828848,-1,-1,-1
48,9,1989.20,1548.05,278.40,226.28,0.991802,-1,-1,-1
48,227,1705.39,3141.28,74.37,169.98,0.659330,-1,-1,-1
48,250,3230.49,793.47,91.75,111.25,0.830593,-1,-1,-1
48,8,2378.50,1890.38,103.57,189.22,0.772353,-1,-1,-1
48,116,3715.21,1369.02,113.31,125.72,0.857811,-1,-1,-1
48,53,2482.32,2131.84,150.78,212.62,0.763645,-1,-1,-1
48,230,4247.31,789.24,96.31,113.86,0.777281,-1,-1,-1
48,139,3374.17,2673.21,74.77,103.78,0.823273,-1,-1,-1
48,72,2211.17,680.88,110.48,157.07,0.931602,-1,-1,-1
48,83,1445.52,2061.18,126.36,157.32,0.964177,-1,-1,-1
48,87,3457.64,1650.20,115.04,167.51,0.761114,-1,-1,-1
48,35,1614.11,1419.23,125.18,172.89,0.612840,-1,-1,-1
48,239,3669.76,1097.85,107.50,126.87,0.736049,-1,-1,-1
48,85,4587.79,1254.08,118.25,142.65,0.930279,-1,-1,-1
48,44,2353.23,3105.69,238.71,213.82,0.883774,-1,-1,-1
48,96,1702.20,1918.14,94.29,120.31,0.896644,-1,-1,-1
48,420,3016.56,150.98,118.68,136.86,0.916685,-1,-1,-1
48,201,1135.36,2255.64,97.05,138.18,0.871659,-1,-1,-1
48,434,1628.85,1009.06,100.35,179.23,0.631907,-1,-1,-1
48,34,1787.56,722.53,139.94,194.48,0.801206,-1,-1,-1
48,122,2376.81,2182.35,103.79,146.68,0.820726,-1,-1,-1
48,455,2879.44,560.88,104.05,134.53,0.784610,-1,-1,-1
48,224,2579.21,1177.89,96.25,129.78,0.770628,-1,-1,-1
48,40,1063.13,605.85,146.11,184.13,0.839493,-1,-1,-1
48,272,4683.88,2425.15,89.34,85.21,0.705698,-1,-1,-1
48,234,1474.72,2299.48,117.20,141.17,0.924440,-1,-1,-1
48,446,4019.98,1908.53,140.97,116.38,0.751855,-1,-1,-1
48,187,3563.89,1789.89,113.50,109.64,0.765056,-1,-1,-1
48,477,3942.20,2738.36,76.10,116.06,0.790066,-1,-1,-1
48,1,2577.87,741.20,198.74,201.14,0.876505,-1,-1,-1
48,164,1847.63,1258.23,173.33,209.09,0.994801,-1,-1,-1
48,305,3564.07,2214.75,95.96,123.34,0.731509,-1,-1,-1
48,7,3700.38,648.40,227.74,248.23,0.770512,-1,-1,-1
48,138,1811.35,2876.35,104.19,145.05,0.662312,-1,-1,-1
48,229,4421.55,782.74,68.23,112.42,0.748232,-1,-1,-1
48,210,2796.25,203.90,83.44,138.82,0.903404,-1,-1,-1
48,200,4658.61,115.52,83.11,81.65,0.743402,-1,-1,-1
48,235,4196.99,1065.68,67.23,81.20,0.622326,-1,-1,-1
48,188,1115.94,1608.45,105.27,117.72,0.775440,-1,-1,-1
48,163,3370.23,1367.86,79.81,129.51,0.689007,-1,-1,-1
48,101,3836.60,2818.30,107.25,131.14,0.817154,-1,-1,-1
48,115,1001.73,2424.02,100.12,134.24,0.690365,-1,-1,-1
48,155,1341.90,430.24,133.08,170.27,0.768913,-1,-1,-1
48,245,2679.21,1912.19,119.63,139.95,0.586489,-1,-1,-1
48,432,2649.25,2815.88,93.72,94.35,0.616325,-1,-1,-1
48,368,3718.12,2728.17,102.50,124.51,0.823567,-1,-1,-1
48,156,1401.37,1434.12,114.99,131.77,0.946284,-1,-1,-1
48,304,977.62,816.90,108.48,169.42,0.767137,-1,-1,-1
48,107,3768.07,2191.81,104.31,142.54,0.691381,-1,-1,-1
48,339,4666.11,-0.03,67.26,86.60,0.798662,-1,-1,-1
48,176,2886.86,1908.12,91.10,171.89,0.850103,-1,-1,-1
48,136,2273.16,502.43,98.25,128.75,0.731182,-1,-1,-1
48,542,4466.53,2460.35,82.12,142.85,0.807525,-1,-1,-1
48,546,2010.48,649.37,111.01,145.30,0.704718,-1,-1,-1
48,490,943.14,97.13,85.19,94.82,0.682616,-1,-1,-1
48,13,2862.86,2581.72,184.86,201.95,0.828036,-1,-1,-1
48,511,1238.08,906.59,169.53,166.92,0.923777,-1,-1,-1
48,110,1487.71,91.39,72.11,100.34,0.709240,-1,-1,-1
48,505,1015.36,1054.50,164.22,186.91,0.973372,-1,-1,-1
48,255,3023.01,1564.30,93.26,145.69,0.829175,-1,-1,-1
48,549,2989.86,654.84,105.32,110.74,0.771989,-1,-1,-1
48,326,4396.08,223.21,131.52,170.23,0.746111,-1,-1,-1
48,341,3265.73,1448.38,112.36,119.09,0.638704,-1,-1,-1
48,140,3468.63,2423.58,96.09,86.97,0.702225,-1,-1,-1
48,439,2599.60,275.68,112.02,129.27,0.599615,-1,-1,-1
48,73,975.78,1517.20,106.71,135.78,0.662752,-1,-1,-1
48,463,990.37,1374.37,89.12,120.64,0.737061,-1,-1,-1
48,451,1260.06,1823.96,99.26,151.82,0.618036,-1,-1,-1
48,497,858.40,1070.14,83.46,89.54,0.695761,-1,-1,-1
48,465,3811.10,1928.17,68.67,104.84,0.615562,-1,-1,-1
48,522,3163.25,243.57,76.20,113.72,0.698514,-1,-1,-1
48,166,2803.25,1554.38,116.09,145.53,0.723715,-1,-1,-1
48,391,863.86,1333.34,65.67,118.85,0.781860,-1,-1,-1
48,68,979.51,2212.31,97.72,129.05,0.777155,-1,-1,-1
48,557,1267.22,1206.90,122.36,145.96,0.675951,-1,-1,-1
48,241,3805.23,20.31,93.64,149.52,0.609680,-1,-1,-1
48,106,4738.05,186.84,128.57,139.15,0.615286,-1,-1,-1
48,493,3343.14,-0.01,76.13,72.68,0.763139,-1,-1,-1
48,495,3338.57,287.25,82.05,129.68,0.634919,-1,-1,-1
48,77,1589.17,2285.69,129.02,180.14,0.625658,-1,-1,-1
48,510,1227.91,2442.17,84.49,152.27,0.778634,-1,-1,-1
48,474,1146.58,444.09,116.14,132.71,0.901875,-1,-1,-1
48,223,2970.41,2318.68,125.27,120.06,0.769924,-1,-1,-1
48,540,3644.11,2395.86,70.12,134.75,0.599744,-1,-1,-1
48,63,1223.37,1560.52,219.62,200.33,0.899823,-1,-1,-1
48,78,1448.52,706.22,153.14,165.50,0.601201,-1,-1,-1
48,512,1362.53,1788.07,217.42,199.25,0.632941,-1,-1,-1
48,385,3574.72,283.65,75.62,135.62,0.697421,-1,-1,-1
48,185,2574.14,2951.11,67.47,96.47,0.609082,-1,-1,-1
48,334,3929.44,3286.68,83.85,109.84,0.620789,-1,-1,-1
48,481,4730.19,1556.53,84.93,153.23,0.779015,-1,-1,-1
48,329,4052.13,2398.52,82.15,103.55,0.589978,-1,-1,-1
48,531,4454.01,3045.90,78.53,176.88,0.701158,-1,-1,-1
48,52,1475.71,1028.58,101.08,137.29,0.672663,-1,-1,-1
48,196,4039.64,2279.09,100.84,131.18,0.672953,-1,-1,-1
48,298,963.07,-0.11,76.50,66.98,0.589164,-1,-1,-1
48,150,864.39,1182.74,71.81,134.20,0.705589,-1,-1,-1
48,295,2400.01,1609.31,112.60,145.19,0.623052,-1,-1,-1
48,105,2775.42,2031.27,107.22,101.96,0.784916,-1,-1,-1
49,28,1837.32,980.54,285.53,230.45,0.951728,-1,-1,-1
49,33,1812.96,1897.75,234.14,211.10,0.991561,-1,-1,-1
49,42,1926.18,2258.71,131.78,152.87,0.813395,-1,-1,-1
49,50,1713.18,1301.72,124.93,133.86,0.947554,-1,-1,-1
49,65,1722.15,467.60,146.74,180.38,0.875785,-1,-1,-1
49,86,4288.40,1656.68,76.12,126.90,0.873584,-1,-1,-1
49,90,2070.15,2583.72,99.92,172.97,0.743484,-1,-1,-1
49,97,2163.27,1300.47,130.52,151.92,0.848995,-1,-1,-1
49,100,1132.38,892.74,93.06,147.92,0.848137,-1,-1,-1
49,109,1402.46,3031.63,72.86,87.24,0.780508,-1,-1,-1
49,112,1809.04,1015.85,119.03,146.61,0.743710,-1,-1,-1
49,69,1473.53,2529.13,123.19,143.96,0.907158,-1,-1,-1
49,71,1865.74,2591.28,118.97,148.92,0.922728,-1,-1,-1
49,75,1569.50,480.13,103.35,128.19,0.764221,-1,-1,-1
49,179,2286.78,2524.25,84.07,115.29,0.736231,-1,-1,-1
49,9,1990.92,1550.01,275.97,223.32,0.991585,-1,-1,-1
49,227,1706.47,3145.66,72.60,165.45,0.731816,-1,-1,-1
49,250,3230.48,794.02,90.27,109.39,0.834402,-1,-1,-1
49,8,2376.07,1890.37,105.87,194.03,0.777071,-1,-1,-1
49,116,3715.60,1368.81,112.67,125.42,0.795635,-1,-1,-1
49,53,2482.10,2132.36,150.61,212.12,0.855734,-1,-1,-1
49,230,4247.39,788.42,96.56,114.24,0.765469,-1,-1,-1
49,139,3374.49,2675.01,74.14,102.64,0.847288,-1,-1,-1
49,72,2212.15,680.86,110.53,155.56,0.929817,-1,-1,-1
49,83,1446.30,2060.83,125.80,156.30,0.975991,-1,-1,-1
49,87,3457.67,1646.99,116.26,170.30,0.802830,-1,-1,-1
49,35,1616.46,1425.43,122.92,169.64,0.647384,-1,-1,-1
49,239,3669.47,1098.26,108.25,127.78,0.743322,-1,-1,-1
49,85,4589.57,1255.10,117.80,141.48,0.923339,-1,-1,-1
49,44,2353.65,3105.49,238.27,213.90,0.872110,-1,-1,-1
49,96,1701.44,1917.92,95.68,120.43,0.906112,-1,-1,-1
49,420,3016.31,151.35,118.92,136.17,0.924811,-1,-1,-1
49,201,1130.32,2257.54,96.20,136.73,0.872183,-1,-1,-1
49,434,1628.52,1003.84,102.47,184.75,0.773329,-1,-1,-1
49,34,1786.29,722.44,139.54,193.93,0.756558,-1,-1,-1
49,122,2377.35,2183.48,103.29,145.88,0.793796,-1,-1,-1
49,455,2879.64,561.48,103.12,134.28,0.774969,-1,-1,-1
49,224,2578.00,1177.15,96.15,130.07,0.785986,-1,-1,-1
49,40,1080.74,604.13,149.20,188.98,0.870506,-1,-1,-1
49,272,4683.99,2425.26,89.12,84.38,0.709916,-1,-1,-1
49,234,1474.63,2299.10,118.35,142.81,0.924769,-1,-1,-1
49,446,4019.84,1908.70,140.67,116.21,0.794459,-1,-1,-1
49,187,3563.36,1790.44,113.40,109.26,0.775741,-1,-1,-1
49,477,3942.19,2737.88,76.00,116.20,0.770023,-1,-1,-1
49,1,2578.63,744.04,196.53,199.21,0.778644,-1,-1,-1
49,164,1848.58,1257.31,173.10,208.14,0.989454,-1,-1,-1
49,305,3564.25,2214.99,95.90,123.40,0.737643,-1,-1,-1
49,7,3700.66,648.83,225.77,248.09,0.807239,-1,-1,-1
49,138,1808.18,2873.73,106.33,148.52,0.610238,-1,-1,-1
49,229,4421.09,784.65,68.96,114.19,0.697605,-1,-1,-1
49,210,2795.31,205.42,83.75,138.38,0.924763,-1,-1,-1
49,235,4196.57,1064.17,68.10,82.27,0.658878,-1,-1,-1
49,188,1113.82,1606.15,107.07,120.44,0.833139,-1,-1,-1
49,163,3370.88,1372.43,77.94,124.66,0.695838,-1,-1,-1
49,101,3835.37,2814.97,109.48,134.26,0.853138,-1,-1,-1
49,115,1001.94,2426.72,97.57,130.94,0.603306,-1,-1,-1
49,155,1342.47,430.70,132.03,168.27,0.782144,-1,-1,-1
49,245,2678.91,1910.87,120.63,141.45,0.641066,-1,-1,-1
49,432,2649.51,2816.05,92.59,92.79,0.637970,-1,-1,-1
49,368,3718.36,2728.93,101.91,123.28,0.814029,-1,-1,-1
49,156,1402.58,1435.73,117.09,131.40,0.897333,-1,-1,-1
49,304,977.19,814.87,108.60,169.57,0.804571,-1,-1,-1
49,107,3768.44,2193.20,103.16,140.85,0.647950,-1,-1,-1
49,339,4663.15,-0.02,67.92,87.10,0.705930,-1,-1,-1
49,176,2887.16,1910.00,91.09,171.97,0.872463,-1,-1,-1
49,136,2273.01,500.63,99.71,130.00,0.660470,-1,-1,-1
49,13,2852.15,2581.78,189.28,202.58,0.843800,-1,-1,-1
49,511,1239.03,910.15,163.41,162.38,0.879214,-1,-1,-1
49,505,1015.01,1053.22,166.04,188.47,0.948466,-1,-1,-1
49,255,3021.88,1563.89,96.27,150.65,0.811831,-1,-1,-1
49,549,2986.58,650.75,108.55,114.45,0.763481,-1,-1,-1
49,326,4401.78,220.04,130.34,170.50,0.679229,-1,-1,-1
49,140,3467.91,2423.44,97.76,88.23,0.656353,-1,-1,-1
49,439,2602.06,275.18,110.85,129.46,0.767262,-1,-1,-1
49,463,1002.56,1381.76,82.14,111.15,0.684958,-1,-1,-1
49,451,1256.59,1821.99,100.49,154.43,0.610697,-1,-1,-1
49,465,3812.23,1933.27,66.06,100.46,0.621239,-1,-1,-1
49,166,2803.12,1553.48,116.71,146.15,0.588224,-1,-1,-1
49,68,991.39,2217.93,95.52,124.16,0.722407,-1,-1,-1
49,557,1267.20,1205.19,125.71,150.13,0.723553,-1,-1,-1
49,241,3806.40,19.53,92.20,153.20,0.667346,-1,-1,-1
49,106,4737.65,183.77,128.82,142.21,0.581687,-1,-1,-1
49,77,1591.97,2285.38,128.62,180.50,0.675947,-1,-1,-1
49,474,1142.29,432.05,124.58,143.06,0.890739,-1,-1,-1
49,223,2970.40,2319.00,125.17,119.56,0.627238,-1,-1,-1
49,540,3643.53,2395.15,70.95,136.35,0.653202,-1,-1,-1
49,63,1224.26,1559.66,218.83,200.62,0.873636,-1,-1,-1
49,558,1540.07,1636.18,72.60,136.13,0.596314,-1,-1,-1
49,78,1449.24,704.83,148.98,164.84,0.651696,-1,-1,-1
49,185,2575.28,2952.58,67.25,95.20,0.723853,-1,-1,-1
49,481,4731.61,1558.94,82.94,148.35,0.798494,-1,-1,-1
49,196,4038.51,2278.49,101.33,130.70,0.770265,-1,-1,-1
49,150,868.06,1204.00,64.37,117.30,0.648775,-1,-1,-1
49,105,2767.21,2028.50,112.69,104.70,0.803615,-1,-1,-1
49,403,2183.22,1924.40,118.56,166.14,0.606635,-1,-1,-1
49,316,2579.61,3121.02,73.59,155.80,0.593984,-1,-1,-1
49,480,4809.54,1960.51,158.80,178.13,0.607409,-1,-1,-1
49,548,3939.97,1328.86,98.17,130.33,0.655457,-1,-1,-1
49,121,1123.54,2461.67,74.02,134.98,0.607418,-1,-1,-1
49,48,1210.74,2265.80,101.60,133.95,0.587233,-1,-1,-1
49,57,1386.95,2863.15,118.51,143.56,0.782260,-1,-1,-1
49,287,1530.54,1226.22,86.22,139.82,0.655415,-1,-1,-1
49,171,4296.38,1882.23,64.81,120.48,0.605541,-1,-1,-1
49,445,3030.88,2471.67,74.62,97.84,0.697367,-1,-1,-1
49,496,4067.53,266.08,110.22,158.78,0.588881,-1,-1,-1
50,28,1838.25,980.32,286.71,231.01,0.980696,-1,-1,-1
50,33,1807.85,1896.94,236.38,212.59,0.989715,-1,-1,-1
50,42,1926.21,2258.36,131.55,152.79,0.823018,-1,-1,-1
50,50,1714.20,1301.41,125.19,134.10,0.959853,-1,-1,-1
50,65,1712.36,471.99,145.83,176.71,0.958381,-1,-1,-1
50,86,4287.61,1656.96,77.25,128.27,0.877636,-1,-1,-1
50,90,2072.88,2591.78,94.99,163.99,0.828500,-1,-1,-1
50,97,2163.30,1295.90,128.90,150.32,0.726222,-1,-1,-1
50,100,1130.88,892.68,93.21,149.18,0.844267,-1,-1,-1
50,109,1403.18,3032.80,71.89,85.80,0.765003,-1,-1,-1
50,112,1809.36,1016.24,118.42,146.14,0.740787,-1,-1,-1
50,69,1472.81,2527.63,123.86,144.94,0.897169,-1,-1,-1
50,71,1865.63,2590.88,119.13,149.65,0.929915,-1,-1,-1
50,75,1568.06,480.58,102.73,127.37,0.896476,-1,-1,-1
50,179,2286.50,2520.90,85.31,117.96,0.772348,-1,-1,-1
50,9,1989.51,1549.12,279.26,225.43,0.990029,-1,-1,-1
50,227,1705.53,3141.18,74.62,170.16,0.705256,-1,-1,-1
50,250,3230.42,794.34,89.91,108.89,0.833025,-1,-1,-1
50,8,2377.90,1890.91,103.34,189.84,0.800625,-1,-1,-1
50,116,3715.36,1368.66,112.76,125.94,0.802516,-1,-1,-1
50,53,2482.46,2132.18,150.28,212.00,0.759035,-1,-1,-1
50,230,4247.39,787.45,97.63,115.66,0.802898,-1,-1,-1
50,139,3374.09,2677.35,74.74,103.43,0.835335,-1,-1,-1
50,72,2211.66,680.50,111.77,155.94,0.929507,-1,-1,-1
50,83,1445.05,2062.18,125.34,155.76,0.961035,-1,-1,-1
50,87,3457.42,1643.11,117.51,173.55,0.808785,-1,-1,-1
50,35,1610.90,1410.84,132.29,184.32,0.790202,-1,-1,-1
50,85,4590.94,1256.65,117.94,140.67,0.925203,-1,-1,-1
50,44,2353.82,3105.20,238.98,214.89,0.895359,-1,-1,-1
50,96,1699.13,1920.27,94.34,119.29,0.908706,-1,-1,-1
50,420,3016.08,149.74,120.54,137.31,0.954096,-1,-1,-1
50,201,1129.32,2259.10,97.16,136.89,0.901870,-1,-1,-1
50,434,1628.46,1001.40,102.66,186.64,0.832544,-1,-1,-1
50,34,1785.27,722.49,139.54,193.73,0.746495,-1,-1,-1
50,122,2376.79,2182.51,104.13,147.28,0.783230,-1,-1,-1
50,455,2879.80,560.85,102.49,134.35,0.786609,-1,-1,-1
50,224,2578.72,1176.83,96.30,130.20,0.785985,-1,-1,-1
50,40,1086.70,602.56,150.56,191.15,0.815024,-1,-1,-1
50,272,4685.12,2425.17,89.84,84.47,0.757586,-1,-1,-1
50,234,1473.96,2298.89,118.07,142.36,0.921400,-1,-1,-1
50,446,4019.41,1908.96,140.48,116.10,0.798956,-1,-1,-1
50,187,3563.09,1790.43,113.61,109.32,0.742171,-1,-1,-1
50,477,3941.84,2735.57,77.55,119.23,0.695488,-1,-1,-1
50,1,2582.57,744.16,194.18,198.16,0.834850,-1,-1,-1
50,164,1849.40,1256.76,173.07,207.48,0.989595,-1,-1,-1
50,305,3563.86,2214.94,95.80,123.64,0.702937,-1,-1,-1
50,7,3699.95,647.79,225.71,249.67,0.852665,-1,-1,-1
50,138,1810.61,2873.58,109.19,152.12,0.641575,-1,-1,-1
50,229,4422.79,785.88,65.62,107.87,0.763933,-1,-1,-1
50,210,2794.82,204.82,84.66,139.49,0.869715,-1,-1,-1
50,235,4195.98,1063.29,68.48,82.95,0.732780,-1,-1,-1
50,188,1113.74,1606.09,105.62,119.43,0.806943,-1,-1,-1
50,163,3370.57,1372.95,78.52,124.10,0.698101,-1,-1,-1
50,101,3834.70,2813.17,112.49,138.29,0.783265,-1,-1,-1
50,115,1003.51,2424.54,98.51,132.59,0.696745,-1,-1,-1
50,155,1341.22,429.29,133.20,169.81,0.841168,-1,-1,-1
50,245,2679.05,1910.52,120.65,141.77,0.606376,-1,-1,-1
50,432,2648.89,2816.32,94.40,94.52,0.672528,-1,-1,-1
50,368,3717.20,2728.26,102.89,124.73,0.783883,-1,-1,-1
50,156,1403.29,1437.35,119.21,130.21,0.884176,-1,-1,-1
50,304,975.32,813.81,110.99,173.53,0.797478,-1,-1,-1
50,107,3768.55,2193.15,103.26,141.14,0.718766,-1,-1,-1
50,339,4661.98,-0.02,68.32,87.31,0.696771,-1,-1,-1
50,176,2887.03,1907.22,91.98,174.01,0.890491,-1,-1,-1
50,136,2274.39,504.29,97.72,126.35,0.677036,-1,-1,-1
50,13,2847.84,2582.26,192.25,202.13,0.901843,-1,-1,-1
50,511,1236.97,909.63,161.66,162.06,0.877186,-1,-1,-1
50,505,1017.14,1053.05,167.21,190.19,0.919637,-1,-1,-1
50,549,2983.37,647.49,111.36,117.90,0.733877,-1,-1,-1
50,326,4398.31,219.00,132.28,172.72,0.835681,-1,-1,-1
50,140,3467.96,2423.34,98.97,88.91,0.644003,-1,-1,-1
50,439,2603.44,275.29,109.61,129.23,0.797375,-1,-1,-1
50,463,992.39,1374.95,86.48,115.81,0.761149,-1,-1,-1
50,451,1255.00,1820.50,101.73,157.19,0.610007,-1,-1,-1
50,465,3811.17,1930.77,67.40,102.86,0.668690,-1,-1,-1
50,166,2803.04,1553.21,116.59,145.83,0.730980,-1,-1,-1
50,68,998.27,2217.30,92.97,122.14,0.831392,-1,-1,-1
50,557,1268.83,1205.21,124.04,148.25,0.592710,-1,-1,-1
50,241,3807.34,19.27,90.52,155.39,0.653642,-1,-1,-1
50,77,1593.24,2285.20,127.22,180.07,0.615335,-1,-1,-1
50,474,1139.80,426.01,129.35,149.27,0.877223,-1,-1,-1
50,223,2969.58,2319.04,125.70,119.86,0.615857,-1,-1,-1
50,540,3644.64,2401.11,69.15,132.36,0.656830,-1,-1,-1
50,63,1224.26,1560.12,217.48,200.25,0.905646,-1,-1,-1
50,558,1537.89,1633.95,73.48,137.53,0.720324,-1,-1,-1
50,196,4041.40,2278.77,99.18,127.86,0.679300,-1,-1,-1
50,105,2765.11,2028.36,115.45,105.05,0.808021,-1,-1,-1
50,563,1243.98,128.73,84.96,152.01,0.759390,-1,-1,-1
50,548,3940.46,1329.31,97.40,129.78,0.638851,-1,-1,-1
50,121,1123.94,2459.66,75.32,137.39,0.618451,-1,-1,-1
50,287,1533.79,1226.93,79.51,132.30,0.682061,-1,-1,-1
50,445,3029.84,2471.95,75.90,98.42,0.672221,-1,-1,-1
50,74,1119.22,3146.25,104.24,104.41,0.625001,-1,-1,-1
50,418,4473.97,2606.02,66.95,96.58,0.670055,-1,-1,-1
50,51,3451.79,292.69,250.36,246.43,0.733011,-1,-1,-1
50,365,1392.92,1065.28,73.15,112.18,0.641569,-1,-1,-1
50,419,4415.54,403.66,82.54,138.67,0.610887,-1,-1,-1
50,545,1032.77,0.02,64.83,64.34,0.601320,-1,-1,-1
50,361,2086.29,908.65,78.60,147.67,0.778521,-1,-1,-1
50,546,2010.81,649.55,110.23,144.35,0.697272,-1,-1,-1
50,73,977.89,1528.73,102.88,130.59,0.616660,-1,-1,-1
50,510,1227.68,2443.28,83.04,149.83,0.686037,-1,-1,-1
50,512,1357.08,1786.80,219.50,201.03,0.637939,-1,-1,-1
50,329,4055.84,2399.76,77.76,97.28,0.752704,-1,-1,-1
50,295,2400.93,1609.54,113.09,145.10,0.643142,-1,-1,-1
51,28,1841.22,980.65,281.77,230.46,0.943361,-1,-1,-1
51,33,1810.75,1897.14,235.69,212.40,0.991557,-1,-1,-1
51,42,1926.46,2258.13,132.02,153.53,0.848808,-1,-1,-1
51,50,1714.34,1301.52,124.81,133.97,0.949046,-1,-1,-1
51,65,1710.37,474.58,142.95,173.62,0.879885,-1,-1,-1
51,86,4287.21,1654.25,78.62,130.51,0.845409,-1,-1,-1
51,90,2071.35,2586.64,97.80,169.47,0.745500,-1,-1,-1
51,97,2162.50,1301.38,131.62,153.15,0.864491,-1,-1,-1
51,100,1128.36,893.36,92.69,146.45,0.878937,-1,-1,-1
51,109,1403.79,3033.46,71.24,84.73,0.778086,-1,-1,-1
51,112,1809.06,1015.91,118.27,146.34,0.791408,-1,-1,-1
51,69,1472.47,2526.81,124.45,145.79,0.906271,-1,-1,-1
51,71,1864.89,2590.46,120.48,152.03,0.928213,-1,-1,-1
51,75,1567.60,481.42,100.67,124.16,0.890018,-1,-1,-1
51,179,2286.33,2517.63,86.48,120.66,0.720115,-1,-1,-1
51,9,1989.54,1549.37,279.07,224.61,0.983941,-1,-1,-1
51,227,1704.76,3139.03,75.42,171.53,0.763817,-1,-1,-1
51,250,3230.31,794.62,89.74,108.65,0.827314,-1,-1,-1
51,8,2376.19,1890.19,104.97,193.19,0.773964,-1,-1,-1
51,116,3714.88,1369.02,112.46,126.06,0.857092,-1,-1,-1
51,53,2482.43,2131.75,150.47,212.42,0.722876,-1,-1,-1
51,230,4247.80,787.34,97.34,115.27,0.803124,-1,-1,-1
51,139,3373.54,2675.44,76.58,106.57,0.805568,-1,-1,-1
51,72,2211.59,679.98,112.79,156.14,0.925565,-1,-1,-1
51,83,1445.94,2062.16,125.50,155.53,0.976788,-1,-1,-1
51,87,3458.75,1645.06,115.74,171.76,0.831581,-1,-1,-1
51,35,1607.32,1405.30,136.14,191.28,0.717249,-1,-1,-1
51,85,4588.27,1252.92,121.48,145.09,0.773418,-1,-1,-1
51,44,2353.38,3105.28,239.49,215.73,0.888974,-1,-1,-1
51,96,1700.14,1918.99,95.89,119.57,0.916058,-1,-1,-1
51,420,3016.78,151.80,119.37,135.54,0.949254,-1,-1,-1
51,201,1132.16,2258.65,97.24,137.03,0.884934,-1,-1,-1
51,434,1629.43,1000.61,101.74,186.68,0.799882,-1,-1,-1
51,34,1783.26,721.97,139.72,194.30,0.749800,-1,-1,-1
51,122,2376.45,2182.90,104.17,147.49,0.811748,-1,-1,-1
51,455,2881.24,564.46,99.74,131.21,0.823641,-1,-1,-1
51,224,2579.08,1176.49,96.32,130.17,0.772193,-1,-1,-1
51,40,1092.32,601.17,151.30,192.15,0.796081,-1,-1,-1
51,272,4684.32,2425.15,92.11,86.17,0.725334,-1,-1,-1
51,234,1474.72,2299.38,117.37,141.28,0.914689,-1,-1,-1
51,446,4020.53,1908.82,140.29,115.89,0.764357,-1,-1,-1
51,187,3562.41,1789.62,114.61,110.05,0.729676,-1,-1,-1
51,477,3942.15,2732.97,79.83,123.97,0.776495,-1,-1,-1
51,1,2583.01,744.69,192.63,197.37,0.846225,-1,-1,-1
51,164,1848.36,1256.58,173.84,207.74,0.991881,-1,-1,-1
51,305,3564.07,2214.46,95.66,123.70,0.725211,-1,-1,-1
51,7,3700.90,648.32,223.41,248.57,0.764890,-1,-1,-1
51,138,1812.12,2874.09,110.71,153.14,0.668835,-1,-1,-1
51,229,4422.55,782.54,66.07,108.51,0.780841,-1,-1,-1
51,210,2797.61,206.09,84.11,138.11,0.918000,-1,-1,-1
51,235,4198.12,1067.09,65.12,78.16,0.747674,-1,-1,-1
51,188,1113.67,1606.10,105.52,119.07,0.824477,-1,-1,-1
51,163,3371.19,1376.29,77.43,120.70,0.688155,-1,-1,-1
51,101,3835.05,2812.80,113.39,139.50,0.827664,-1,-1,-1
51,115,999.96,2420.41,102.53,138.45,0.792578,-1,-1,-1
51,155,1340.57,430.40,132.99,169.96,0.829438,-1,-1,-1
51,245,2678.48,1910.77,120.20,141.77,0.681998,-1,-1,-1
51,432,2650.32,2816.75,91.04,90.61,0.642029,-1,-1,-1
51,368,3716.28,2725.46,105.01,127.65,0.731300,-1,-1,-1
51,156,1403.22,1438.02,121.69,129.97,0.881591,-1,-1,-1
51,304,976.04,814.95,108.87,170.08,0.768504,-1,-1,-1
51,107,3769.04,2193.45,102.68,140.43,0.705458,-1,-1,-1
51,339,4664.90,-0.02,67.70,86.59,0.795205,-1,-1,-1
51,176,2889.54,1918.98,85.95,160.00,0.785921,-1,-1,-1
51,136,2272.09,497.90,103.70,134.04,0.738981,-1,-1,-1
51,13,2844.87,2581.87,195.35,202.14,0.919685,-1,-1,-1
51,511,1245.99,909.13,160.44,162.33,0.678362,-1,-1,-1
51,505,1014.83,1054.22,166.53,188.64,0.929318,-1,-1,-1
51,549,2985.48,648.29,109.62,116.49,0.769704,-1,-1,-1
51,326,4400.57,218.31,133.65,174.57,0.839434,-1,-1,-1
51,140,3468.62,2423.38,99.66,89.22,0.690904,-1,-1,-1
51,439,2603.35,275.94,107.78,127.95,0.708504,-1,-1,-1
51,463,989.47,1375.20,86.89,114.83,0.630464,-1,-1,-1
51,451,1253.20,1820.44,102.78,158.42,0.811718,-1,-1,-1
51,166,2803.47,1554.20,116.11,145.00,0.850585,-1,-1,-1
51,68,985.44,2211.54,97.70,128.34,0.809552,-1,-1,-1
51,241,3809.39,22.31,86.49,151.90,0.673913,-1,-1,-1
51,474,1141.58,428.94,125.98,145.07,0.844640,-1,-1,-1
51,63,1222.70,1559.27,217.20,200.95,0.888407,-1,-1,-1
51,558,1536.00,1632.35,74.31,138.54,0.789760,-1,-1,-1
51,196,4044.70,2278.11,96.90,125.42,0.624788,-1,-1,-1
51,105,2759.55,2026.56,116.90,105.91,0.790637,-1,-1,-1
51,563,1239.92,134.95,85.62,153.17,0.889141,-1,-1,-1
51,548,3938.77,1325.44,99.76,133.64,0.675848,-1,-1,-1
51,287,1535.70,1226.84,77.68,131.87,0.757748,-1,-1,-1
51,419,4413.20,401.59,86.22,149.76,0.647627,-1,-1,-1
51,545,1024.03,0.02,64.72,64.25,0.620720,-1,-1,-1
51,510,1228.85,2442.43,84.02,151.08,0.713424,-1,-1,-1
51,512,1355.87,1787.28,218.93,200.51,0.716427,-1,-1,-1
51,329,4055.80,2398.18,77.89,96.94,0.782434,-1,-1,-1
51,367,3914.13,203.63,104.18,205.83,0.584193,-1,-1,-1
51,10,2966.84,2239.05,289.66,226.22,0.847387,-1,-1,-1
51,374,4425.42,932.93,66.39,89.32,0.696523,-1,-1,-1
51,530,4703.80,1354.92,115.52,155.60,0.763822,-1,-1,-1
51,200,4658.74,114.82,84.76,84.70,0.773256,-1,-1,-1
51,542,4467.17,2459.82,78.85,135.30,0.889226,-1,-1,-1
51,110,1484.87,91.08,73.33,102.65,0.657669,-1,-1,-1
51,334,3934.40,3296.51,82.59,109.16,0.761445,-1,-1,-1
51,52,1487.07,1013.54,113.67,153.43,0.659241,-1,-1,-1
51,239,3665.70,1098.82,112.19,132.80,0.603425,-1,-1,-1
51,185,2573.86,2952.03,68.93,96.74,0.743748,-1,-1,-1
51,481,4717.54,1540.40,105.24,193.78,0.662252,-1,-1,-1
51,316,2579.88,3119.75,80.18,164.98,0.701745,-1,-1,-1
51,171,4297.27,1883.36,63.12,115.38,0.627078,-1,-1,-1
52,28,1838.13,980.99,283.73,230.59,0.972837,-1,-1,-1
52,33,1811.15,1897.06,235.42,212.38,0.994236,-1,-1,-1
52,42,1926.49,2257.74,132.01,153.82,0.823117,-1,-1,-1
52,50,1714.57,1301.63,124.49,133.76,0.948238,-1,-1,-1
52,65,1718.86,473.98,141.02,172.22,0.830028,-1,-1,-1
52,86,4285.59,1652.06,80.72,134.40,0.864667,-1,-1,-1
52,90,2073.53,2595.70,92.80,160.17,0.821991,-1,-1,-1
52,97,2163.39,1295.81,129.29,150.77,0.751110,-1,-1,-1
52,100,1126.24,893.37,92.28,144.58,0.871328,-1,-1,-1
52,109,1399.86,3031.70,74.59,88.53,0.769230,-1,-1,-1
52,112,1808.85,1014.89,118.61,147.24,0.728656,-1,-1,-1
52,69,1474.56,2529.06,122.78,143.84,0.903027,-1,-1,-1
52,71,1866.74,2592.89,115.85,146.05,0.922764,-1,-1,-1
52,75,1567.68,482.94,97.91,120.26,0.922302,-1,-1,-1
52,179,2287.02,2520.74,84.12,117.80,0.796707,-1,-1,-1
52,9,1989.13,1548.28,280.62,225.46,0.982358,-1,-1,-1
52,227,1705.24,3140.96,74.80,170.10,0.722796,-1,-1,-1
52,250,3230.04,794.32,90.00,108.87,0.844120,-1,-1,-1
52,8,2378.08,1890.40,103.12,190.48,0.799912,-1,-1,-1
52,116,3715.98,1368.43,113.07,127.17,0.811007,-1,-1,-1
52,53,2483.95,2132.28,149.85,211.80,0.798139,-1,-1,-1
52,230,4247.62,787.59,97.19,115.20,0.812468,-1,-1,-1
52,139,3373.84,2674.79,76.80,107.49,0.808910,-1,-1,-1
52,72,2206.62,679.46,114.16,158.61,0.918784,-1,-1,-1
52,83,1444.18,2062.32,126.04,156.49,0.953923,-1,-1,-1
52,87,3459.55,1646.96,115.35,171.45,0.880309,-1,-1,-1
52,35,1609.31,1403.67,134.45,190.78,0.740121,-1,-1,-1
52,85,4589.33,1255.67,118.28,140.68,0.924658,-1,-1,-1
52,44,2353.95,3105.48,238.29,215.09,0.873430,-1,-1,-1
52,96,1700.77,1918.78,95.75,117.97,0.907951,-1,-1,-1
52,420,3015.73,149.08,121.23,137.38,0.961469,-1,-1,-1
52,201,1128.50,2264.50,92.90,130.16,0.789622,-1,-1,-1
52,434,1628.93,1000.71,101.65,187.65,0.826121,-1,-1,-1
52,34,1783.98,721.46,139.74,194.97,0.802257,-1,-1,-1
52,122,2375.75,2182.96,105.50,149.90,0.824411,-1,-1,-1
52,455,2882.09,564.20,99.32,130.92,0.838604,-1,-1,-1
52,224,2578.60,1176.80,95.79,129.63,0.790036,-1,-1,-1
52,40,1090.28,600.57,152.02,192.13,0.938573,-1,-1,-1
52,272,4684.01,2425.26,92.49,85.99,0.671482,-1,-1,-1
52,234,1474.22,2299.66,117.23,140.85,0.922907,-1,-1,-1
52,446,4019.56,1908.63,140.70,115.96,0.733512,-1,-1,-1
52,187,3563.13,1790.55,114.64,110.12,0.753666,-1,-1,-1
52,477,3942.50,2732.51,79.18,123.91,0.673284,-1,-1,-1
52,1,2583.24,743.91,192.75,198.16,0.877056,-1,-1,-1
52,164,1848.24,1256.55,173.79,206.97,0.990901,-1,-1,-1
52,305,3563.80,2214.17,95.61,123.84,0.713714,-1,-1,-1
52,7,3694.93,648.37,224.52,249.05,0.815653,-1,-1,-1
52,138,1812.06,2872.00,110.36,152.50,0.653865,-1,-1,-1
52,229,4421.85,786.12,67.58,111.39,0.719158,-1,-1,-1
52,210,2795.36,205.34,84.76,138.78,0.858001,-1,-1,-1
52,235,4197.72,1067.59,65.81,78.67,0.774199,-1,-1,-1
52,188,1115.25,1606.67,102.74,115.46,0.781081,-1,-1,-1
52,101,3834.46,2811.29,114.37,141.05,0.837950,-1,-1,-1
52,115,999.92,2420.35,101.92,138.67,0.595105,-1,-1,-1
52,155,1340.67,427.47,134.46,172.35,0.840975,-1,-1,-1
52,432,2649.63,2817.44,91.59,90.64,0.647669,-1,-1,-1
52,368,3717.81,2726.11,104.47,126.72,0.708873,-1,-1,-1
52,156,1401.41,1438.25,123.84,130.05,0.873880,-1,-1,-1
52,304,975.36,815.22,109.87,171.82,0.758823,-1,-1,-1
52,107,3769.30,2194.06,102.23,139.87,0.695412,-1,-1,-1
52,339,4668.21,-0.02,67.12,86.55,0.817254,-1,-1,-1
52,176,2887.68,1909.09,91.32,170.62,0.904803,-1,-1,-1
52,136,2270.87,494.34,106.36,138.05,0.739438,-1,-1,-1
52,13,2864.14,2582.63,192.20,201.80,0.757424,-1,-1,-1
52,511,1247.39,907.73,159.17,162.54,0.767717,-1,-1,-1
52,505,1013.29,1054.92,165.89,186.84,0.951486,-1,-1,-1
52,549,2986.69,649.40,109.04,116.16,0.800666,-1,-1,-1
52,140,3468.20,2423.33,100.09,89.31,0.709474,-1,-1,-1
52,439,2604.61,276.61,106.46,127.13,0.801044,-1,-1,-1
52,463,999.75,1380.41,82.79,109.92,0.590888,-1,-1,-1
52,451,1252.42,1820.32,103.26,158.92,0.795501,-1,-1,-1
52,166,2804.02,1555.69,115.06,143.26,0.817030,-1,-1,-1
52,68,986.36,2210.77,99.06,128.83,0.664551,-1,-1,-1
52,241,3808.33,18.49,88.01,158.92,0.641829,-1,-1,-1
52,474,1140.84,425.98,127.16,146.93,0.884237,-1,-1,-1
52,63,1221.86,1559.05,216.32,200.83,0.849458,-1,-1,-1
52,558,1535.78,1636.07,73.38,136.78,0.652900,-1,-1,-1
52,196,4045.41,2277.60,96.34,124.97,0.609553,-1,-1,-1
52,105,2761.87,2029.18,116.41,103.70,0.783629,-1,-1,-1
52,563,1240.48,136.10,85.53,153.38,0.835118,-1,-1,-1
52,548,3938.52,1324.77,99.56,134.00,0.691970,-1,-1,-1
52,287,1539.60,1230.98,72.87,125.00,0.723013,-1,-1,-1
52,545,1019.71,0.02,63.37,62.97,0.638218,-1,-1,-1
52,512,1356.59,1786.46,220.07,201.21,0.728753,-1,-1,-1
52,329,4055.57,2397.31,78.69,97.60,0.782164,-1,-1,-1
52,566,1083.27,1381.63,88.92,143.32,0.607385,-1,-1,-1
52,200,4658.97,113.75,84.15,85.45,0.794527,-1,-1,-1
52,542,4467.03,2466.24,77.75,131.86,0.693854,-1,-1,-1
52,110,1481.01,91.50,73.30,102.17,0.615186,-1,-1,-1
52,334,3930.47,3290.64,87.84,118.71,0.660249,-1,-1,-1
52,481,4724.83,1553.91,92.27,167.86,0.788409,-1,-1,-1
52,67,1338.45,244.54,89.40,113.04,0.583669,-1,-1,-1
52,95,1051.30,338.05,82.83,129.23,0.641076,-1,-1,-1
52,499,1676.60,2289.17,133.49,169.23,0.615050,-1,-1,-1
52,37,1522.42,203.97,110.56,174.43,0.624950,-1,-1,-1
52,39,1652.74,1612.98,225.02,194.80,0.653122,-1,-1,-1
52,517,4503.21,315.12,127.81,115.25,0.905695,-1,-1,-1
52,209,3127.91,1026.44,90.83,123.83,0.614335,-1,-1,-1
52,180,974.85,614.64,108.61,170.67,0.638894,-1,-1,-1
52,490,946.81,106.43,80.14,88.13,0.654234,-1,-1,-1
52,531,4453.90,3045.13,79.31,178.82,0.659635,-1,-1,-1
52,255,3026.28,1559.66,86.04,132.67,0.622693,-1,-1,-1
52,78,1447.21,704.58,150.67,170.70,0.609427,-1,-1,-1
52,480,4811.11,1960.79,156.58,176.85,0.591983,-1,-1,-1
52,48,1243.32,2243.54,136.29,168.83,0.974913,-1,-1,-1
52,57,1380.29,2850.52,128.35,158.34,0.682555,-1,-1,-1
52,496,4067.79,271.89,105.50,153.50,0.625856,-1,-1,-1
52,223,2969.84,2319.12,124.88,118.76,0.653483,-1,-1,-1
52,540,3645.31,2404.61,68.59,130.74,0.668237,-1,-1,-1
52,445,3028.95,2472.47,77.12,99.05,0.674429,-1,-1,-1
52,74,1124.75,3148.55,96.49,98.79,0.636629,-1,-1,-1
52,365,1391.25,1066.20,73.70,109.08,0.648132,-1,-1,-1
52,361,2083.22,902.97,77.95,148.58,0.639171,-1,-1,-1
52,546,2010.49,649.74,110.37,144.48,0.734347,-1,-1,-1
53,28,1835.72,980.95,286.31,230.99,0.965239,-1,-1,-1
53,33,1810.20,1896.77,235.88,212.88,0.993171,-1,-1,-1
53,42,1926.23,2257.59,131.97,154.14,0.820430,-1,-1,-1
53,50,1714.44,1301.89,124.70,134.12,0.944193,-1,-1,-1
53,65,1722.95,475.24,138.66,170.20,0.822258,-1,-1,-1
53,86,4282.59,1648.75,86.13,144.96,0.868096,-1,-1,-1
53,90,2074.20,2599.03,91.26,157.02,0.804839,-1,-1,-1
53,97,2163.78,1292.85,128.12,149.84,0.735400,-1,-1,-1
53,100,1125.53,893.12,92.42,143.64,0.891450,-1,-1,-1
53,109,1399.06,3032.20,73.52,87.14,0.747307,-1,-1,-1
53,112,1808.95,1014.91,118.17,147.02,0.722547,-1,-1,-1
53,69,1473.39,2528.45,123.15,144.40,0.897870,-1,-1,-1
53,71,1866.97,2593.90,114.48,144.18,0.921499,-1,-1,-1
53,75,1567.03,482.20,99.49,121.86,0.868603,-1,-1,-1
53,179,2287.83,2526.49,81.74,114.31,0.798124,-1,-1,-1
53,9,1989.79,1547.08,281.19,225.63,0.974768,-1,-1,-1
53,227,1703.85,3138.30,75.06,169.67,0.724852,-1,-1,-1
53,250,3230.41,794.34,89.97,108.82,0.831600,-1,-1,-1
53,8,2376.61,1890.14,104.84,194.30,0.774659,-1,-1,-1
53,116,3715.63,1368.34,112.09,126.52,0.840497,-1,-1,-1
53,53,2483.03,2132.32,149.56,211.54,0.771803,-1,-1,-1
53,230,4249.06,789.55,96.54,113.72,0.761895,-1,-1,-1
53,139,3374.08,2674.83,76.33,107.28,0.811763,-1,-1,-1
53,72,2207.11,677.65,116.44,161.31,0.920631,-1,-1,-1
53,83,1445.91,2060.72,126.25,156.24,0.976360,-1,-1,-1
53,87,3459.40,1644.33,116.59,174.12,0.887532,-1,-1,-1
53,35,1607.63,1403.33,134.50,193.24,0.748530,-1,-1,-1
53,85,4589.74,1257.38,117.34,139.04,0.908883,-1,-1,-1
53,44,2355.55,3105.53,237.48,214.66,0.816652,-1,-1,-1
53,96,1700.29,1917.78,98.28,119.54,0.886528,-1,-1,-1
53,420,3016.38,149.21,121.21,137.05,0.956710,-1,-1,-1
53,201,1132.55,2258.78,96.31,135.27,0.845338,-1,-1,-1
53,434,1629.58,1000.61,100.87,187.42,0.827608,-1,-1,-1
53,34,1783.22,721.31,140.23,195.03,0.757222,-1,-1,-1
53,122,2375.66,2183.50,105.33,150.01,0.819843,-1,-1,-1
53,455,2881.94,564.27,98.89,130.86,0.808992,-1,-1,-1
53,224,2578.51,1175.79,96.24,130.38,0.733764,-1,-1,-1
53,40,1068.24,600.92,154.91,192.22,0.671146,-1,-1,-1
53,272,4683.82,2425.53,92.22,85.33,0.632670,-1,-1,-1
53,234,1474.42,2298.50,117.28,141.49,0.891698,-1,-1,-1
53,446,4019.80,1908.64,140.96,116.10,0.791852,-1,-1,-1
53,187,3563.54,1791.00,113.80,109.05,0.742945,-1,-1,-1
53,477,3944.24,2730.14,80.56,126.71,0.673324,-1,-1,-1
53,1,2584.58,742.66,193.11,199.31,0.884534,-1,-1,-1
53,164,1848.34,1256.28,173.68,206.22,0.990442,-1,-1,-1
53,305,3563.91,2214.16,95.32,123.56,0.719444,-1,-1,-1
53,7,3691.80,648.41,225.59,249.19,0.844880,-1,-1,-1
53,138,1810.82,2871.04,111.45,153.68,0.656882,-1,-1,-1
53,229,4426.44,779.19,67.94,111.25,0.739739,-1,-1,-1
53,210,2795.76,207.18,84.07,137.53,0.928096,-1,-1,-1
53,235,4198.72,1068.41,65.12,77.21,0.769553,-1,-1,-1
53,188,1113.06,1605.55,104.78,117.29,0.811975,-1,-1,-1
53,101,3834.83,2811.37,113.89,140.77,0.800689,-1,-1,-1
53,115,998.19,2416.59,105.46,144.07,0.729181,-1,-1,-1
53,155,1340.28,426.97,135.02,173.45,0.827395,-1,-1,-1
53,432,2649.79,2818.28,92.18,90.72,0.645499,-1,-1,-1
53,368,3717.29,2725.76,104.51,126.97,0.664567,-1,-1,-1
53,156,1402.18,1438.71,125.70,129.80,0.881554,-1,-1,-1
53,304,975.30,813.82,110.54,173.30,0.828713,-1,-1,-1
53,107,3769.56,2194.84,101.97,139.52,0.723140,-1,-1,-1
53,339,4667.68,-0.02,66.39,85.60,0.800085,-1,-1,-1
53,136,2271.14,494.23,106.03,137.90,0.744184,-1,-1,-1
53,511,1246.38,909.14,155.83,161.02,0.804354,-1,-1,-1
53,505,1012.48,1055.28,165.68,185.45,0.947851,-1,-1,-1
53,549,2985.81,649.43,108.87,116.52,0.737047,-1,-1,-1
53,439,2597.59,278.67,124.61,149.64,0.914705,-1,-1,-1
53,451,1251.89,1821.05,103.26,158.42,0.838697,-1,-1,-1
53,166,2804.31,1556.31,114.93,142.60,0.794747,-1,-1,-1
53,241,3810.02,22.58,84.05,154.38,0.674947,-1,-1,-1
53,474,1143.93,429.72,123.83,142.75,0.876544,-1,-1,-1
53,63,1221.65,1559.37,213.90,199.33,0.954244,-1,-1,-1
53,196,4043.82,2277.62,97.56,127.01,0.709234,-1,-1,-1
53,105,2764.71,2031.46,115.92,101.87,0.797082,-1,-1,-1
53,563,1241.50,134.70,86.24,155.09,0.783825,-1,-1,-1
53,548,3939.56,1326.80,97.73,132.05,0.629820,-1,-1,-1
53,287,1535.77,1233.01,70.78,121.72,0.662574,-1,-1,-1
53,545,1019.15,0.02,63.17,62.98,0.586738,-1,-1,-1
53,329,4055.81,2399.03,77.97,96.42,0.750322,-1,-1,-1
53,566,1082.46,1383.59,88.26,141.95,0.663248,-1,-1,-1
53,200,4659.80,113.63,83.54,86.07,0.777521,-1,-1,-1
53,542,4466.59,2450.89,83.42,140.91,0.594933,-1,-1,-1
53,110,1482.10,90.63,73.40,102.99,0.698035,-1,-1,-1
53,334,3934.57,3293.96,84.72,115.60,0.723421,-1,-1,-1
53,37,1521.36,203.72,109.62,177.61,0.591573,-1,-1,-1
53,78,1444.09,704.17,152.72,175.62,0.610814,-1,-1,-1
53,223,2969.86,2318.45,125.77,119.40,0.754198,-1,-1,-1
53,540,3644.86,2404.89,69.28,131.53,0.666892,-1,-1,-1
53,365,1390.51,1064.92,76.74,110.14,0.701526,-1,-1,-1
53,361,2083.98,902.14,79.22,152.95,0.588490,-1,-1,-1
53,546,2010.02,649.34,110.78,145.04,0.723402,-1,-1,-1
53,437,844.14,2388.08,68.10,153.48,0.596684,-1,-1,-1
53,431,1895.86,3342.34,182.00,164.38,0.626385,-1,-1,-1
53,76,1355.33,1198.02,148.34,172.41,0.629653,-1,-1,-1
53,423,1597.60,1637.13,99.54,144.94,0.757169,-1,-1,-1
53,242,3022.31,2589.99,102.19,178.15,0.585345,-1,-1,-1
53,465,3812.85,1931.97,66.25,100.99,0.595595,-1,-1,-1
53,163,3372.48,1382.01,75.43,115.39,0.681202,-1,-1,-1
53,510,1227.21,2439.37,84.72,152.84,0.719213,-1,-1,-1
53,530,4711.99,1353.39,113.40,156.64,0.618902,-1,-1,-1
53,52,1489.12,1007.75,118.00,159.77,0.710546,-1,-1,-1
53,185,2571.87,2950.59,70.13,98.15,0.693463,-1,-1,-1
54,28,1834.46,981.05,287.86,230.98,0.959908,-1,-1,-1
54,33,1808.52,1896.03,237.01,213.80,0.992481,-1,-1,-1
54,42,1926.22,2257.11,132.52,155.15,0.823822,-1,-1,-1
54,50,1715.27,1301.71,125.02,134.58,0.956778,-1,-1,-1
54,65,1719.20,475.14,140.14,171.07,0.925012,-1,-1,-1
54,86,4284.25,1662.52,81.99,137.27,0.666837,-1,-1,-1
54,90,2073.68,2598.97,92.52,158.72,0.821311,-1,-1,-1
54,97,2163.63,1292.39,127.33,149.34,0.743401,-1,-1,-1
54,100,1123.48,891.41,93.55,145.43,0.883275,-1,-1,-1
54,109,1398.25,3032.42,73.09,86.57,0.733743,-1,-1,-1
54,112,1809.58,1015.62,117.26,146.10,0.732087,-1,-1,-1
54,69,1472.67,2527.68,123.52,144.97,0.894950,-1,-1,-1
54,71,1866.78,2593.88,114.52,144.26,0.918750,-1,-1,-1
54,75,1567.11,482.48,100.08,122.33,0.885007,-1,-1,-1
54,9,1988.06,1547.37,282.48,226.23,0.993759,-1,-1,-1
54,227,1703.59,3137.09,76.86,174.19,0.699968,-1,-1,-1
54,250,3230.82,794.10,90.24,109.04,0.845742,-1,-1,-1
54,8,2376.39,1890.07,105.12,195.52,0.775465,-1,-1,-1
54,116,3716.98,1367.91,112.51,127.13,0.822386,-1,-1,-1
54,53,2483.82,2132.24,150.03,212.22,0.809308,-1,-1,-1
54,230,4248.30,788.59,96.96,114.23,0.814566,-1,-1,-1
54,139,3373.87,2674.51,76.30,107.66,0.807762,-1,-1,-1
54,72,2203.10,675.82,118.27,165.22,0.921114,-1,-1,-1
54,83,1447.31,2061.54,126.27,155.40,0.979460,-1,-1,-1
54,87,3459.97,1645.39,114.82,172.02,0.831656,-1,-1,-1
54,35,1607.77,1402.37,133.70,193.52,0.839757,-1,-1,-1
54,85,4590.73,1257.40,118.52,139.55,0.918705,-1,-1,-1
54,44,2355.22,3105.63,237.51,215.33,0.880438,-1,-1,-1
54,96,1698.85,1918.62,99.02,121.11,0.891998,-1,-1,-1
54,420,3014.99,149.36,121.31,137.32,0.895438,-1,-1,-1
54,201,1136.96,2256.07,96.74,136.92,0.823557,-1,-1,-1
54,434,1630.05,1000.78,100.05,186.90,0.862228,-1,-1,-1
54,34,1783.61,721.40,140.32,194.73,0.772306,-1,-1,-1
54,122,2375.46,2183.31,105.79,151.08,0.828984,-1,-1,-1
54,455,2881.92,563.81,98.69,131.00,0.810172,-1,-1,-1
54,224,2578.14,1175.81,96.00,130.34,0.741455,-1,-1,-1
54,40,1078.90,601.43,154.27,191.63,0.796043,-1,-1,-1
54,272,4683.08,2425.40,92.11,84.88,0.615033,-1,-1,-1
54,234,1474.85,2298.63,117.72,142.35,0.924831,-1,-1,-1
54,446,4019.70,1908.77,140.92,115.93,0.785376,-1,-1,-1
54,187,3563.61,1791.08,114.58,109.57,0.714374,-1,-1,-1
54,1,2582.36,741.86,194.12,200.23,0.877682,-1,-1,-1
54,164,1848.41,1256.01,175.06,207.61,0.985971,-1,-1,-1
54,305,3564.29,2214.34,94.82,123.03,0.697319,-1,-1,-1
54,7,3694.79,645.91,227.14,252.38,0.927197,-1,-1,-1
54,138,1809.74,2866.43,119.04,164.90,0.621350,-1,-1,-1
54,229,4427.23,785.95,61.75,99.31,0.706400,-1,-1,-1
54,210,2795.11,206.38,85.07,138.81,0.910382,-1,-1,-1
54,235,4197.66,1067.17,66.56,78.50,0.765396,-1,-1,-1
54,188,1113.93,1607.56,105.12,117.41,0.813658,-1,-1,-1
54,101,3835.73,2812.18,113.43,139.93,0.786670,-1,-1,-1
54,115,997.08,2417.30,105.34,144.40,0.705358,-1,-1,-1
54,155,1340.23,428.87,133.66,172.35,0.829429,-1,-1,-1
54,432,2649.74,2817.69,92.18,90.56,0.675143,-1,-1,-1
54,368,3715.02,2723.86,105.69,129.01,0.693751,-1,-1,-1
54,156,1401.86,1438.58,127.63,129.78,0.867439,-1,-1,-1
54,304,976.09,815.77,109.79,172.26,0.780145,-1,-1,-1
54,107,3769.82,2195.53,101.62,138.94,0.746043,-1,-1,-1
54,339,4666.68,-0.01,67.90,87.99,0.812591,-1,-1,-1
54,136,2271.21,494.20,106.76,139.57,0.737430,-1,-1,-1
54,511,1243.74,907.92,156.44,162.44,0.859060,-1,-1,-1
54,505,1014.62,1055.75,165.18,184.22,0.938272,-1,-1,-1
54,549,2985.67,650.07,107.87,115.92,0.707810,-1,-1,-1
54,439,2602.29,278.16,113.16,136.24,0.766599,-1,-1,-1
54,166,2804.00,1556.46,115.53,143.09,0.859736,-1,-1,-1
54,241,3809.14,20.73,84.53,158.23,0.642504,-1,-1,-1
54,474,1149.59,441.24,114.28,129.97,0.766400,-1,-1,-1
54,63,1224.24,1560.10,213.41,199.25,0.949886,-1,-1,-1
54,196,4045.49,2278.14,96.53,126.19,0.625711,-1,-1,-1
54,105,2764.16,2030.75,116.73,102.18,0.732826,-1,-1,-1
54,563,1240.19,132.40,85.56,153.59,0.921117,-1,-1,-1
54,548,3941.53,1331.29,94.59,128.07,0.642067,-1,-1,-1
54,287,1529.60,1235.31,76.61,133.30,0.722386,-1,-1,-1
54,545,1021.54,0.02,64.76,64.85,0.679640,-1,-1,-1
54,329,4056.37,2399.40,77.45,95.23,0.744400,-1,-1,-1
54,110,1478.82,90.85,73.81,102.77,0.699835,-1,-1,-1
54,334,3938.88,3292.63,83.62,114.91,0.676033,-1,-1,-1
54,78,1445.28,703.89,151.00,175.85,0.631632,-1,-1,-1
54,540,3644.31,2405.54,68.93,129.93,0.589472,-1,-1,-1
54,361,2084.38,902.88,78.46,152.95,0.616197,-1,-1,-1
54,546,2011.52,650.67,109.66,143.48,0.708926,-1,-1,-1
54,423,1598.45,1636.36,99.16,145.04,0.755994,-1,-1,-1
54,510,1228.85,2438.83,85.81,154.48,0.793510,-1,-1,-1
54,52,1489.26,1003.68,120.78,164.83,0.794894,-1,-1,-1
54,185,2573.83,2948.89,71.27,99.84,0.710815,-1,-1,-1
54,502,1061.75,1738.59,122.86,133.27,0.653614,-1,-1,-1
54,159,1007.25,2017.58,106.25,124.94,0.630072,-1,-1,-1
54,522,3165.11,256.26,69.43,100.37,0.592393,-1,-1,-1
54,150,868.23,1175.13,79.52,141.39,0.903792,-1,-1,-1
54,403,2173.82,1912.05,120.82,168.09,0.637017,-1,-1,-1
54,77,1592.49,2285.42,126.79,180.44,0.601551,-1,-1,-1
54,121,1121.53,2461.35,75.77,137.33,0.591333,-1,-1,-1
54,418,4471.21,2596.46,80.54,113.06,0.602143,-1,-1,-1
54,51,3450.22,289.68,247.69,249.22,0.616579,-1,-1,-1
54,245,2680.16,1911.24,119.67,141.50,0.624915,-1,-1,-1
54,367,3921.95,205.24,94.35,175.63,0.610311,-1,-1,-1
54,10,2966.37,2238.14,290.26,227.00,0.874341,-1,-1,-1
54,374,4426.28,925.62,67.89,92.17,0.670677,-1,-1,-1
54,316,2580.14,3120.04,83.80,168.25,0.721725,-1,-1,-1
54,176,2890.44,1923.66,84.40,155.16,0.747494,-1,-1,-1
54,13,2851.30,2583.38,194.64,201.41,0.908981,-1,-1,-1
54,463,1021.20,1386.27,74.35,100.50,0.613186,-1,-1,-1
54,255,3026.78,1559.96,85.10,129.04,0.636562,-1,-1,-1
54,496,4065.59,274.33,104.38,152.10,0.585341,-1,-1,-1
54,74,1126.64,3146.39,96.05,100.05,0.676820,-1,-1,-1
55,28,1834.13,980.72,289.09,231.41,0.969019,-1,-1,-1
55,33,1809.12,1895.80,236.87,213.79,0.992117,-1,-1,-1
55,42,1926.13,2256.67,132.61,155.57,0.817308,-1,-1,-1
55,50,1714.68,1301.30,125.18,134.63,0.941381,-1,-1,-1
55,65,1710.73,474.24,143.94,173.50,0.952444,-1,-1,-1
55,86,4283.93,1652.03,83.57,140.94,0.865246,-1,-1,-1
55,90,2072.78,2598.60,94.28,161.84,0.801337,-1,-1,-1
55,97,2163.43,1291.59,127.72,150.21,0.763360,-1,-1,-1
55,100,1123.35,891.05,94.40,146.34,0.867590,-1,-1,-1
55,109,1396.60,3030.66,75.16,89.64,0.788575,-1,-1,-1
55,112,1809.80,1015.51,117.09,146.11,0.730159,-1,-1,-1
55,69,1472.70,2528.31,123.29,144.79,0.898588,-1,-1,-1
55,71,1867.38,2594.02,113.12,142.43,0.893662,-1,-1,-1
55,75,1566.89,481.50,100.79,122.99,0.843306,-1,-1,-1
55,9,1988.22,1548.63,281.46,224.72,0.988106,-1,-1,-1
55,227,1701.36,3141.07,73.57,164.80,0.825392,-1,-1,-1
55,250,3231.19,793.71,90.17,108.87,0.838841,-1,-1,-1
55,8,2378.06,1890.53,103.28,192.61,0.772374,-1,-1,-1
55,116,3717.65,1367.85,112.40,127.14,0.824526,-1,-1,-1
55,53,2483.83,2132.33,150.01,212.06,0.817808,-1,-1,-1
55,230,4247.91,788.56,96.72,113.98,0.812180,-1,-1,-1
55,139,3374.65,2676.64,75.15,105.90,0.820176,-1,-1,-1
55,72,2204.96,673.31,119.31,166.18,0.909912,-1,-1,-1
55,83,1445.30,2062.45,126.26,155.25,0.973051,-1,-1,-1
55,87,3460.25,1644.93,115.42,173.44,0.864870,-1,-1,-1
55,35,1609.37,1403.94,130.69,190.90,0.752427,-1,-1,-1
55,85,4588.56,1254.30,122.06,143.47,0.931712,-1,-1,-1
55,44,2357.08,3106.17,236.82,215.37,0.873261,-1,-1,-1
55,96,1699.28,1918.26,98.94,120.17,0.859758,-1,-1,-1
55,420,3014.65,149.39,121.15,137.31,0.893454,-1,-1,-1
55,201,1138.80,2255.45,96.01,136.82,0.807684,-1,-1,-1
55,434,1629.97,1000.45,99.81,187.40,0.813022,-1,-1,-1
55,34,1783.11,721.98,140.27,194.12,0.764048,-1,-1,-1
55,122,2375.58,2183.19,104.85,149.90,0.810638,-1,-1,-1
55,455,2882.06,563.49,99.44,132.16,0.815740,-1,-1,-1
55,224,2577.74,1175.05,96.02,130.83,0.694525,-1,-1,-1
55,40,1082.51,602.02,152.06,190.32,0.748903,-1,-1,-1
55,272,4681.83,2427.01,88.95,82.05,0.635737,-1,-1,-1
55,234,1474.58,2298.96,117.50,142.01,0.928841,-1,-1,-1
55,446,4019.31,1908.51,141.12,116.02,0.809626,-1,-1,-1
55,187,3564.33,1792.55,112.82,107.67,0.741385,-1,-1,-1
55,1,2584.47,742.01,193.01,199.93,0.899073,-1,-1,-1
55,164,1848.09,1256.21,175.88,208.34,0.988685,-1,-1,-1
55,305,3564.06,2214.33,95.05,123.48,0.698267,-1,-1,-1
55,7,3692.82,646.73,225.97,250.91,0.819765,-1,-1,-1
55,138,1810.34,2871.70,117.59,162.14,0.752843,-1,-1,-1
55,229,4427.20,786.72,60.85,96.60,0.768989,-1,-1,-1
55,210,2794.00,204.42,85.93,140.22,0.930233,-1,-1,-1
55,235,4198.51,1068.93,65.41,76.63,0.769233,-1,-1,-1
55,188,1113.47,1607.74,105.60,117.57,0.827410,-1,-1,-1
55,101,3834.95,2811.32,113.99,140.83,0.836362,-1,-1,-1
55,115,998.02,2417.80,104.36,143.33,0.717376,-1,-1,-1
55,155,1340.61,427.33,133.98,173.28,0.840250,-1,-1,-1
55,432,2650.04,2817.96,92.67,90.71,0.631881,-1,-1,-1
55,368,3714.83,2723.96,105.41,129.18,0.692230,-1,-1,-1
55,156,1399.65,1437.30,129.97,130.89,0.879046,-1,-1,-1
55,304,975.72,816.18,109.57,172.07,0.641393,-1,-1,-1
55,107,3769.98,2195.43,101.38,138.57,0.740081,-1,-1,-1
55,339,4665.27,-0.01,67.69,88.22,0.644090,-1,-1,-1
55,136,2272.24,496.48,103.52,135.51,0.736794,-1,-1,-1
55,511,1245.54,908.36,156.59,162.46,0.914412,-1,-1,-1
55,505,1014.02,1055.68,166.33,184.89,0.960543,-1,-1,-1
55,549,2985.00,649.38,107.89,116.56,0.736239,-1,-1,-1
55,439,2596.36,279.00,127.07,153.53,0.927043,-1,-1,-1
55,166,2803.79,1556.07,115.91,143.32,0.810100,-1,-1,-1
55,241,3809.34,20.04,83.71,159.26,0.640561,-1,-1,-1
55,474,1150.33,445.88,112.06,126.25,0.804186,-1,-1,-1
55,63,1223.46,1559.31,215.61,201.98,0.944715,-1,-1,-1
55,105,2764.24,2031.25,117.90,102.12,0.769464,-1,-1,-1
55,563,1238.73,130.67,86.32,154.70,0.923480,-1,-1,-1
55,287,1536.63,1235.03,71.55,125.05,0.673908,-1,-1,-1
55,545,1023.62,0.02,64.25,64.44,0.669958,-1,-1,-1
55,329,4054.48,2395.13,81.08,99.71,0.767886,-1,-1,-1
55,334,3941.89,3296.82,80.16,109.87,0.730198,-1,-1,-1
55,78,1446.30,704.26,149.75,176.28,0.609379,-1,-1,-1
55,361,2085.07,903.59,79.31,156.05,0.638775,-1,-1,-1
55,546,2010.29,650.12,110.44,144.37,0.716317,-1,-1,-1
55,510,1228.58,2438.23,86.38,155.71,0.666684,-1,-1,-1
55,185,2574.01,2949.62,70.58,98.78,0.632526,-1,-1,-1
55,577,1054.73,3237.65,91.61,111.51,0.625389,-1,-1,-1
55,159,1006.12,2017.28,105.64,125.21,0.638476,-1,-1,-1
55,77,1594.44,2285.31,125.46,179.51,0.630229,-1,-1,-1
55,121,1120.27,2459.08,77.78,140.47,0.699337,-1,-1,-1
55,51,3454.62,290.48,247.06,248.45,0.764134,-1,-1,-1
55,374,4427.45,928.75,66.57,90.07,0.596916,-1,-1,-1
55,316,2577.24,3118.77,85.88,171.19,0.674715,-1,-1,-1
55,176,2888.80,1920.93,88.40,162.43,0.846651,-1,-1,-1
55,13,2853.65,2583.54,195.38,201.43,0.838571,-1,-1,-1
55,255,3025.15,1561.17,88.91,133.63,0.816489,-1,-1,-1
55,496,4067.55,272.90,104.95,153.08,0.628109,-1,-1,-1
55,74,1126.71,3143.94,96.67,102.31,0.604008,-1,-1,-1
55,326,4411.03,221.83,129.07,171.49,0.653162,-1,-1,-1
55,419,4416.16,407.44,82.08,146.30,0.737917,-1,-1,-1
55,171,4300.17,1888.03,55.37,96.94,0.642122,-1,-1,-1
55,558,1533.98,1633.94,75.32,139.94,0.753371,-1,-1,-1
55,179,2287.06,2519.62,84.68,119.70,0.614042,-1,-1,-1
55,477,3945.66,2731.98,79.39,126.32,0.702159,-1,-1,-1
55,542,4463.14,2452.62,86.61,145.12,0.877180,-1,-1,-1
55,37,1521.52,204.32,107.75,178.36,0.616448,-1,-1,-1
55,223,2969.81,2319.11,124.67,118.09,0.721209,-1,-1,-1
55,365,1389.50,1065.74,77.29,108.60,0.586069,-1,-1,-1
55,242,3027.32,2590.94,93.70,165.78,0.603566,-1,-1,-1
55,465,3813.68,1928.23,68.58,104.38,0.581574,-1,-1,-1
55,163,3372.39,1383.30,75.98,114.23,0.653582,-1,-1,-1
56,28,1833.62,980.66,289.97,231.52,0.971440,-1,-1,-1
56,33,1809.99,1896.87,235.52,212.63,0.992458,-1,-1,-1
56,42,1925.50,2256.41,132.33,155.55,0.794651,-1,-1,-1
56,50,1713.33,1301.02,125.38,134.76,0.927225,-1,-1,-1
56,65,1707.52,472.65,149.06,175.93,0.983737,-1,-1,-1
56,86,4283.41,1648.54,86.02,146.44,0.861377,-1,-1,-1
56,90,2073.44,2600.59,92.91,158.57,0.826274,-1,-1,-1
56,97,2163.49,1291.49,127.54,150.40,0.766163,-1,-1,-1
56,100,1122.86,890.57,93.26,144.53,0.857005,-1,-1,-1
56,109,1397.00,3030.56,75.86,90.25,0.773230,-1,-1,-1
56,112,1809.62,1014.35,117.60,147.12,0.712356,-1,-1,-1
56,69,1471.94,2526.77,124.35,146.20,0.912326,-1,-1,-1
56,71,1866.61,2592.72,115.20,145.32,0.899522,-1,-1,-1
56,75,1565.25,475.79,105.10,128.83,0.818376,-1,-1,-1
56,9,1988.06,1547.17,282.91,225.56,0.976502,-1,-1,-1
56,227,1696.70,3141.53,72.50,159.63,0.874027,-1,-1,-1
56,250,3231.84,794.57,89.39,107.74,0.828759,-1,-1,-1
56,8,2377.05,1889.71,103.19,192.46,0.777157,-1,-1,-1
56,116,3716.66,1368.00,111.87,126.94,0.778888,-1,-1,-1
56,53,2484.03,2132.12,150.34,212.46,0.809324,-1,-1,-1
56,230,4247.92,788.54,96.53,113.70,0.824521,-1,-1,-1
56,139,3375.38,2678.24,74.60,105.17,0.811664,-1,-1,-1
56,72,2202.23,673.42,119.32,167.32,0.920444,-1,-1,-1
56,83,1444.57,2062.83,125.96,155.08,0.966645,-1,-1,-1
56,87,3459.47,1641.65,116.81,176.16,0.884649,-1,-1,-1
56,35,1609.10,1403.18,130.91,193.28,0.678980,-1,-1,-1
56,85,4589.73,1255.23,121.95,142.38,0.928831,-1,-1,-1
56,44,2357.75,3106.21,235.88,214.79,0.851319,-1,-1,-1
56,96,1698.75,1917.84,99.63,119.66,0.904696,-1,-1,-1
56,420,3014.42,149.77,120.64,137.08,0.877748,-1,-1,-1
56,201,1138.63,2254.74,94.36,136.32,0.635345,-1,-1,-1
56,434,1630.03,1000.94,99.28,187.14,0.877390,-1,-1,-1
56,34,1781.43,721.81,141.17,194.47,0.738023,-1,-1,-1
56,122,2375.76,2183.25,104.30,149.30,0.804752,-1,-1,-1
56,455,2882.69,564.41,98.82,131.33,0.836098,-1,-1,-1
56,224,2576.77,1175.47,95.30,130.55,0.772773,-1,-1,-1
56,40,1085.59,601.90,151.26,189.76,0.879681,-1,-1,-1
56,272,4681.76,2427.66,87.59,80.93,0.659355,-1,-1,-1
56,234,1476.05,2300.93,115.48,139.05,0.922719,-1,-1,-1
56,446,4018.96,1908.69,141.02,116.02,0.785326,-1,-1,-1
56,187,3564.53,1792.88,113.11,108.00,0.737578,-1,-1,-1
56,1,2585.49,741.90,192.18,199.91,0.893908,-1,-1,-1
56,164,1847.86,1256.29,175.07,206.82,0.991524,-1,-1,-1
56,305,3563.94,2214.08,95.53,124.36,0.710792,-1,-1,-1
56,7,3692.42,646.88,225.54,250.26,0.839904,-1,-1,-1
56,138,1808.60,2871.14,119.26,164.18,0.760908,-1,-1,-1
56,229,4425.90,788.27,61.27,96.30,0.764974,-1,-1,-1
56,210,2793.42,203.99,86.30,140.50,0.919904,-1,-1,-1
56,235,4198.05,1068.10,66.25,77.49,0.753713,-1,-1,-1
56,188,1112.65,1608.88,104.50,116.00,0.837766,-1,-1,-1
56,101,3834.05,2810.18,114.75,142.29,0.830375,-1,-1,-1
56,155,1340.62,426.63,134.33,174.19,0.835128,-1,-1,-1
56,432,2650.02,2817.49,94.69,92.63,0.595148,-1,-1,-1
56,368,3715.06,2723.76,105.53,129.68,0.713349,-1,-1,-1
56,156,1398.56,1436.43,132.06,131.80,0.876577,-1,-1,-1
56,304,975.56,815.64,110.48,173.77,0.774270,-1,-1,-1
56,107,3769.67,2194.12,102.07,139.66,0.750930,-1,-1,-1
56,339,4664.76,-0.01,67.64,88.65,0.713478,-1,-1,-1
56,136,2271.43,495.35,104.99,138.13,0.743892,-1,-1,-1
56,511,1247.60,910.15,153.98,159.55,0.777455,-1,-1,-1
56,505,1014.70,1056.80,165.96,183.78,0.934410,-1,-1,-1
56,549,2984.77,648.41,108.29,117.72,0.794421,-1,-1,-1
56,439,2601.72,276.78,114.80,138.79,0.823663,-1,-1,-1
56,166,2804.12,1556.91,114.99,141.83,0.837045,-1,-1,-1
56,241,3809.72,19.66,82.71,159.68,0.645015,-1,-1,-1
56,474,1151.84,449.19,109.64,121.68,0.767836,-1,-1,-1
56,105,2765.54,2031.95,123.73,106.76,0.658144,-1,-1,-1
56,563,1237.98,130.30,86.33,154.34,0.922782,-1,-1,-1
56,287,1532.05,1239.96,73.76,129.71,0.679525,-1,-1,-1
56,545,1028.84,0.01,64.23,63.88,0.667044,-1,-1,-1
56,329,4054.87,2395.53,80.81,99.24,0.738442,-1,-1,-1
56,334,3939.08,3294.93,81.97,113.18,0.757251,-1,-1,-1
56,361,2085.19,904.77,79.22,157.34,0.611260,-1,-1,-1
56,546,2010.13,650.90,110.09,143.56,0.698915,-1,-1,-1
56,185,2574.58,2950.98,70.16,97.53,0.696844,-1,-1,-1
56,577,1054.14,3237.80,92.14,112.21,0.636954,-1,-1,-1
56,121,1120.48,2461.61,76.97,138.01,0.712723,-1,-1,-1
56,51,3452.04,290.25,241.71,248.62,0.792387,-1,-1,-1
56,316,2577.82,3118.67,89.07,174.98,0.681480,-1,-1,-1
56,176,2888.09,1911.94,91.00,167.75,0.862008,-1,-1,-1
56,13,2853.89,2582.71,197.44,203.19,0.832758,-1,-1,-1
56,255,3023.70,1561.85,91.98,137.77,0.723988,-1,-1,-1
56,496,4067.90,271.67,105.59,154.28,0.592192,-1,-1,-1
56,74,1126.47,3146.52,92.72,99.03,0.581408,-1,-1,-1
56,580,2567.20,3446.28,73.46,76.47,0.680111,-1,-1,-1
56,326,4413.75,221.23,124.37,167.31,0.641822,-1,-1,-1
56,419,4418.06,412.35,76.92,139.40,0.838558,-1,-1,-1
56,171,4299.75,1889.20,55.62,94.07,0.635252,-1,-1,-1
56,179,2288.25,2526.36,79.60,112.50,0.612867,-1,-1,-1
56,477,3945.47,2729.73,80.49,128.81,0.733270,-1,-1,-1
56,542,4464.92,2463.32,83.54,138.77,0.823564,-1,-1,-1
56,37,1524.04,205.86,104.72,175.09,0.653577,-1,-1,-1
56,223,2969.78,2319.45,124.84,118.03,0.655323,-1,-1,-1
56,365,1388.51,1066.67,78.84,109.10,0.595966,-1,-1,-1
56,465,3812.44,1931.78,67.16,101.96,0.641237,-1,-1,-1
56,532,1182.51,2947.23,68.69,91.49,0.659043,-1,-1,-1
56,131,1193.53,1864.71,82.12,120.47,0.840207,-1,-1,-1
56,58,1222.16,2619.70,172.76,179.30,0.645896,-1,-1,-1
56,557,1267.12,1204.07,123.31,147.73,0.658101,-1,-1,-1
56,73,975.03,1530.57,109.11,138.76,0.688497,-1,-1,-1
56,239,3665.99,1099.13,112.27,133.37,0.584849,-1,-1,-1
56,39,1657.17,1613.87,223.84,192.73,0.644599,-1,-1,-1
56,531,4453.50,3045.70,80.41,181.46,0.749820,-1,-1,-1
56,48,1239.73,2237.16,154.31,182.48,0.628422,-1,-1,-1
56,445,3028.79,2472.12,78.70,100.32,0.668533,-1,-1,-1
56,451,1264.72,1807.88,99.73,154.54,0.616046,-1,-1,-1
56,431,1893.45,3342.74,183.86,164.46,0.581860,-1,-1,-1
56,548,3941.74,1332.67,93.79,127.28,0.592119,-1,-1,-1
56,540,3643.66,2404.06,69.83,131.00,0.633963,-1,-1,-1
56,52,1490.25,1003.75,120.00,164.73,0.750387,-1,-1,-1
56,403,2172.37,1910.36,121.98,168.75,0.597988,-1,-1,-1
56,367,3910.79,203.26,106.69,191.49,0.686678,-1,-1,-1
56,463,1024.35,1386.94,75.66,104.61,0.652125,-1,-1,-1
57,28,1843.38,982.04,285.78,230.60,0.756488,-1,-1,-1
57,33,1808.76,1897.30,236.14,213.05,0.984574,-1,-1,-1
57,42,1924.79,2254.52,133.15,157.11,0.822571,-1,-1,-1
57,50,1712.96,1301.00,126.05,135.58,0.887755,-1,-1,-1
57,65,1710.51,473.81,146.94,174.16,0.859853,-1,-1,-1
57,86,4283.52,1647.09,86.16,148.06,0.788523,-1,-1,-1
57,90,2072.84,2602.52,94.40,161.37,0.785662,-1,-1,-1
57,97,2162.00,1288.98,130.41,154.64,0.764820,-1,-1,-1
57,100,1122.85,890.71,96.03,147.94,0.871503,-1,-1,-1
57,109,1404.53,3030.64,75.05,89.50,0.782746,-1,-1,-1
57,112,1810.47,1013.50,116.08,145.56,0.790222,-1,-1,-1
57,69,1472.69,2528.31,123.66,145.54,0.890613,-1,-1,-1
57,71,1867.26,2593.10,115.31,145.65,0.874493,-1,-1,-1
57,75,1565.42,477.29,104.12,127.70,0.857363,-1,-1,-1
57,9,1989.04,1547.13,283.40,226.10,0.954360,-1,-1,-1
57,227,1699.82,3142.22,73.78,162.03,0.733215,-1,-1,-1
57,250,3231.76,793.84,89.81,108.24,0.806669,-1,-1,-1
57,8,2380.36,1891.42,101.61,190.78,0.756037,-1,-1,-1
57,116,3716.99,1367.81,111.39,126.89,0.739718,-1,-1,-1
57,53,2484.14,2132.58,150.62,212.40,0.796606,-1,-1,-1
57,230,4247.07,785.64,98.12,116.10,0.781602,-1,-1,-1
57,139,3374.31,2675.65,75.56,106.84,0.818656,-1,-1,-1
57,72,2200.12,671.69,120.97,171.01,0.857447,-1,-1,-1
57,83,1442.90,2064.40,124.79,153.86,0.935886,-1,-1,-1
57,87,3459.61,1640.33,116.86,177.22,0.894615,-1,-1,-1
57,85,4589.47,1255.98,121.09,140.77,0.920075,-1,-1,-1
57,44,2359.46,3106.60,233.95,213.73,0.663764,-1,-1,-1
57,96,1698.90,1917.28,100.34,119.70,0.891532,-1,-1,-1
57,420,3014.61,148.07,122.74,139.48,0.913190,-1,-1,-1
57,434,1630.44,1001.15,98.38,186.28,0.812715,-1,-1,-1
57,34,1781.28,722.40,141.54,194.20,0.696634,-1,-1,-1
57,122,2374.51,2181.98,107.10,154.11,0.820510,-1,-1,-1
57,455,2882.69,564.06,99.24,131.89,0.828875,-1,-1,-1
57,224,2576.67,1175.58,95.46,131.60,0.778842,-1,-1,-1
57,40,1087.99,602.09,152.11,189.94,0.679989,-1,-1,-1
57,272,4682.23,2428.47,87.63,81.72,0.583310,-1,-1,-1
57,234,1475.68,2303.13,116.29,138.99,0.910187,-1,-1,-1
57,446,4021.13,1908.71,139.62,114.86,0.835153,-1,-1,-1
57,187,3566.11,1795.26,111.11,106.11,0.713111,-1,-1,-1
57,1,2580.86,743.92,190.67,198.53,0.771607,-1,-1,-1
57,164,1847.80,1255.65,176.05,207.78,0.979917,-1,-1,-1
57,305,3563.84,2214.10,95.66,124.94,0.669601,-1,-1,-1
57,7,3692.90,648.26,223.56,248.29,0.734320,-1,-1,-1
57,138,1807.71,2875.85,116.07,159.95,0.591764,-1,-1,-1
57,229,4423.49,790.79,59.53,93.04,0.738767,-1,-1,-1
57,210,2793.90,205.41,85.83,139.27,0.928826,-1,-1,-1
57,235,4197.61,1068.31,66.81,77.65,0.776109,-1,-1,-1
57,188,1111.60,1607.22,105.76,118.37,0.732672,-1,-1,-1
57,101,3834.17,2810.05,114.82,142.61,0.845464,-1,-1,-1
57,155,1343.67,429.09,131.12,170.09,0.661305,-1,-1,-1
57,368,3718.56,2724.43,104.71,128.63,0.746585,-1,-1,-1
57,156,1396.17,1431.38,137.27,136.55,0.882268,-1,-1,-1
57,304,974.74,813.70,111.08,175.65,0.611098,-1,-1,-1
57,107,3768.29,2192.66,104.52,143.65,0.584840,-1,-1,-1
57,136,2270.18,495.02,105.83,140.07,0.634342,-1,-1,-1
57,505,1019.26,1057.07,164.99,183.36,0.735648,-1,-1,-1
57,549,2985.20,647.69,108.15,118.21,0.839359,-1,-1,-1
57,439,2606.48,275.13,108.27,131.47,0.861863,-1,-1,-1
57,166,2804.30,1556.20,116.07,142.91,0.923824,-1,-1,-1
57,474,1150.34,448.93,112.64,124.24,0.723673,-1,-1,-1
57,105,2762.78,2029.79,126.82,110.31,0.641219,-1,-1,-1
57,563,1238.94,131.96,85.43,152.53,0.898073,-1,-1,-1
57,545,1032.10,0.01,63.07,61.78,0.633015,-1,-1,-1
57,334,3934.93,3286.89,84.09,117.51,0.752095,-1,-1,-1
57,361,2086.39,904.97,76.12,152.10,0.697578,-1,-1,-1
57,546,2011.39,649.57,110.08,144.18,0.728198,-1,-1,-1
57,185,2573.22,2948.32,71.86,100.14,0.671738,-1,-1,-1
57,577,1053.76,3237.38,92.62,112.87,0.637443,-1,-1,-1
57,121,1118.49,2456.55,80.00,143.07,0.637659,-1,-1,-1
57,316,2574.44,3118.69,89.57,176.81,0.739216,-1,-1,-1
57,176,2890.99,1921.95,86.07,157.06,0.668383,-1,-1,-1
57,13,2852.31,2583.16,197.48,202.60,0.913307,-1,-1,-1
57,496,4069.93,273.92,100.46,146.44,0.612476,-1,-1,-1
57,326,4409.70,217.91,129.27,177.03,0.643899,-1,-1,-1
57,419,4420.96,425.81,70.16,127.23,0.607125,-1,-1,-1
57,171,4298.80,1889.34,56.05,92.45,0.641957,-1,-1,-1
57,179,2288.37,2529.06,76.78,108.86,0.643886,-1,-1,-1
57,477,3943.85,2731.21,76.82,123.05,0.653879,-1,-1,-1
57,542,4466.64,2465.72,81.83,134.80,0.630025,-1,-1,-1
57,37,1526.30,207.20,101.83,171.59,0.755924,-1,-1,-1
57,365,1388.01,1067.94,81.63,110.84,0.626281,-1,-1,-1
57,465,3814.68,1931.41,67.68,101.99,0.598660,-1,-1,-1
57,582,2053.35,2245.92,116.30,198.37,0.650996,-1,-1,-1
57,583,2161.83,528.65,102.83,113.49,0.787929,-1,-1,-1
57,532,1179.84,2945.59,70.81,93.10,0.615887,-1,-1,-1
57,58,1218.92,2619.98,174.58,179.54,0.664489,-1,-1,-1
57,531,4453.72,3047.53,79.86,180.02,0.772188,-1,-1,-1
57,540,3645.07,2406.18,68.49,127.60,0.744220,-1,-1,-1
57,52,1490.04,1005.47,119.98,165.45,0.712324,-1,-1,-1
57,463,1027.05,1388.61,71.82,100.68,0.626905,-1,-1,-1
57,408,1184.56,1189.26,104.04,114.94,0.751363,-1,-1,-1
57,341,3265.56,1444.70,113.44,121.67,0.580475,-1,-1,-1
57,140,3467.55,2425.29,100.83,89.82,0.645706,-1,-1,-1
57,95,1052.97,354.07,77.89,118.74,0.632142,-1,-1,-1
57,57,1384.00,2850.71,125.65,158.08,0.758532,-1,-1,-1
57,76,1359.02,1198.86,136.75,171.35,0.640376,-1,-1,-1
57,110,1475.54,91.67,74.71,103.48,0.590730,-1,-1,-1
57,522,3156.57,235.33,84.45,121.06,0.592836,-1,-1,-1
57,150,864.19,1174.09,79.83,140.42,0.880789,-1,-1,-1
57,115,996.31,2419.24,102.99,142.38,0.617347,-1,-1,-1
58,28,1848.33,982.37,281.98,230.10,0.792627,-1,-1,-1
58,33,1802.25,1890.53,244.34,221.10,0.977592,-1,-1,-1
58,42,1925.02,2254.16,132.91,157.29,0.796809,-1,-1,-1
58,50,1713.62,1300.83,127.36,136.42,0.950495,-1,-1,-1
58,65,1719.09,470.11,144.56,175.21,0.622590,-1,-1,-1
58,86,4286.75,1649.75,80.39,137.85,0.756280,-1,-1,-1
58,90,2072.73,2605.46,94.34,161.11,0.753855,-1,-1,-1
58,97,2162.42,1288.21,129.26,154.13,0.702161,-1,-1,-1
58,100,1123.96,890.99,95.13,145.57,0.878887,-1,-1,-1
58,109,1402.13,3031.13,75.26,89.63,0.778416,-1,-1,-1
58,112,1810.99,1012.67,115.73,145.40,0.763654,-1,-1,-1
58,69,1471.07,2525.66,126.12,148.92,0.895636,-1,-1,-1
58,71,1867.83,2593.32,114.67,144.83,0.891987,-1,-1,-1
58,75,1568.34,479.13,103.48,127.01,0.672449,-1,-1,-1
58,9,1989.42,1544.90,285.00,228.07,0.941466,-1,-1,-1
58,227,1694.24,3139.91,73.11,160.24,0.842055,-1,-1,-1
58,250,3231.99,794.60,89.13,107.36,0.730834,-1,-1,-1
58,8,2381.40,1892.58,100.20,188.87,0.773672,-1,-1,-1
58,116,3718.22,1367.18,112.57,128.33,0.696422,-1,-1,-1
58,53,2483.78,2132.00,150.97,212.95,0.718823,-1,-1,-1
58,230,4249.99,788.12,97.50,114.58,0.846835,-1,-1,-1
58,139,3373.97,2676.42,75.86,107.19,0.830295,-1,-1,-1
58,72,2204.42,670.86,119.74,168.79,0.910784,-1,-1,-1
58,83,1447.41,2064.49,123.83,150.43,0.966576,-1,-1,-1
58,87,3460.10,1640.88,116.42,177.38,0.862626,-1,-1,-1
58,85,4586.95,1254.57,120.94,141.32,0.914852,-1,-1,-1
58,44,2360.25,3106.73,232.07,212.55,0.710511,-1,-1,-1
58,96,1695.37,1922.89,93.29,112.86,0.888183,-1,-1,-1
58,420,3015.14,149.03,121.11,138.02,0.879340,-1,-1,-1
58,434,1630.24,1000.25,98.12,186.35,0.763501,-1,-1,-1
58,34,1784.00,722.89,140.88,193.38,0.720430,-1,-1,-1
58,122,2376.34,2182.32,105.63,152.12,0.804040,-1,-1,-1
58,455,2882.20,562.55,100.96,134.15,0.791297,-1,-1,-1
58,224,2576.29,1174.57,95.46,132.59,0.788473,-1,-1,-1
58,234,1476.67,2313.97,111.51,133.91,0.945557,-1,-1,-1
58,446,4019.75,1909.43,139.82,114.94,0.792421,-1,-1,-1
58,187,3566.38,1794.33,111.16,106.36,0.720362,-1,-1,-1
58,1,2579.97,745.02,189.30,197.34,0.833849,-1,-1,-1
58,164,1849.28,1256.03,175.10,206.54,0.980018,-1,-1,-1
58,305,3564.15,2213.42,95.35,124.82,0.692727,-1,-1,-1
58,7,3695.84,646.55,225.24,249.72,0.797576,-1,-1,-1
58,138,1805.62,2876.54,117.66,162.43,0.621445,-1,-1,-1
58,229,4426.00,785.19,64.45,100.32,0.798694,-1,-1,-1
58,210,2793.45,204.51,85.38,138.28,0.677972,-1,-1,-1
58,235,4197.23,1068.69,67.20,77.62,0.786124,-1,-1,-1
58,188,1110.53,1606.23,106.72,119.93,0.829252,-1,-1,-1
58,101,3835.87,2809.83,112.07,138.93,0.922688,-1,-1,-1
58,155,1344.32,429.84,130.54,169.51,0.683557,-1,-1,-1
58,368,3720.65,2725.50,103.98,127.46,0.772752,-1,-1,-1
58,156,1393.93,1430.96,137.58,136.75,0.912185,-1,-1,-1
58,304,984.61,814.03,103.22,160.78,0.861131,-1,-1,-1
58,107,3768.63,2193.55,103.67,142.89,0.682361,-1,-1,-1
58,136,2271.76,495.87,103.79,137.44,0.677568,-1,-1,-1
58,505,1019.64,1056.70,165.54,184.57,0.816592,-1,-1,-1
58,549,2987.40,647.07,106.71,117.16,0.826614,-1,-1,-1
58,439,2608.68,275.48,105.00,127.72,0.871989,-1,-1,-1
58,166,2805.18,1556.71,115.51,141.77,0.916704,-1,-1,-1
58,474,1151.99,449.82,113.56,124.92,0.650354,-1,-1,-1
58,563,1239.67,133.22,83.77,149.13,0.857009,-1,-1,-1
58,545,1033.90,0.01,64.69,62.16,0.658286,-1,-1,-1
58,334,3941.35,3295.44,78.27,109.11,0.685091,-1,-1,-1
58,361,2085.53,904.29,76.96,154.60,0.744501,-1,-1,-1
58,546,2011.38,649.07,110.03,144.64,0.729205,-1,-1,-1
58,185,2573.68,2946.90,72.76,101.42,0.741371,-1,-1,-1
58,121,1118.50,2455.55,80.56,143.21,0.811202,-1,-1,-1
58,316,2573.71,3120.71,87.78,174.86,0.667063,-1,-1,-1
58,176,2891.73,1924.48,85.05,153.86,0.701203,-1,-1,-1
58,13,2863.18,2582.88,194.10,201.41,0.879134,-1,-1,-1
58,496,4073.48,272.13,100.43,146.38,0.593542,-1,-1,-1
58,326,4412.39,214.41,128.64,178.25,0.604863,-1,-1,-1
58,542,4465.13,2446.76,88.81,147.06,0.581591,-1,-1,-1
58,365,1387.37,1068.64,81.38,109.22,0.580934,-1,-1,-1
58,465,3815.07,1929.29,69.56,104.56,0.728401,-1,-1,-1
58,582,2053.91,2245.56,117.17,199.87,0.747263,-1,-1,-1
58,583,2161.79,528.81,97.57,107.58,0.726714,-1,-1,-1
58,540,3648.32,2413.58,64.98,119.79,0.709010,-1,-1,-1
58,52,1490.06,1005.73,120.99,167.77,0.658310,-1,-1,-1
58,463,1027.57,1387.37,75.13,107.57,0.654118,-1,-1,-1
58,587,1225.27,2274.00,73.78,125.25,0.610020,-1,-1,-1
58,589,4193.53,1244.99,88.09,115.44,0.782456,-1,-1,-1
58,590,2451.03,2480.15,82.32,113.54,0.622169,-1,-1,-1
58,594,1530.63,1403.67,90.10,197.16,0.733151,-1,-1,-1
58,341,3265.11,1443.05,114.06,123.73,0.623028,-1,-1,-1
58,140,3467.30,2428.92,98.23,87.70,0.584020,-1,-1,-1
58,57,1382.81,2848.95,124.25,159.41,0.812220,-1,-1,-1
58,76,1362.73,1199.54,128.93,171.17,0.667949,-1,-1,-1
58,110,1480.19,89.53,74.91,104.66,0.682425,-1,-1,-1
58,150,864.63,1173.17,82.20,142.99,0.855742,-1,-1,-1
58,115,995.99,2420.45,101.27,141.46,0.599987,-1,-1,-1
58,426,4698.42,1204.67,131.17,105.94,0.895534,-1,-1,-1
58,337,3502.03,2526.18,108.08,119.48,0.655447,-1,-1,-1
58,262,4061.85,2765.77,69.58,94.74,0.709274,-1,-1,-1
58,493,3339.57,-0.01,75.41,72.31,0.785687,-1,-1,-1
58,495,3336.63,290.28,80.46,130.41,0.773055,-1,-1,-1
58,196,4041.96,2276.68,99.74,129.94,0.738205,-1,-1,-1
58,423,1595.54,1636.10,97.36,141.78,0.744628,-1,-1,-1
58,245,2682.54,1911.89,118.87,141.40,0.612037,-1,-1,-1
58,77,1595.87,2285.76,125.89,180.86,0.580391,-1,-1,-1
58,374,4425.74,920.84,70.44,95.75,0.731502,-1,-1,-1
58,163,3373.82,1390.43,72.51,106.42,0.646704,-1,-1,-1
58,201,1129.10,2254.93,97.22,140.26,0.722419,-1,-1,-1
58,511,1253.84,909.79,151.82,158.23,0.700690,-1,-1,-1
58,329,4054.93,2401.15,79.37,96.99,0.721405,-1,-1,-1
58,74,1129.25,3144.18,96.31,103.38,0.648577,-1,-1,-1
58,239,3668.50,1096.40,105.55,124.79,0.636132,-1,-1,-1
59,28,1855.08,982.65,277.24,229.13,0.631970,-1,-1,-1
59,33,1800.61,1888.01,246.59,223.61,0.981758,-1,-1,-1
59,42,1925.69,2254.34,132.14,156.69,0.770309,-1,-1,-1
59,50,1714.11,1300.24,128.46,137.09,0.955826,-1,-1,-1
59,65,1722.76,473.16,140.23,171.75,0.879049,-1,-1,-1
59,86,4287.51,1651.91,78.92,135.44,0.774527,-1,-1,-1
59,90,2072.38,2605.02,95.21,162.80,0.773597,-1,-1,-1
59,97,2162.95,1288.12,128.47,154.14,0.683985,-1,-1,-1
59,100,1124.51,891.42,95.67,144.98,0.874463,-1,-1,-1
59,109,1400.42,3030.81,77.30,92.83,0.856310,-1,-1,-1
59,112,1811.61,1013.04,114.74,144.20,0.794386,-1,-1,-1
59,69,1473.27,2527.24,124.30,146.91,0.908695,-1,-1,-1
59,71,1865.59,2592.33,116.10,147.15,0.878288,-1,-1,-1
59,75,1564.86,480.05,106.12,130.68,0.846282,-1,-1,-1
59,227,1694.53,3140.96,72.88,158.76,0.841172,-1,-1,-1
59,250,3232.55,794.99,88.97,107.04,0.767735,-1,-1,-1
59,8,2381.53,1893.50,99.96,188.94,0.780200,-1,-1,-1
59,116,3717.34,1366.40,113.22,129.61,0.702008,-1,-1,-1
59,53,2484.08,2132.51,150.45,212.29,0.767180,-1,-1,-1
59,230,4251.86,789.02,97.17,113.23,0.849786,-1,-1,-1
59,139,3374.22,2676.51,74.94,105.70,0.837627,-1,-1,-1
59,72,2202.96,671.78,117.12,165.78,0.909976,-1,-1,-1
59,83,1451.22,2064.57,124.64,149.53,0.963220,-1,-1,-1
59,87,3461.03,1641.76,115.31,176.23,0.850860,-1,-1,-1
59,85,4586.92,1254.84,120.63,141.05,0.937614,-1,-1,-1
59,44,2362.58,3106.44,231.04,212.40,0.715259,-1,-1,-1
59,96,1690.65,1926.60,87.83,107.60,0.782537,-1,-1,-1
59,420,3015.23,147.18,122.93,139.93,0.907270,-1,-1,-1
59,434,1630.15,1000.57,98.29,187.51,0.778048,-1,-1,-1
59,34,1785.42,722.12,141.13,194.03,0.734348,-1,-1,-1
59,122,2377.17,2182.38,104.85,151.07,0.821497,-1,-1,-1
59,455,2882.15,562.67,100.68,133.87,0.804770,-1,-1,-1
59,224,2576.24,1173.85,95.17,133.22,0.796838,-1,-1,-1
59,234,1476.53,2315.06,112.20,135.47,0.935612,-1,-1,-1
59,446,4020.12,1910.40,138.78,113.89,0.818229,-1,-1,-1
59,187,3565.86,1792.49,113.46,109.21,0.811028,-1,-1,-1
59,1,2579.87,744.18,189.83,198.19,0.912347,-1,-1,-1
59,164,1850.21,1255.77,175.17,206.51,0.974616,-1,-1,-1
59,305,3564.31,2213.81,94.58,124.04,0.648142,-1,-1,-1
59,7,3698.10,645.95,225.29,249.63,0.763892,-1,-1,-1
59,229,4426.65,781.18,68.35,106.52,0.769392,-1,-1,-1
59,210,2793.32,201.79,87.12,141.32,0.869409,-1,-1,-1
59,235,4197.00,1069.09,67.23,77.13,0.771849,-1,-1,-1
59,188,1111.14,1606.99,107.05,120.46,0.797252,-1,-1,-1
59,101,3836.29,2810.45,110.38,136.79,0.923278,-1,-1,-1
59,368,3721.53,2725.18,104.05,127.58,0.693638,-1,-1,-1
59,156,1394.02,1431.50,137.77,136.49,0.886570,-1,-1,-1
59,304,977.41,811.41,110.08,172.29,0.747177,-1,-1,-1
59,107,3769.14,2194.20,102.68,141.69,0.672993,-1,-1,-1
59,136,2271.95,497.73,103.18,136.88,0.649335,-1,-1,-1
59,505,1017.34,1056.51,165.63,184.32,0.939852,-1,-1,-1
59,549,2986.22,642.49,109.56,121.16,0.892186,-1,-1,-1
59,439,2608.47,275.36,103.64,126.33,0.853756,-1,-1,-1
59,166,2805.87,1556.99,115.18,140.83,0.928962,-1,-1,-1
59,474,1139.95,436.36,126.52,140.59,0.903488,-1,-1,-1
59,563,1219.61,140.29,82.03,138.49,0.841149,-1,-1,-1
59,334,3942.99,3295.72,76.85,107.44,0.721862,-1,-1,-1
59,361,2087.51,912.57,74.27,147.87,0.864308,-1,-1,-1
59,546,2012.61,648.46,110.14,145.28,0.747493,-1,-1,-1
59,185,2575.27,2947.85,71.80,99.69,0.730413,-1,-1,-1
59,121,1118.55,2455.03,81.34,144.47,0.584727,-1,-1,-1
59,316,2576.40,3121.33,86.40,169.81,0.671127,-1,-1,-1
59,176,2891.79,1926.08,84.76,152.03,0.700145,-1,-1,-1
59,13,2853.71,2581.57,197.19,202.95,0.785181,-1,-1,-1
59,496,4073.30,270.98,101.16,147.20,0.613590,-1,-1,-1
59,542,4467.07,2462.59,85.54,141.26,0.665666,-1,-1,-1
59,465,3814.66,1923.05,72.25,108.96,0.606224,-1,-1,-1
59,582,2054.11,2245.32,116.63,198.83,0.731179,-1,-1,-1
59,583,2161.54,529.27,101.46,111.87,0.664788,-1,-1,-1
59,540,3649.30,2416.96,64.32,117.85,0.665872,-1,-1,-1
59,52,1490.26,1005.79,120.23,166.91,0.697638,-1,-1,-1
59,463,1027.19,1383.45,73.05,105.81,0.651128,-1,-1,-1
59,589,4193.41,1245.03,87.42,114.54,0.685730,-1,-1,-1
59,590,2451.11,2479.70,82.12,113.35,0.649715,-1,-1,-1
59,76,1366.14,1200.36,122.55,169.76,0.683858,-1,-1,-1
59,110,1480.41,91.56,72.60,101.25,0.631009,-1,-1,-1
59,150,866.47,1173.15,83.96,143.35,0.883384,-1,-1,-1
59,595,1188.02,1374.99,88.81,140.57,0.757937,-1,-1,-1
59,596,2817.93,827.21,81.27,136.28,0.692403,-1,-1,-1
59,597,4039.75,860.09,95.42,150.68,0.764630,-1,-1,-1
59,598,1230.89,311.10,78.72,121.96,0.764035,-1,-1,-1
59,337,3505.33,2527.26,103.95,118.10,0.646784,-1,-1,-1
59,196,4043.13,2276.71,96.54,125.75,0.602862,-1,-1,-1
59,201,1130.73,2256.72,96.91,139.75,0.803868,-1,-1,-1
59,329,4054.39,2395.55,82.39,100.72,0.851506,-1,-1,-1
59,74,1125.88,3146.28,93.76,102.07,0.607992,-1,-1,-1
59,239,3673.55,1097.63,101.27,120.07,0.627306,-1,-1,-1
59,478,3565.92,1178.57,99.07,113.93,0.629120,-1,-1,-1
59,106,4737.48,182.55,126.66,142.61,0.663320,-1,-1,-1
59,200,4659.80,122.79,74.66,76.62,0.582892,-1,-1,-1
59,10,2962.91,2239.91,283.86,224.12,0.684082,-1,-1,-1
59,510,1229.51,2444.69,82.06,148.23,0.742725,-1,-1,-1
59,35,1608.36,1402.85,132.67,195.81,0.711993,-1,-1,-1
59,339,4662.23,0.04,67.57,87.97,0.714056,-1,-1,-1
59,241,3816.16,15.40,80.53,157.52,0.688059,-1,-1,-1
59,287,1526.31,1243.87,78.75,139.64,0.580559,-1,-1,-1
59,131,1192.46,1862.60,84.02,125.18,0.809387,-1,-1,-1
59,445,3022.22,2449.15,93.63,122.20,0.805175,-1,-1,-1
59,451,1266.94,1802.51,100.01,156.67,0.604761,-1,-1,-1
59,367,3909.39,201.45,118.12,206.62,0.900512,-1,-1,-1
59,40,1086.60,599.24,151.65,190.64,0.862721,-1,-1,-1
59,577,1052.47,3239.55,91.35,111.33,0.581295,-1,-1,-1
59,171,4296.44,1886.38,60.74,99.39,0.676891,-1,-1,-1
59,37,1526.43,207.86,100.36,169.90,0.741726,-1,-1,-1
59,408,1183.31,1191.31,103.91,117.14,0.659901,-1,-1,-1
59,522,3151.60,220.22,93.44,133.99,0.626250,-1,-1,-1
60,28,1856.05,982.91,273.47,228.73,0.635724,-1,-1,-1
60,33,1801.39,1886.95,246.65,224.41,0.970758,-1,-1,-1
60,42,1925.32,2253.27,132.83,157.97,0.799909,-1,-1,-1
60,50,1714.90,1299.99,128.47,136.66,0.956439,-1,-1,-1
60,65,1719.55,472.37,143.22,172.01,0.981679,-1,-1,-1
60,86,4284.37,1648.65,85.12,147.91,0.735841,-1,-1,-1
60,90,2073.13,2606.75,92.31,157.43,0.813217,-1,-1,-1
60,97,2162.80,1286.50,128.37,155.22,0.663124,-1,-1,-1
60,100,1124.92,891.94,96.21,144.62,0.854870,-1,-1,-1
60,109,1400.32,3030.12,76.04,91.75,0.792165,-1,-1,-1
60,112,1811.93,1011.88,114.84,144.50,0.691935,-1,-1,-1
60,69,1473.00,2525.90,124.93,147.94,0.909972,-1,-1,-1
60,71,1865.04,2591.53,115.28,146.39,0.891841,-1,-1,-1
60,75,1567.56,484.22,102.85,126.84,0.879360,-1,-1,-1
60,227,1698.38,3136.85,78.59,172.51,0.648481,-1,-1,-1
60,250,3232.75,794.97,89.08,106.94,0.756605,-1,-1,-1
60,8,2380.42,1892.96,101.49,192.66,0.779715,-1,-1,-1
60,116,3717.42,1365.46,113.61,130.52,0.642189,-1,-1,-1
60,53,2483.56,2132.22,150.86,212.83,0.776958,-1,-1,-1
60,230,4252.89,789.08,97.75,113.16,0.818732,-1,-1,-1
60,139,3374.83,2677.28,73.51,103.64,0.798977,-1,-1,-1
60,72,2206.12,670.21,117.71,166.04,0.905714,-1,-1,-1
60,83,1452.00,2063.49,125.97,149.29,0.973007,-1,-1,-1
60,87,3461.73,1642.31,113.97,174.63,0.846308,-1,-1,-1
60,85,4586.33,1254.01,120.17,141.23,0.916741,-1,-1,-1
60,44,2360.09,3105.84,234.03,214.77,0.819458,-1,-1,-1
60,96,1692.75,1927.09,87.91,109.00,0.881607,-1,-1,-1
60,420,3023.51,157.26,111.06,127.92,0.632642,-1,-1,-1
60,434,1630.93,999.93,98.27,188.66,0.746674,-1,-1,-1
60,34,1783.12,722.20,141.47,193.76,0.718305,-1,-1,-1
60,122,2377.06,2183.24,105.30,151.94,0.831428,-1,-1,-1
60,455,2882.81,563.91,100.02,132.46,0.816776,-1,-1,-1
60,224,2575.83,1172.62,94.87,134.00,0.806738,-1,-1,-1
60,234,1476.27,2314.79,112.36,136.24,0.945545,-1,-1,-1
60,446,4019.68,1910.20,139.07,113.99,0.763293,-1,-1,-1
60,187,3568.93,1797.44,106.92,102.70,0.735534,-1,-1,-1
60,1,2582.01,744.15,188.90,198.11,0.880727,-1,-1,-1
60,164,1850.40,1255.45,175.39,206.64,0.974122,-1,-1,-1
60,305,3564.62,2214.20,93.94,123.35,0.666209,-1,-1,-1
60,7,3699.75,645.60,225.34,249.88,0.629207,-1,-1,-1
60,229,4428.28,777.73,67.91,105.48,0.795320,-1,-1,-1
60,210,2794.13,203.82,86.99,140.48,0.918984,-1,-1,-1
60,235,4196.57,1069.22,67.96,77.53,0.773519,-1,-1,-1
60,188,1125.52,1605.04,106.32,123.24,0.673316,-1,-1,-1
60,101,3837.13,2809.87,110.55,136.79,0.922406,-1,-1,-1
60,368,3721.34,2724.78,104.59,128.23,0.714918,-1,-1,-1
60,156,1394.05,1431.76,138.09,136.38,0.902166,-1,-1,-1
60,304,983.81,812.52,104.60,161.72,0.819999,-1,-1,-1
60,107,3768.99,2194.24,102.78,142.07,0.683826,-1,-1,-1
60,136,2271.84,496.65,102.11,135.74,0.698776,-1,-1,-1
60,505,1016.50,1057.30,166.52,184.95,0.774947,-1,-1,-1
60,549,2985.34,642.15,110.26,122.61,0.865951,-1,-1,-1
60,439,2609.31,275.81,102.56,124.83,0.871139,-1,-1,-1
60,166,2805.02,1556.01,116.23,141.85,0.923046,-1,-1,-1
60,474,1149.28,445.90,117.80,130.05,0.633585,-1,-1,-1
60,563,1232.17,130.56,88.79,150.42,0.638074,-1,-1,-1
60,334,3944.62,3298.83,73.57,102.37,0.705666,-1,-1,-1
60,361,2086.08,909.47,75.40,150.47,0.834412,-1,-1,-1
60,546,2012.76,647.99,110.07,145.77,0.741057,-1,-1,-1
60,316,2580.55,3122.82,85.83,166.28,0.647295,-1,-1,-1
60,176,2891.03,1924.41,86.23,153.81,0.713125,-1,-1,-1
60,13,2862.91,2580.97,195.15,203.49,0.823225,-1,-1,-1
60,582,2054.24,2245.76,116.53,198.57,0.808112,-1,-1,-1
60,583,2158.98,528.68,99.12,109.10,0.611200,-1,-1,-1
60,540,3649.66,2418.34,64.09,116.86,0.611776,-1,-1,-1
60,52,1490.33,1005.69,119.12,165.12,0.618437,-1,-1,-1
60,463,1025.12,1380.50,74.58,109.43,0.675364,-1,-1,-1
60,590,2452.11,2481.38,78.71,108.68,0.618450,-1,-1,-1
60,76,1367.29,1200.41,119.23,169.80,0.621537,-1,-1,-1
60,150,865.39,1173.33,84.98,142.75,0.900873,-1,-1,-1
60,596,2817.66,825.64,81.83,137.23,0.673653,-1,-1,-1
60,597,4039.14,857.28,96.32,152.05,0.842812,-1,-1,-1
60,598,1236.85,321.00,81.94,126.66,0.672500,-1,-1,-1
60,337,3507.55,2528.75,100.88,116.87,0.697331,-1,-1,-1
60,201,1135.27,2253.75,95.43,138.84,0.713601,-1,-1,-1
60,329,4054.81,2394.77,81.52,99.43,0.783562,-1,-1,-1
60,74,1127.67,3144.52,94.58,103.35,0.679603,-1,-1,-1
60,239,3674.30,1098.14,101.88,121.64,0.596321,-1,-1,-1
60,604,3940.22,2291.20,72.69,100.17,0.638768,-1,-1,-1
60,607,3953.96,443.86,75.89,149.16,0.675358,-1,-1,-1
60,608,1636.97,2507.00,81.33,110.13,0.633920,-1,-1,-1
60,609,3648.60,1000.28,70.28,109.28,0.598979,-1,-1,-1
60,612,2487.68,972.81,76.33,110.45,0.637236,-1,-1,-1
60,478,3565.93,1178.49,98.98,114.11,0.604637,-1,-1,-1
60,106,4734.53,184.93,124.49,139.97,0.719870,-1,-1,-1
60,35,1607.89,1402.68,130.73,194.47,0.608408,-1,-1,-1
60,339,4659.44,0.05,70.11,91.16,0.712038,-1,-1,-1
60,241,3817.75,16.77,78.79,155.34,0.687767,-1,-1,-1
60,287,1525.97,1241.98,79.46,142.22,0.685183,-1,-1,-1
60,367,3912.09,201.37,120.86,207.82,0.775536,-1,-1,-1
60,40,1084.95,600.49,153.11,190.16,0.765097,-1,-1,-1
60,577,1052.91,3240.67,90.52,110.27,0.630896,-1,-1,-1
60,458,3761.00,645.28,100.18,97.70,0.600256,-1,-1,-1
60,310,4064.36,2874.52,73.46,85.02,0.611301,-1,-1,-1
60,385,3567.35,285.77,88.46,160.38,0.615676,-1,-1,-1
60,68,978.09,2195.48,111.31,143.68,0.723259,-1,-1,-1
60,418,4464.89,2614.08,85.92,117.96,0.743639,-1,-1,-1
60,63,1219.35,1557.65,218.43,207.31,0.846707,-1,-1,-1
60,78,1448.25,705.14,145.61,173.03,0.589399,-1,-1,-1
60,255,3023.50,1547.30,87.26,130.67,0.642258,-1,-1,-1
60,155,1344.09,429.74,131.25,170.42,0.607597,-1,-1,-1
60,587,1223.29,2268.31,77.84,132.27,0.588013,-1,-1,-1
60,594,1530.91,1403.24,90.62,198.14,0.586466,-1,-1,-1
60,57,1383.54,2852.97,119.69,156.13,0.666049,-1,-1,-1
60,115,998.11,2420.34,100.23,139.84,0.675775,-1,-1,-1
60,426,4699.45,1204.75,129.13,105.99,0.896720,-1,-1,-1
60,262,4061.45,2766.29,69.74,95.06,0.695577,-1,-1,-1
60,493,3339.13,-0.01,75.53,72.70,0.782512,-1,-1,-1
60,495,3337.43,291.53,78.30,129.81,0.825251,-1,-1,-1
60,423,1602.71,1636.79,96.55,141.87,0.762507,-1,-1,-1
60,374,4430.35,923.22,68.83,92.54,0.628251,-1,-1,-1
61,28,1851.46,982.44,273.01,229.65,0.648540,-1,-1,-1
61,33,1801.72,1886.12,246.69,225.02,0.974322,-1,-1,-1
61,42,1924.59,2252.07,133.12,158.90,0.762692,-1,-1,-1
61,50,1715.99,1299.67,130.03,138.33,0.956505,-1,-1,-1
61,65,1722.32,469.63,141.52,173.93,0.665834,-1,-1,-1
61,86,4286.50,1650.08,81.75,142.29,0.773382,-1,-1,-1
61,90,2073.96,2607.46,91.43,155.17,0.828867,-1,-1,-1
61,97,2163.13,1286.65,127.37,155.15,0.701094,-1,-1,-1
61,100,1125.71,891.96,94.79,141.88,0.899996,-1,-1,-1
61,109,1400.32,3030.12,75.47,91.70,0.774156,-1,-1,-1
61,112,1812.41,1012.00,114.57,144.24,0.716328,-1,-1,-1
61,69,1472.79,2525.86,124.55,147.67,0.894549,-1,-1,-1
61,71,1863.22,2591.36,118.79,151.67,0.887049,-1,-1,-1
61,75,1568.78,481.48,103.61,128.20,0.624985,-1,-1,-1
61,227,1696.38,3137.73,78.26,169.81,0.815874,-1,-1,-1
61,250,3233.03,795.10,88.82,106.37,0.708312,-1,-1,-1
61,8,2378.70,1891.75,103.42,197.20,0.772946,-1,-1,-1
61,116,3717.03,1365.25,113.04,130.25,0.601078,-1,-1,-1
61,53,2483.75,2131.11,151.52,213.97,0.766061,-1,-1,-1
61,230,4253.02,789.71,97.80,112.43,0.843615,-1,-1,-1
61,139,3373.96,2677.41,73.47,103.17,0.805900,-1,-1,-1
61,72,2206.79,668.46,118.79,166.95,0.866876,-1,-1,-1
61,83,1450.79,2063.14,127.73,149.41,0.975589,-1,-1,-1
61,87,3460.77,1640.57,114.77,176.72,0.897674,-1,-1,-1
61,85,4588.50,1256.69,117.93,138.24,0.932971,-1,-1,-1
61,44,2359.36,3105.79,235.20,216.03,0.859339,-1,-1,-1
61,96,1693.50,1927.59,86.43,108.68,0.858970,-1,-1,-1
61,420,3018.51,150.24,118.55,136.14,0.917198,-1,-1,-1
61,434,1630.78,1000.42,97.04,186.63,0.761315,-1,-1,-1
61,34,1780.94,722.26,142.34,193.75,0.682035,-1,-1,-1
61,122,2376.32,2182.29,106.18,153.44,0.859879,-1,-1,-1
61,455,2882.93,564.86,98.85,130.48,0.789306,-1,-1,-1
61,224,2574.97,1171.52,94.75,135.39,0.789593,-1,-1,-1
61,234,1476.45,2314.38,113.30,138.29,0.941391,-1,-1,-1
61,446,4020.14,1910.23,139.09,114.07,0.838861,-1,-1,-1
61,187,3568.80,1798.76,105.92,101.50,0.704824,-1,-1,-1
61,1,2584.84,743.22,188.14,198.55,0.924329,-1,-1,-1
61,164,1850.45,1255.10,175.72,207.00,0.977503,-1,-1,-1
61,305,3565.47,2214.23,93.70,122.84,0.725214,-1,-1,-1
61,7,3700.43,645.14,225.41,250.22,0.615777,-1,-1,-1
61,229,4429.47,779.56,67.49,104.48,0.806596,-1,-1,-1
61,210,2794.34,205.00,86.21,139.18,0.913556,-1,-1,-1
61,235,4195.73,1069.05,69.51,78.80,0.805721,-1,-1,-1
61,188,1132.02,1603.12,104.95,125.29,0.707705,-1,-1,-1
61,101,3836.62,2808.87,112.29,139.02,0.936276,-1,-1,-1
61,368,3720.67,2725.08,104.59,128.20,0.767750,-1,-1,-1
61,156,1391.77,1428.22,140.90,139.57,0.905727,-1,-1,-1
61,304,987.51,813.71,102.23,156.32,0.804923,-1,-1,-1
61,107,3770.15,2195.54,101.34,140.10,0.744154,-1,-1,-1
61,136,2272.14,498.05,100.53,133.84,0.664635,-1,-1,-1
61,505,1015.38,1057.06,166.72,184.70,0.870532,-1,-1,-1
61,549,2985.88,641.56,110.57,123.43,0.881688,-1,-1,-1
61,439,2609.19,275.65,103.04,124.79,0.874672,-1,-1,-1
61,166,2804.76,1555.80,116.15,141.46,0.917198,-1,-1,-1
61,474,1153.39,449.71,114.46,125.61,0.718600,-1,-1,-1
61,334,3945.09,3299.55,72.91,101.06,0.697213,-1,-1,-1
61,361,2085.66,907.23,74.91,149.93,0.811143,-1,-1,-1
61,546,2012.29,646.68,110.45,146.78,0.770681,-1,-1,-1
61,316,2579.21,3122.09,86.96,166.73,0.620572,-1,-1,-1
61,176,2892.24,1927.82,85.22,150.88,0.681036,-1,-1,-1
61,13,2874.26,2581.42,191.03,203.53,0.830509,-1,-1,-1
61,582,2054.73,2247.12,115.98,197.26,0.876715,-1,-1,-1
61,583,2154.64,528.83,100.50,110.29,0.711151,-1,-1,-1
61,463,1027.98,1382.30,70.84,104.90,0.643209,-1,-1,-1
61,590,2454.63,2483.74,72.42,99.87,0.606773,-1,-1,-1
61,76,1367.86,1199.66,117.12,171.73,0.609350,-1,-1,-1
61,150,863.38,1174.12,84.39,141.61,0.902102,-1,-1,-1
61,597,4038.91,855.52,96.63,152.41,0.818884,-1,-1,-1
61,337,3509.18,2527.57,100.50,118.55,0.645651,-1,-1,-1
61,201,1136.39,2253.74,94.49,138.95,0.727542,-1,-1,-1
61,329,4054.74,2400.84,79.28,95.87,0.732961,-1,-1,-1
61,74,1129.06,3143.90,94.49,103.45,0.667320,-1,-1,-1
61,604,3941.31,2293.97,70.94,97.83,0.622271,-1,-1,-1
61,612,2487.33,971.97,77.05,111.55,0.687309,-1,-1,-1
61,478,3565.32,1177.39,100.13,115.79,0.673445,-1,-1,-1
61,106,4726.77,183.63,129.66,145.72,0.620531,-1,-1,-1
61,35,1607.88,1403.68,128.49,192.12,0.659447,-1,-1,-1
61,339,4657.73,0.05,71.95,93.61,0.692039,-1,-1,-1
61,241,3815.65,16.85,77.61,153.79,0.647817,-1,-1,-1
61,367,3921.39,201.58,117.75,201.61,0.651219,-1,-1,-1
61,40,1083.91,600.49,153.63,190.09,0.762751,-1,-1,-1
61,577,1053.90,3241.45,89.85,109.26,0.650996,-1,-1,-1
61,614,3279.43,1886.88,140.62,181.05,0.686874,-1,-1,-1
61,615,3946.12,2406.39,68.07,95.22,0.635837,-1,-1,-1
61,458,3760.43,644.80,100.68,98.02,0.590574,-1,-1,-1
61,255,3022.56,1543.75,87.65,131.78,0.593135,-1,-1,-1
61,155,1343.03,427.75,132.27,172.18,0.722086,-1,-1,-1
61,587,1224.06,2268.64,77.62,131.97,0.667899,-1,-1,-1
61,57,1382.74,2844.26,125.37,166.73,0.835097,-1,-1,-1
61,423,1602.01,1635.47,96.62,142.71,0.739465,-1,-1,-1
61,149,3444.81,299.43,103.17,133.80,0.620371,-1,-1,-1
61,321,1660.50,2079.26,148.67,163.03,0.679951,-1,-1,-1
61,391,851.90,1347.97,83.12,155.83,0.585209,-1,-1,-1
61,437,838.36,2382.31,67.41,156.33,0.598173,-1,-1,-1
61,272,4684.11,2429.13,87.79,82.59,0.601829,-1,-1,-1
61,419,4419.18,413.61,85.95,161.25,0.674238,-1,-1,-1
61,326,4410.29,214.45,131.09,185.76,0.692314,-1,-1,-1
61,163,3371.64,1380.97,79.53,116.14,0.705979,-1,-1,-1
61,511,1241.87,905.36,149.80,160.90,0.811228,-1,-1,-1
61,185,2573.63,2943.43,73.91,102.62,0.644988,-1,-1,-1
61,121,1118.84,2458.97,79.16,139.69,0.651777,-1,-1,-1
61,542,4465.66,2456.92,82.79,133.90,0.639369,-1,-1,-1
61,589,4192.11,1245.73,91.30,119.66,0.747771,-1,-1,-1
61,110,1482.61,93.85,75.94,107.36,0.694050,-1,-1,-1
61,196,4038.25,2276.23,100.39,130.15,0.784035,-1,-1,-1
61,171,4295.60,1886.77,61.16,98.98,0.703228,-1,-1,-1
61,37,1526.20,204.17,101.91,174.41,0.583146,-1,-1,-1
